цена,жилая_площадь,площадь_1_этажа,площадь_2_этажа,площадь_подвала,площадь_участка,длина_фасада,качество_отделки,состояние,год_постройки,год_ремонта,год_продажи,мест_в_гараже,площадь_гаража,санузлов,комнат,каминов,район,тип_застройки,качество_кухни,кондиционер,тип_сделки
208500,158.9,79.5,79.3,79.5,785.0,19.8,7,5,2003,2003,2008,2,50.9,2,8,0,CollgCr,жилая малоэтажная,хорошее,есть,обычная
181500,117.2,117.2,0.0,117.2,891.9,24.4,6,8,1976,1976,2007,2,42.7,2,6,1,Veenker,жилая малоэтажная,среднее,есть,обычная
223500,165.9,85.5,80.5,85.5,1045.2,20.7,7,5,2001,2002,2008,2,56.5,2,6,1,CollgCr,жилая малоэтажная,хорошее,есть,обычная
140000,159.5,89.3,70.2,70.2,887.2,18.3,7,5,1915,1970,2006,3,59.6,1,7,1,Crawfor,жилая малоэтажная,хорошее,есть,нетипичная
250000,204.2,106.4,97.8,106.4,1324.8,25.6,8,5,2000,2000,2008,3,77.7,2,9,1,NoRidge,жилая малоэтажная,хорошее,есть,обычная
143000,126.5,74.0,52.6,74.0,1311.3,25.9,5,5,1993,1995,2009,2,44.6,1,5,0,Mitchel,жилая малоэтажная,среднее,есть,обычная
307000,157.4,157.4,0.0,156.6,936.8,22.9,8,5,2004,2005,2007,2,59.1,2,7,1,Somerst,жилая малоэтажная,хорошее,есть,обычная
200000,194.2,102.8,91.3,102.8,964.5,,7,6,1973,1973,2009,2,45.0,2,7,2,NWAmes,жилая малоэтажная,среднее,есть,обычная
129900,164.8,94.9,69.9,88.4,568.6,15.5,7,5,1931,1950,2008,2,43.5,2,8,2,OldTown,жилая многоквартирная,среднее,есть,нетипичная
118000,100.1,100.1,0.0,92.1,689.3,15.2,5,6,1939,1950,2008,1,19.0,1,5,2,BrkSide,жилая малоэтажная,среднее,есть,обычная
129500,96.6,96.6,0.0,96.6,1040.5,21.3,5,5,1965,1965,2008,1,35.7,1,5,0,Sawyer,жилая малоэтажная,среднее,есть,обычная
345000,215.9,109.8,106.1,109.2,1107.8,25.9,9,5,2005,2006,2006,3,68.4,3,11,2,NridgHt,жилая малоэтажная,отличное,есть,дом ещё строился
144000,84.7,84.7,0.0,84.7,1204.8,,5,6,1962,1962,2008,1,32.7,1,4,0,Sawyer,жилая малоэтажная,среднее,есть,обычная
279500,138.8,138.8,0.0,138.8,989.6,27.7,7,5,2006,2007,2007,3,78.0,2,7,1,CollgCr,жилая малоэтажная,хорошее,есть,дом ещё строился
157000,116.4,116.4,0.0,116.4,1014.5,,6,5,1960,1960,2008,1,32.7,1,5,1,NAmes,жилая малоэтажная,среднее,есть,обычная
132000,79.3,79.3,0.0,77.3,568.6,15.5,7,8,1929,2001,2007,2,53.5,1,5,0,BrkSide,жилая многоквартирная,среднее,есть,обычная
149000,93.3,93.3,0.0,93.3,1044.3,,6,7,1970,1970,2010,2,44.6,1,5,1,NAmes,жилая малоэтажная,среднее,есть,обычная
90000,120.4,120.4,0.0,0.0,1002.5,21.9,4,5,1967,1967,2006,2,47.9,2,6,0,Sawyer,жилая малоэтажная,среднее,есть,обычная
159000,103.5,103.5,0.0,103.5,1272.3,20.1,5,5,2004,2004,2008,2,53.5,1,6,0,SawyerW,жилая малоэтажная,хорошее,есть,обычная
139000,124.4,124.4,0.0,95.6,702.3,21.3,5,6,1958,1965,2009,1,27.3,1,6,0,NAmes,жилая малоэтажная,среднее,есть,нетипичная
325300,220.7,107.6,113.2,107.6,1320.6,30.8,8,5,2005,2006,2006,3,79.2,3,9,1,NridgHt,жилая малоэтажная,хорошее,есть,дом ещё строился
139400,102.9,102.9,0.0,59.2,692.0,17.4,7,7,1930,1950,2007,1,26.0,1,6,1,IDOTRR,жилая многоквартирная,хорошее,есть,обычная
230000,166.8,166.8,0.0,165.1,905.1,22.9,8,5,2002,2002,2008,2,49.6,2,7,1,CollgCr,жилая малоэтажная,хорошее,есть,обычная
129900,98.5,98.5,0.0,96.6,392.4,13.4,5,7,1976,1976,2007,2,53.1,1,6,1,MeadowV,жилая многоквартирная,среднее,есть,обычная
154000,98.5,98.5,0.0,98.5,766.1,,5,8,1968,2001,2010,1,25.1,1,6,1,Sawyer,жилая малоэтажная,хорошее,есть,обычная
256300,148.6,148.6,0.0,145.5,1322.0,33.5,8,5,2007,2007,2009,3,82.7,2,7,1,NridgHt,жилая малоэтажная,хорошее,есть,обычная
134800,83.6,83.6,0.0,83.6,668.9,18.3,5,7,1951,2000,2010,2,53.5,1,5,0,NAmes,жилая малоэтажная,хорошее,есть,обычная
306000,158.3,158.3,0.0,158.3,1066.3,29.9,8,5,2007,2008,2010,3,71.7,2,7,1,NridgHt,жилая малоэтажная,хорошее,есть,обычная
207500,148.6,148.6,0.0,137.9,1516.3,14.3,5,6,1957,1997,2006,1,29.6,1,6,2,NAmes,жилая малоэтажная,среднее,есть,обычная
68500,48.3,48.3,0.0,48.3,587.5,18.3,4,6,1927,1950,2008,1,22.3,1,4,0,BrkSide,жилая многоквартирная,ниже среднего,нет,обычная
40000,122.4,60.3,62.1,60.3,789.7,15.2,4,4,1920,1950,2008,1,23.2,1,6,0,IDOTRR,коммерческая,среднее,нет,обычная
149350,114.1,114.1,0.0,114.1,793.8,,5,6,1966,2006,2008,1,25.2,1,6,0,Sawyer,жилая малоэтажная,хорошее,есть,обычная
179900,114.6,114.6,0.0,114.6,1026.5,25.9,8,5,2007,2007,2008,2,45.0,2,7,0,CollgCr,жилая малоэтажная,хорошее,есть,обычная
165500,157.9,157.9,0.0,129.9,980.3,21.3,5,5,1959,1959,2010,2,41.5,1,6,1,NAmes,жилая малоэтажная,хорошее,есть,обычная
277500,145.0,145.0,0.0,145.0,679.4,18.3,9,5,2005,2005,2007,2,51.7,2,6,1,NridgHt,жилая малоэтажная,отличное,есть,обычная
309000,227.8,105.2,122.6,103.8,1246.6,32.9,8,5,2004,2005,2006,3,64.2,3,9,1,NridgHt,жилая малоэтажная,хорошее,есть,обычная
145000,101.9,101.9,0.0,101.9,1008.8,34.1,5,5,1994,1995,2009,2,62.4,1,6,0,CollgCr,жилая малоэтажная,среднее,есть,обычная
153000,120.5,120.5,0.0,120.5,792.6,22.6,5,6,1954,1990,2009,2,46.3,1,5,1,NAmes,жилая малоэтажная,среднее,есть,обычная
109000,98.2,98.2,0.0,98.2,736.0,20.7,5,7,1953,2007,2010,1,22.9,1,5,0,NAmes,жилая малоэтажная,хорошее,есть,нетипичная
82000,107.0,107.0,0.0,0.0,561.1,19.8,4,5,1955,1955,2008,0,0.0,2,6,0,Edwards,жилая малоэтажная,ниже среднего,нет,вместе с участком
160000,123.0,123.0,0.0,101.1,804.4,25.6,6,5,1965,1965,2006,2,40.9,2,6,1,NAmes,жилая малоэтажная,среднее,есть,нетипичная
170000,123.4,123.4,0.0,125.4,1570.5,35.1,5,6,1959,1959,2007,1,28.6,1,5,2,Timber,жилая малоэтажная,среднее,есть,обычная
144000,82.1,82.1,0.0,78.0,852.8,,5,7,1983,1983,2007,2,46.8,1,5,0,SawyerW,жилая малоэтажная,хорошее,есть,обычная
130250,87.1,87.1,0.0,87.1,854.7,,5,6,1975,1980,2008,1,28.6,1,5,0,CollgCr,жилая малоэтажная,среднее,есть,обычная
141000,106.8,106.8,0.0,106.8,738.1,21.3,5,6,1959,1959,2006,1,27.9,1,6,0,NAmes,жилая малоэтажная,среднее,есть,обычная
319900,162.8,162.8,0.0,162.8,711.5,18.6,9,5,2005,2005,2010,2,53.5,2,6,1,NridgHt,жилая малоэтажная,отличное,есть,обычная
239686,199.6,141.0,58.6,133.2,1191.2,14.6,7,5,2003,2003,2009,2,62.2,1,6,1,Mitchel,жилая малоэтажная,хорошее,есть,нетипичная
249700,153.8,153.8,0.0,153.8,1030.9,25.6,8,5,2006,2006,2007,3,76.7,2,7,0,Somerst,посёлок,хорошее,есть,обычная
113000,134.9,68.4,66.5,68.4,414.0,10.1,4,5,1920,2008,2009,0,0.0,2,8,0,OldTown,жилая многоквартирная,среднее,есть,дом ещё строился
127000,88.7,88.7,0.0,88.7,719.3,20.1,5,7,1966,1966,2007,1,35.9,1,6,0,Sawyer,жилая малоэтажная,среднее,есть,обычная
177000,136.6,73.8,62.8,73.8,1288.5,,6,6,1997,1997,2007,2,36.0,2,6,0,Gilbert,жилая малоэтажная,среднее,есть,обычная
114500,109.3,75.8,0.0,75.8,579.7,15.8,6,6,1934,1950,2006,2,49.1,1,6,1,BrkSide,жилая многоквартирная,среднее,есть,обычная
110000,75.8,75.8,0.0,75.8,787.1,33.5,5,5,1963,1963,2010,2,47.9,1,5,0,IDOTRR,жилая многоквартирная,среднее,нет,обычная
385000,171.1,171.1,0.0,171.1,4670.3,20.7,9,5,1981,1987,2006,3,83.1,0,5,1,Veenker,жилая малоэтажная,хорошее,есть,обычная
130000,126.3,126.3,0.0,35.7,662.8,18.3,5,5,1955,1955,2007,2,53.1,1,6,1,NAmes,жилая малоэтажная,среднее,есть,обычная
180500,132.4,132.4,0.0,132.4,945.3,30.5,6,5,1964,1964,2008,2,53.5,2,7,1,NAmes,жилая малоэтажная,среднее,есть,обычная
172500,161.6,91.3,70.2,90.1,245.7,7.3,8,5,1999,2000,2009,2,44.6,2,7,0,Somerst,посёлок,хорошее,есть,нетипичная
196500,159.8,79.9,79.9,79.9,1081.9,27.1,7,5,2004,2004,2006,2,52.5,2,7,0,CollgCr,жилая малоэтажная,хорошее,есть,обычная
438780,273.6,132.5,141.1,131.0,1271.1,20.1,10,5,2006,2006,2006,3,59.6,3,10,1,StoneBr,жилая малоэтажная,хорошее,есть,дом ещё строился
124900,72.5,72.5,0.0,72.5,668.9,18.3,5,7,1972,1972,2008,1,32.7,1,4,0,CollgCr,жилая малоэтажная,среднее,есть,обычная
158000,107.6,107.6,0.0,107.6,1214.4,19.2,6,5,2004,2004,2006,2,53.5,1,5,0,SawyerW,жилая малоэтажная,хорошее,есть,дом ещё строился
101000,103.2,54.0,49.2,49.2,668.9,18.3,5,7,1920,1996,2007,1,26.8,1,6,0,IDOTRR,жилая многоквартирная,ниже среднего,нет,обычная
202500,127.3,127.3,0.0,127.3,598.5,13.4,8,5,2006,2006,2007,2,45.0,2,6,1,NridgHt,жилая малоэтажная,хорошее,есть,обычная
140000,158.9,83.8,75.1,53.5,956.9,15.2,7,6,1921,1950,2010,2,44.6,2,9,0,OldTown,жилая многоквартирная,среднее,есть,обычная
219500,189.0,98.2,90.8,98.2,871.0,,7,5,1997,1998,2009,2,59.9,2,8,0,CollgCr,жилая малоэтажная,хорошее,есть,обычная
317000,229.7,106.2,123.6,106.2,891.0,23.2,8,5,2004,2005,2007,3,79.2,2,9,1,NridgHt,жилая малоэтажная,хорошее,есть,обычная
180000,205.0,205.0,0.0,180.9,1848.8,,7,5,1970,1989,2010,2,53.5,2,7,1,NAmes,жилая малоэтажная,среднее,есть,обычная
226000,137.4,137.4,0.0,135.0,990.8,21.9,7,5,2003,2003,2007,2,51.8,2,7,0,CollgCr,жилая малоэтажная,хорошее,есть,обычная
80000,69.4,69.4,0.0,69.4,428.1,14.3,4,6,1945,1950,2010,1,20.4,1,4,0,OldTown,жилая многоквартирная,среднее,есть,обычная
225000,212.5,121.1,91.3,121.1,1448.6,24.7,7,4,1953,1953,2006,2,62.0,2,7,1,ClearCr,жилая малоэтажная,среднее,есть,обычная
244000,206.5,206.5,0.0,206.5,1268.2,29.0,7,6,1973,1973,2007,2,47.9,2,8,2,NAmes,жилая малоэтажная,среднее,есть,обычная
129500,78.5,78.5,0.0,78.5,706.0,21.0,4,6,1982,2006,2007,2,33.4,1,4,0,Mitchel,жилая малоэтажная,среднее,есть,обычная
185000,159.6,82.2,77.4,77.3,942.1,22.6,7,5,1998,1998,2009,2,39.7,2,7,1,Gilbert,жилая малоэтажная,среднее,есть,обычная
144900,100.9,100.9,0.0,100.9,947.6,25.9,5,7,1954,2003,2010,2,45.5,1,6,0,NAmes,жилая малоэтажная,среднее,есть,обычная
107400,149.1,78.0,71.1,78.0,537.9,18.3,3,6,1915,1950,2010,1,35.2,2,8,0,OldTown,жилая многоквартирная,среднее,нет,обычная
91000,91.8,48.9,42.9,42.9,148.3,6.4,4,5,1973,1973,2009,1,27.6,1,5,0,MeadowV,жилая многоквартирная,среднее,есть,обычная
135750,88.4,88.4,0.0,88.4,787.4,,4,7,1956,1956,2008,1,26.3,1,4,0,NAmes,жилая малоэтажная,среднее,есть,обычная
127000,119.4,99.6,19.8,62.4,802.2,15.2,5,5,1948,2001,2008,1,22.3,1,6,0,BrkSide,жилая многоквартирная,среднее,есть,обычная
136500,164.3,164.3,0.0,164.3,1001.3,21.9,4,5,1968,1968,2010,0,0.0,2,8,0,Sawyer,жилая малоэтажная,среднее,нет,обычная
110000,114.3,63.4,50.9,40.9,969.9,18.3,5,6,1910,1981,2009,2,40.9,1,5,0,OldTown,жилая многоквартирная,среднее,есть,обычная
193500,199.0,109.8,89.2,83.2,1207.7,30.5,6,6,1968,1968,2009,1,47.3,2,8,1,NAmes,жилая малоэтажная,хорошее,есть,обычная
153500,124.2,124.2,0.0,114.9,418.1,9.8,6,5,1998,1998,2006,2,37.6,2,5,0,Mitchel,жилая многоквартирная,среднее,есть,обычная
245000,145.2,145.2,0.0,145.2,948.2,23.8,8,5,2007,2007,2008,3,70.4,2,6,1,Somerst,жилая малоэтажная,хорошее,есть,обычная
126500,98.9,98.9,0.0,98.9,826.1,24.4,5,5,1960,1960,2007,2,42.8,1,6,0,NAmes,жилая малоэтажная,среднее,есть,обычная
168500,136.9,74.7,62.2,35.7,792.5,,7,5,1995,1996,2009,2,37.2,2,7,1,Gilbert,жилая малоэтажная,среднее,есть,обычная
260000,224.5,120.9,103.7,119.7,1491.9,36.9,8,5,1991,1992,2006,2,42.9,2,9,1,NoRidge,жилая малоэтажная,хорошее,есть,обычная
174000,144.9,63.5,81.4,63.5,1106.6,37.2,6,5,2005,2005,2009,2,37.2,2,6,1,Gilbert,жилая малоэтажная,хорошее,есть,обычная
164500,113.7,56.9,56.9,56.9,367.1,12.2,6,5,2009,2009,2009,2,49.1,2,4,0,Somerst,посёлок,хорошее,есть,дом ещё строился
85000,141.8,94.1,0.0,94.1,786.9,32.0,3,2,1915,1982,2009,0,0.0,1,6,0,IDOTRR,коммерческая,ниже среднего,нет,нетипичная
123600,92.0,92.0,0.0,92.0,749.7,18.3,4,5,1994,1995,2007,0,0.0,1,5,0,CollgCr,жилая малоэтажная,среднее,есть,обычная
109900,96.6,96.6,0.0,0.0,668.9,18.3,4,5,1950,1950,2006,2,39.0,1,4,0,NAmes,жилая малоэтажная,среднее,есть,обычная
98600,114.7,114.7,0.0,114.7,789.7,25.9,5,3,1961,1961,2006,2,44.6,1,6,0,NAmes,жилая малоэтажная,среднее,есть,нетипичная
163500,89.6,89.6,0.0,81.4,1241.2,24.4,5,7,1921,2006,2009,2,40.1,1,5,0,Crawfor,жилая малоэтажная,среднее,есть,обычная
133900,212.8,117.1,95.8,112.8,668.9,18.3,6,6,1910,1998,2007,2,47.0,2,9,1,OldTown,коммерческая,среднее,нет,обычная
204750,165.9,84.1,81.8,76.6,867.4,21.0,6,5,1997,1997,2007,2,63.5,2,7,0,CollgCr,жилая малоэтажная,хорошее,есть,обычная
185000,136.6,63.2,73.4,63.2,907.2,,6,8,1993,1993,2009,2,39.0,2,6,1,Gilbert,жилая малоэтажная,среднее,есть,обычная
214000,147.5,147.5,0.0,147.5,953.6,23.8,7,5,1999,1999,2006,2,43.9,2,6,0,CollgCr,жилая малоэтажная,хорошее,есть,обычная
94750,89.2,89.2,0.0,89.2,1014.6,22.3,4,5,1965,1965,2007,1,40.1,1,6,0,Edwards,жилая малоэтажная,среднее,есть,обычная
83000,77.6,77.6,0.0,42.5,987.1,25.9,5,5,1920,1950,2010,1,34.0,1,5,0,Edwards,жилая малоэтажная,среднее,нет,нетипичная
128950,113.8,113.8,0.0,88.3,865.9,23.5,4,5,1959,1959,2010,0,0.0,1,6,0,NAmes,жилая малоэтажная,среднее,есть,обычная
205000,149.6,149.6,0.0,149.6,985.1,,6,7,1977,2001,2010,2,44.6,2,6,2,NWAmes,жилая малоэтажная,хорошее,есть,обычная
178000,160.9,90.8,70.1,68.8,855.3,23.5,6,5,1985,1985,2010,2,44.2,2,7,1,SawyerW,жилая малоэтажная,хорошее,есть,обычная
118964,142.6,142.6,0.0,0.0,652.0,19.5,5,5,1979,1979,2009,2,38.1,2,8,0,SawyerW,жилая малоэтажная,среднее,есть,раздел имущества
198900,113.9,113.9,0.0,113.9,966.4,28.7,7,5,2009,2009,2010,3,68.7,2,6,0,CollgCr,жилая малоэтажная,хорошее,есть,обычная
169500,168.9,113.9,55.0,96.6,720.7,,7,4,1931,1950,2007,1,22.3,1,7,2,IDOTRR,жилая многоквартирная,среднее,есть,обычная
250000,185.1,97.8,87.2,97.8,871.0,22.9,8,5,2003,2004,2008,2,60.2,2,9,1,Somerst,посёлок,хорошее,есть,обычная
100000,97.3,97.3,0.0,59.6,1003.4,18.3,4,7,1885,1995,2007,1,25.4,1,6,0,OldTown,жилая многоквартирная,среднее,есть,обычная
115000,73.3,73.3,0.0,73.3,557.4,15.2,5,5,1948,1950,2008,1,23.2,1,5,0,OldTown,жилая многоквартирная,среднее,есть,дом ещё строился
115000,140.9,92.6,48.3,73.7,789.7,25.9,5,7,1919,2005,2007,0,0.0,2,7,0,IDOTRR,жилая многоквартирная,ниже среднего,нет,обычная
190000,171.3,171.3,0.0,171.3,1091.7,32.0,6,6,1977,1977,2010,2,50.7,2,7,1,NWAmes,жилая малоэтажная,среднее,есть,обычная
136900,172.3,113.0,59.4,92.3,884.9,22.9,6,4,1954,1972,2006,1,30.2,2,7,0,Edwards,жилая малоэтажная,среднее,есть,обычная
180000,132.9,71.9,60.9,35.7,720.0,,7,5,2000,2000,2010,2,37.2,2,7,1,Gilbert,жилая малоэтажная,среднее,есть,обычная
383970,250.5,119.1,131.4,117.4,925.8,23.5,7,5,2007,2007,2007,3,73.6,2,10,1,CollgCr,жилая малоэтажная,отличное,есть,дом ещё строился
217000,209.9,209.9,0.0,168.1,1951.0,,6,5,1953,1953,2007,2,41.8,2,7,2,Crawfor,жилая малоэтажная,хорошее,есть,нетипичная
259500,215.5,133.4,82.1,95.5,674.4,18.6,6,8,1945,2002,2007,1,16.7,2,9,1,Crawfor,жилая малоэтажная,хорошее,есть,обычная
176000,135.5,67.7,67.7,67.7,300.1,10.4,6,5,1999,1999,2007,2,40.9,2,5,1,Somerst,посёлок,среднее,есть,обычная
139000,101.5,101.5,0.0,101.5,1079.2,,5,5,1962,1962,2009,1,26.8,1,6,1,Sawyer,жилая малоэтажная,среднее,есть,обычная
155000,104.5,104.5,0.0,104.5,793.0,22.6,5,5,2006,2007,2007,2,39.9,1,5,0,Edwards,жилая малоэтажная,среднее,есть,дом ещё строился
320000,299.3,157.8,141.5,155.4,1149.8,27.4,7,5,1990,1990,2010,3,55.2,3,11,2,SawyerW,жилая малоэтажная,хорошее,есть,обычная
163990,135.3,67.6,67.6,67.6,786.1,19.8,6,5,2005,2006,2006,2,36.2,2,8,1,CollgCr,жилая малоэтажная,хорошее,есть,дом ещё строился
180000,91.8,91.8,0.0,87.1,1993.0,,6,5,1969,1969,2006,2,50.2,1,4,2,ClearCr,жилая малоэтажная,среднее,есть,обычная
100000,104.3,71.7,32.6,68.0,563.0,15.2,4,5,1939,1950,2007,1,24.5,1,4,0,IDOTRR,жилая многоквартирная,среднее,есть,обычная
136000,100.3,100.3,0.0,100.3,879.2,22.9,6,7,1958,1958,2008,1,26.8,1,5,0,NAmes,жилая малоэтажная,среднее,есть,обычная
153900,111.4,111.4,0.0,111.4,733.2,16.8,6,5,1993,1993,2008,2,49.2,2,5,0,SawyerW,жилая малоэтажная,хорошее,есть,обычная
181000,147.3,147.3,0.0,126.5,1583.3,14.6,6,5,1979,1998,2009,2,40.4,2,7,1,NWAmes,жилая малоэтажная,среднее,есть,обычная
84500,70.0,48.3,0.0,48.3,629.9,18.3,6,8,1935,1982,2006,0,0.0,1,5,0,IDOTRR,жилая многоквартирная,среднее,нет,обычная
128000,89.0,89.0,0.0,100.1,457.8,,6,5,1976,1976,2007,2,40.9,2,5,1,NPkVill,жилая малоэтажная,среднее,есть,обычная
87000,78.0,78.0,0.0,62.4,407.7,16.8,5,7,1930,1950,2007,0,0.0,1,5,1,OldTown,жилая многоквартирная,среднее,есть,обычная
155000,125.2,61.3,63.9,61.3,705.1,21.0,6,5,1966,1966,2006,2,42.1,1,6,1,NAmes,жилая малоэтажная,среднее,есть,обычная
150000,97.8,97.8,0.0,93.6,833.6,21.0,5,7,1958,1991,2006,2,69.7,1,6,0,NAmes,жилая малоэтажная,отличное,есть,нетипичная
226000,200.4,113.0,87.4,85.8,1319.2,26.8,7,6,1966,1966,2006,2,45.2,2,8,2,NAmes,жилая малоэтажная,хорошее,есть,обычная
244000,190.8,94.9,95.9,92.2,1135.6,,6,5,2000,2000,2009,2,36.2,2,7,1,Gilbert,жилая малоэтажная,хорошее,есть,обычная
150750,123.3,123.3,0.0,98.8,686.4,22.9,5,6,1959,2002,2007,2,58.0,1,7,0,NAmes,жилая малоэтажная,хорошее,есть,обычная
220000,120.4,120.4,0.0,117.7,636.7,,8,5,2001,2002,2009,2,43.8,2,6,0,Timber,жилая малоэтажная,хорошее,есть,обычная
180000,159.9,159.9,0.0,135.7,960.2,23.8,5,6,1968,1993,2006,2,40.9,2,7,1,Sawyer,жилая малоэтажная,среднее,есть,обычная
174000,156.3,156.3,0.0,121.1,966.2,24.4,7,6,1970,1970,2008,2,49.2,2,7,1,NWAmes,жилая малоэтажная,среднее,есть,обычная
143000,112.8,112.8,0.0,112.8,962.0,,5,5,1967,1967,2007,1,29.5,2,5,1,NAmes,жилая малоэтажная,среднее,есть,обычная
171000,182.0,182.0,0.0,177.2,1028.4,25.0,7,5,1988,1989,2006,3,71.2,3,9,0,Mitchel,жилая малоэтажная,среднее,есть,между родственниками
230000,172.1,93.3,78.8,93.3,842.3,22.3,8,5,1999,2000,2008,3,61.3,2,7,2,CollgCr,жилая малоэтажная,хорошее,есть,обычная
231500,163.9,86.2,77.7,86.2,1433.1,19.8,6,5,1997,1997,2009,2,43.7,2,7,0,CollgCr,жилая малоэтажная,хорошее,есть,обычная
115000,80.3,80.3,0.0,80.3,975.5,21.3,4,5,1971,1971,2010,0,0.0,1,5,1,NAmes,жилая малоэтажная,среднее,есть,обычная
260000,161.1,161.1,0.0,161.1,1081.9,23.8,7,5,2005,2005,2006,2,61.3,2,7,0,CollgCr,жилая малоэтажная,хорошее,есть,обычная
166000,128.7,84.5,44.1,84.5,791.5,21.6,5,4,1952,1952,2010,2,66.9,2,6,0,NAmes,жилая малоэтажная,среднее,есть,обычная
204000,139.4,139.4,0.0,138.4,960.2,23.8,7,5,1999,1999,2009,2,53.6,2,6,0,CollgCr,жилая малоэтажная,хорошее,есть,обычная
125000,160.5,160.5,0.0,160.5,845.4,21.3,5,5,1963,1963,2006,2,46.8,2,10,0,Sawyer,жилая многоквартирная,среднее,есть,нетипичная
130000,158.8,90.1,68.7,90.1,234.3,7.3,6,5,2004,2006,2006,2,35.3,2,7,0,Edwards,жилая многоквартирная,хорошее,есть,обычная
105000,81.3,81.3,0.0,66.4,568.6,15.5,5,7,1931,1993,2009,1,16.7,1,5,0,BrkSide,жилая многоквартирная,среднее,есть,обычная
222500,189.1,82.1,106.9,82.1,883.0,,7,5,2001,2001,2010,2,40.3,2,8,1,Gilbert,жилая малоэтажная,хорошее,есть,обычная
141000,100.3,100.3,0.0,100.3,696.8,19.2,7,5,2004,2005,2008,0,0.0,1,6,0,SawyerW,жилая малоэтажная,хорошее,есть,обычная
115000,124.9,83.2,41.6,83.2,579.7,,5,4,1936,1950,2006,1,22.3,1,7,0,BrkSide,жилая многоквартирная,среднее,есть,обычная
122000,90.0,90.0,0.0,90.0,962.1,36.6,5,6,1975,1975,2007,2,40.9,1,5,0,CollgCr,жилая малоэтажная,среднее,есть,обычная
372402,158.9,158.9,0.0,158.9,1290.5,32.6,8,5,2007,2008,2008,3,80.5,2,6,1,NridgHt,жилая малоэтажная,хорошее,есть,дом ещё строился
190000,185.2,101.9,83.2,76.6,1375.2,,6,5,1971,1971,2006,2,46.0,2,8,1,NWAmes,жилая малоэтажная,среднее,есть,обычная
235000,116.3,116.3,0.0,148.8,1254.2,,6,7,1960,1975,2008,2,52.4,1,4,1,ClearCr,жилая малоэтажная,среднее,есть,обычная
125000,111.5,111.5,0.0,111.5,1053.5,25.6,6,5,1923,1950,2006,1,29.0,1,7,0,OldTown,жилая многоквартирная,среднее,есть,между родственниками
79000,101.8,53.1,48.7,53.1,891.9,18.3,6,5,1924,1950,2008,0,0.0,1,5,0,Edwards,жилая малоэтажная,среднее,нет,обычная
109500,96.6,96.6,0.0,0.0,668.9,18.3,5,7,1950,1950,2006,2,58.1,1,5,0,NAmes,жилая малоэтажная,среднее,есть,обычная
269500,182.8,71.9,110.9,71.9,1115.1,28.0,8,5,2009,2010,2010,3,63.2,2,8,1,Timber,жилая малоэтажная,отличное,есть,дом ещё строился
254900,180.9,92.1,88.8,92.1,1166.1,30.5,7,5,2004,2005,2010,2,63.0,2,8,1,Somerst,посёлок,хорошее,есть,обычная
320000,228.7,129.3,99.4,129.3,1800.3,40.8,7,5,2005,2006,2006,2,53.5,2,9,1,Gilbert,жилая малоэтажная,хорошее,есть,дом ещё строился
162500,114.5,114.5,0.0,114.5,1033.1,,6,6,1984,1984,2008,2,47.9,2,6,0,Veenker,жилая малоэтажная,среднее,есть,обычная
412500,247.9,146.0,101.8,146.0,1271.7,33.5,9,5,2003,2004,2008,3,67.4,2,10,2,NridgHt,жилая малоэтажная,отличное,есть,обычная
220000,143.2,143.2,0.0,143.2,1131.7,29.0,7,5,2005,2005,2010,2,49.4,2,7,1,NridgHt,жилая малоэтажная,хорошее,есть,дом ещё строился
103200,81.9,81.9,0.0,81.9,511.0,16.8,4,6,1956,1956,2007,0,0.0,1,4,0,OldTown,жилая малоэтажная,среднее,есть,обычная
152000,150.1,106.7,43.4,106.7,501.7,12.2,6,7,1926,2004,2007,1,20.1,2,5,0,OldTown,жилая многоквартирная,хорошее,есть,обычная
127500,125.9,75.1,50.8,59.8,938.9,18.9,5,7,1940,1999,2008,0,0.0,2,6,0,Edwards,жилая малоэтажная,среднее,есть,обычная
190000,173.4,173.4,0.0,150.2,994.8,,5,5,1955,1993,2009,1,28.1,1,7,3,ClearCr,жилая малоэтажная,среднее,есть,обычная
325624,200.8,149.6,51.2,147.0,981.2,26.2,8,5,2007,2007,2007,3,73.3,1,8,1,NridgHt,жилая малоэтажная,отличное,есть,дом ещё строился
183500,159.8,78.0,81.8,78.0,765.9,18.9,7,5,2004,2004,2007,2,40.9,2,7,1,Gilbert,жилая малоэтажная,хорошее,есть,обычная
228000,158.6,158.6,0.0,156.6,1548.6,,8,6,1981,1981,2006,2,47.5,2,6,1,Timber,жилая малоэтажная,среднее,есть,обычная
128500,128.4,79.3,0.0,66.9,1148.1,,5,6,1941,1950,2007,2,61.3,1,7,0,OldTown,жилая многоквартирная,среднее,есть,обычная
215000,153.8,153.8,0.0,100.3,2951.5,43.0,6,5,1960,1960,2010,2,49.1,1,7,2,NAmes,жилая малоэтажная,среднее,есть,обычная
239000,164.2,98.8,65.3,98.8,492.9,13.4,7,7,1987,1987,2006,2,46.8,2,5,1,StoneBr,жилая малоэтажная,хорошее,есть,обычная
163000,126.5,126.5,0.0,126.5,947.3,24.4,6,5,1961,1961,2008,2,46.8,1,6,1,NAmes,жилая малоэтажная,среднее,есть,обычная
184000,153.4,153.4,0.0,149.2,1153.5,14.3,6,5,1986,1986,2008,2,57.2,2,7,1,Timber,жилая малоэтажная,среднее,есть,обычная
243000,200.5,200.5,0.0,111.7,1172.0,25.6,6,7,1950,2001,2007,2,53.5,2,7,1,Edwards,жилая малоэтажная,хорошее,есть,обычная
211000,191.4,108.1,83.2,106.9,931.7,29.6,6,5,1988,1989,2007,2,48.4,2,8,1,ClearCr,жилая малоэтажная,среднее,есть,обычная
172500,178.4,116.3,62.1,97.7,1268.1,,5,5,1958,1958,2006,2,41.9,2,8,1,Sawyer,жилая малоэтажная,хорошее,есть,обычная
501837,207.5,207.5,0.0,205.9,1618.6,19.2,9,5,2008,2009,2009,3,108.3,2,9,1,StoneBr,жилая малоэтажная,отличное,есть,дом ещё строился
100000,89.9,89.9,0.0,89.9,791.5,18.3,5,6,1923,2006,2007,2,44.6,1,5,0,OldTown,жилая многоквартирная,среднее,есть,обычная
177000,141.7,71.4,70.2,70.2,196.7,,6,5,2000,2000,2007,2,40.9,2,5,1,Somerst,посёлок,хорошее,есть,обычная
200100,167.4,83.7,83.7,73.7,704.9,16.5,7,6,1920,1950,2006,1,20.1,1,9,1,Crawfor,жилая малоэтажная,среднее,есть,обычная
120000,124.5,124.5,0.0,0.0,841.7,18.3,5,6,1957,2006,2007,1,23.4,1,7,1,Edwards,жилая малоэтажная,среднее,есть,обычная
200000,193.4,126.5,66.9,126.5,1061.5,19.2,7,5,2003,2003,2008,2,45.0,2,6,0,OldTown,жилая многоквартирная,хорошее,есть,обычная
127000,116.3,87.0,29.4,46.8,691.0,28.0,5,8,1908,1991,2006,2,53.5,1,5,0,BrkSide,жилая малоэтажная,среднее,есть,обычная
475000,335.2,141.0,141.0,102.8,2132.1,27.4,10,9,1892,1993,2006,3,78.0,2,12,2,OldTown,жилая многоквартирная,отличное,есть,обычная
173000,113.1,113.1,0.0,110.4,924.1,,7,5,1990,1991,2009,2,46.2,2,6,0,Mitchel,жилая малоэтажная,хорошее,есть,обычная
135000,153.8,75.1,65.4,61.3,967.1,18.3,5,7,1916,1987,2009,1,16.7,2,8,0,OldTown,жилая малоэтажная,среднее,есть,обычная
153337,113.7,113.7,0.0,100.9,652.0,19.5,5,5,1979,1979,2009,2,49.1,0,6,2,SawyerW,жилая малоэтажная,среднее,есть,раздел имущества
286000,148.0,148.0,0.0,148.0,457.4,12.5,8,5,2001,2002,2008,2,63.4,1,5,1,StoneBr,жилая малоэтажная,отличное,есть,обычная
315000,253.3,143.9,109.4,79.2,982.0,21.3,8,8,1932,1994,2007,2,40.9,2,10,2,Crawfor,жилая малоэтажная,хорошее,есть,обычная
184000,137.4,67.4,70.0,67.4,694.2,,7,9,1972,2004,2007,2,45.0,1,7,0,NAmes,жилая малоэтажная,хорошее,есть,обычная
192000,132.9,132.9,0.0,132.9,837.7,20.7,7,5,1999,1999,2009,2,61.9,2,6,0,CollgCr,жилая малоэтажная,хорошее,есть,обычная
130000,158.8,90.1,68.7,90.1,234.3,7.3,7,5,2004,2004,2006,2,35.3,2,7,0,Edwards,жилая многоквартирная,хорошее,есть,обычная
127000,80.3,80.3,0.0,80.3,667.0,18.3,5,7,1972,1972,2008,1,32.7,1,5,0,CollgCr,жилая малоэтажная,среднее,есть,обычная
148500,135.3,79.4,55.8,79.4,211.8,7.3,6,6,1976,1976,2009,2,40.9,2,7,1,NPkVill,жилая малоэтажная,среднее,есть,обычная
311872,160.4,160.4,0.0,160.4,874.8,24.1,7,5,2007,2007,2007,3,73.0,2,8,1,Somerst,жилая малоэтажная,отличное,есть,дом ещё строился
235000,289.1,126.3,126.3,126.3,2361.5,53.0,8,4,1918,1990,2006,2,73.9,2,8,1,NAmes,жилая малоэтажная,хорошее,есть,нетипичная
104000,207.1,86.3,86.3,70.1,512.8,28.0,6,6,1912,1950,2009,0,0.0,1,8,0,OldTown,жилая многоквартирная,среднее,есть,нетипичная
274900,159.1,159.1,0.0,159.1,891.0,23.2,8,5,2004,2005,2009,3,79.5,2,7,1,NridgHt,жилая малоэтажная,отличное,есть,обычная
140000,104.1,104.1,0.0,104.1,793.9,24.4,4,5,2003,2004,2010,2,40.9,2,5,0,Edwards,жилая многоквартирная,среднее,есть,обычная
171500,118.8,118.8,0.0,111.1,940.6,22.9,6,6,1977,1977,2008,2,43.9,2,6,2,Mitchel,жилая малоэтажная,среднее,есть,обычная
112000,121.7,80.4,41.3,57.3,650.3,15.2,6,6,1924,1950,2006,1,37.0,2,6,0,OldTown,жилая малоэтажная,среднее,есть,обычная
149000,78.8,78.8,0.0,78.8,412.3,,6,5,2004,2004,2008,2,39.0,1,3,1,CollgCr,жилая многоквартирная,хорошее,есть,обычная
110000,119.3,66.9,52.4,66.9,325.2,15.2,5,7,1947,1950,2009,1,22.3,1,5,0,OldTown,жилая многоквартирная,среднее,есть,обычная
180500,134.0,134.0,0.0,132.3,1101.0,30.2,7,5,1990,1990,2009,2,46.5,2,5,0,Gilbert,жилая малоэтажная,среднее,есть,обычная
143900,157.6,157.6,0.0,105.9,1270.3,12.2,5,5,1962,1962,2007,1,32.4,1,8,1,Sawyer,жилая малоэтажная,среднее,есть,обычная
141000,102.2,102.2,0.0,102.2,1160.6,,4,5,1960,1960,2008,1,29.0,1,6,1,NAmes,жилая малоэтажная,среднее,есть,обычная
277000,191.6,109.6,81.9,107.5,1334.5,,7,5,1988,1989,2007,2,42.2,2,7,1,SawyerW,жилая малоэтажная,среднее,есть,обычная
145000,101.5,101.5,0.0,101.5,766.5,22.9,6,7,1964,1964,2008,2,46.8,1,6,0,NAmes,жилая малоэтажная,среднее,есть,обычная
98000,80.3,80.3,0.0,80.3,520.6,20.4,5,6,1925,1950,2008,0,0.0,1,5,0,Edwards,жилая малоэтажная,среднее,нет,обычная
186000,112.6,112.6,0.0,112.6,968.0,25.3,6,5,2009,2009,2010,2,42.7,2,6,0,Edwards,жилая малоэтажная,хорошее,есть,обычная
252678,172.1,86.6,85.5,83.6,802.7,21.9,7,5,2009,2009,2009,2,59.8,2,7,1,Somerst,посёлок,хорошее,есть,дом ещё строился
156000,92.0,92.0,0.0,92.0,1260.5,13.1,5,5,1995,1995,2006,2,53.5,1,5,0,CollgCr,жилая малоэтажная,среднее,есть,обычная
161750,129.3,64.0,65.3,64.0,1012.6,,6,7,1977,1977,2010,1,27.8,1,6,0,CollgCr,жилая малоэтажная,среднее,есть,обычная
134450,114.8,114.8,0.0,99.4,930.1,21.9,5,6,1957,1996,2006,1,41.5,1,6,1,NAmes,жилая малоэтажная,хорошее,есть,обычная
210000,133.4,133.4,0.0,133.4,785.0,19.8,7,5,2004,2004,2008,2,45.0,2,8,0,CollgCr,жилая малоэтажная,хорошее,есть,обычная
107000,123.4,75.3,48.1,63.7,920.3,17.4,4,4,1925,1950,2006,1,19.5,1,8,0,OldTown,жилая многоквартирная,среднее,нет,между родственниками
311500,181.5,105.6,75.9,74.1,1454.9,,7,9,1939,2006,2008,2,40.0,1,8,2,Crawfor,жилая малоэтажная,хорошее,есть,обычная
167240,115.9,115.9,0.0,115.9,279.6,13.1,7,5,2005,2006,2006,2,40.7,2,5,0,Blmngtn,жилая малоэтажная,хорошее,есть,дом ещё строился
204900,139.2,139.2,0.0,139.2,835.2,22.3,7,5,2006,2006,2006,2,62.7,2,5,0,CollgCr,жилая малоэтажная,хорошее,есть,дом ещё строился
200000,210.6,93.8,116.8,93.8,749.5,,6,5,2002,2002,2009,2,36.2,2,8,1,Gilbert,жилая малоэтажная,хорошее,есть,обычная
179900,144.2,75.3,68.8,66.2,1066.1,25.9,6,6,1975,1975,2006,2,40.3,2,6,1,NWAmes,жилая малоэтажная,среднее,есть,обычная
97000,80.3,80.3,0.0,80.3,975.5,21.3,4,6,1971,1971,2009,2,53.5,1,4,0,NAmes,жилая малоэтажная,среднее,есть,нетипичная
386250,222.2,222.2,0.0,222.2,1251.6,31.4,10,5,2003,2003,2009,3,89.9,2,8,1,NridgHt,жилая малоэтажная,отличное,есть,обычная
112000,121.0,58.5,62.4,58.5,156.1,6.4,5,5,1971,1971,2009,1,26.0,2,6,0,BrDale,жилая многоквартирная,среднее,есть,нетипичная
290000,234.1,112.8,121.3,111.8,924.4,25.0,7,5,1995,1995,2007,3,67.0,2,9,1,NoRidge,жилая малоэтажная,хорошее,есть,нетипичная
106000,91.7,44.9,46.8,44.9,173.6,6.4,6,6,1970,1970,2008,1,26.0,1,5,0,BrDale,жилая многоквартирная,среднее,есть,обычная
125000,84.7,84.7,0.0,84.7,791.6,21.3,5,5,1967,1967,2010,1,31.2,1,5,1,Sawyer,жилая малоэтажная,среднее,есть,обычная
192500,144.5,144.5,0.0,127.6,295.6,13.1,7,5,2005,2006,2009,2,39.9,2,7,1,Blmngtn,жилая малоэтажная,хорошее,есть,обычная
148000,110.9,110.9,0.0,110.9,813.8,22.3,6,6,1959,1959,2010,1,29.0,1,6,0,NAmes,жилая малоэтажная,среднее,есть,обычная
403000,259.6,138.4,121.1,135.8,1406.4,53.0,8,5,1995,1996,2009,3,75.3,2,9,1,NoRidge,жилая малоэтажная,отличное,есть,обычная
94500,91.7,44.9,46.8,44.9,156.1,6.4,6,5,1972,1972,2006,1,26.8,1,5,1,BrDale,жилая многоквартирная,среднее,есть,обычная
128200,83.1,83.1,0.0,83.1,989.4,22.9,5,6,1976,1976,2010,1,28.6,1,5,0,CollgCr,жилая малоэтажная,среднее,есть,обычная
216500,182.1,79.9,102.2,79.9,729.4,,6,5,2002,2002,2010,2,40.9,2,8,2,Gilbert,жилая малоэтажная,хорошее,есть,обычная
89500,91.7,44.9,46.8,44.9,156.1,6.4,6,3,1971,1971,2008,1,24.5,1,5,0,BrDale,жилая многоквартирная,среднее,есть,обычная
185500,131.4,131.4,0.0,131.4,815.0,19.8,7,5,2004,2004,2010,2,45.9,2,6,0,CollgCr,жилая малоэтажная,хорошее,есть,обычная
194500,162.0,94.2,67.8,92.5,878.2,,7,7,1993,2003,2010,2,42.5,2,7,0,SawyerW,жилая малоэтажная,хорошее,есть,обычная
318000,157.4,157.4,0.0,157.4,1117.6,28.3,8,5,2007,2007,2007,3,76.0,2,7,0,NridgHt,жилая малоэтажная,хорошее,есть,дом ещё строился
113000,138.1,74.1,64.0,68.3,812.1,15.8,6,4,1945,1950,2010,1,20.4,1,7,1,Edwards,жилая малоэтажная,среднее,есть,обычная
262500,145.5,145.5,0.0,145.5,836.1,22.9,8,5,2008,2008,2010,2,69.7,2,7,0,Somerst,посёлок,хорошее,есть,обычная
110500,80.5,80.5,0.0,63.7,360.5,12.2,5,9,1945,1997,2007,0,0.0,1,4,0,OldTown,жилая многоквартирная,хорошее,есть,обычная
79000,133.8,82.6,51.2,50.2,464.5,19.2,5,4,1900,1950,2006,1,32.7,1,6,0,OldTown,жилая многоквартирная,среднее,нет,обычная
120000,113.1,58.2,54.9,58.2,999.8,22.9,6,6,1980,1980,2009,1,26.8,1,6,1,SawyerW,жилая малоэтажная,среднее,есть,обычная
205000,196.0,113.5,82.5,88.1,825.0,,7,5,1994,2002,2010,2,43.0,2,8,2,SawyerW,жилая малоэтажная,хорошее,есть,обычная
241500,173.9,173.9,0.0,171.4,966.2,24.4,7,5,1988,1988,2006,2,56.1,2,6,1,NWAmes,жилая малоэтажная,среднее,есть,обычная
137000,179.1,84.4,94.8,94.8,849.3,21.0,6,8,1910,1950,2006,1,40.9,2,9,0,OldTown,жилая многоквартирная,ниже среднего,нет,обычная
140000,127.7,127.7,0.0,127.0,1050.7,22.9,6,5,1954,1954,2006,2,41.9,1,5,1,NAmes,жилая малоэтажная,среднее,есть,обычная
180000,155.0,78.0,76.9,78.0,1051.4,21.9,7,5,2003,2003,2007,2,46.5,2,8,0,CollgCr,жилая малоэтажная,хорошее,есть,обычная
277000,199.2,134.2,65.0,134.2,14771.6,,6,7,1958,2006,2007,2,36.1,2,7,2,ClearCr,жилая малоэтажная,хорошее,есть,обычная
76500,121.3,121.3,0.0,67.6,497.0,16.8,3,2,1940,1966,2010,0,0.0,1,6,0,BrkSide,жилая малоэтажная,ниже среднего,есть,обычная
235000,151.0,151.0,0.0,146.1,441.3,13.4,8,5,2006,2007,2007,2,50.0,2,5,1,Crawfor,жилая многоквартирная,хорошее,есть,между родственниками
173000,152.4,74.1,78.2,74.1,777.2,19.8,6,5,2004,2004,2008,2,48.3,2,6,0,SawyerW,жилая малоэтажная,хорошее,есть,обычная
158000,121.0,121.0,0.0,121.0,868.6,25.9,6,7,1964,1991,2007,1,28.7,2,7,0,NAmes,жилая малоэтажная,хорошее,есть,обычная
145000,122.1,122.1,0.0,122.1,780.4,21.3,5,6,1957,1957,2010,1,27.3,1,5,0,NAmes,жилая малоэтажная,среднее,есть,обычная
230000,212.8,93.4,119.5,90.6,811.8,20.1,7,5,1999,1999,2006,2,39.9,2,8,1,Gilbert,жилая малоэтажная,хорошее,есть,обычная
207500,160.5,80.3,80.3,80.3,816.7,19.5,6,5,2003,2003,2008,2,62.5,2,7,0,Somerst,посёлок,хорошее,есть,обычная
220000,149.0,149.0,0.0,149.0,818.8,20.7,7,5,2006,2006,2009,2,61.3,2,8,1,CollgCr,жилая малоэтажная,хорошее,есть,нетипичная
231500,166.5,89.5,77.0,89.5,1155.2,24.4,7,5,2001,2001,2008,2,52.4,2,7,1,CollgCr,жилая малоэтажная,хорошее,есть,обычная
97000,81.9,81.9,0.0,0.0,1180.1,21.3,5,5,1956,1956,2008,1,28.6,1,4,0,OldTown,жилая многоквартирная,среднее,есть,обычная
176000,128.4,128.4,0.0,126.5,1792.7,36.6,6,5,1962,1962,2009,2,82.1,1,6,1,NAmes,жилая малоэтажная,среднее,есть,обычная
276000,239.1,137.7,101.5,137.7,890.8,21.0,8,5,2007,2007,2007,3,80.6,2,10,1,CollgCr,жилая малоэтажная,отличное,есть,дом ещё строился
151000,112.6,112.6,0.0,47.0,787.0,26.8,6,7,1977,1995,2006,2,45.7,1,6,1,Sawyer,жилая малоэтажная,среднее,есть,обычная
130000,122.3,86.0,0.0,86.0,511.0,15.2,5,7,1929,2001,2010,2,45.0,1,6,0,OldTown,жилая многоквартирная,среднее,есть,обычная
73000,71.0,71.0,0.0,63.2,486.1,9.1,5,5,1925,2004,2008,2,46.8,1,4,0,OldTown,жилая многоквартирная,среднее,нет,обычная
175500,132.1,132.1,0.0,132.1,1123.2,23.8,6,6,1981,1981,2008,2,53.5,2,7,1,NWAmes,жилая малоэтажная,хорошее,есть,обычная
185000,140.4,74.5,65.9,74.5,1041.2,21.3,6,5,1997,1997,2006,2,38.4,2,8,1,Gilbert,жилая малоэтажная,среднее,есть,обычная
179500,203.6,97.7,66.9,66.9,780.4,18.3,5,8,1939,1997,2008,1,22.3,2,8,1,SWISU,жилая малоэтажная,хорошее,есть,обычная
120500,72.3,72.3,0.0,68.7,641.0,21.6,5,6,1940,1955,2008,1,85.8,1,4,1,IDOTRR,жилая многоквартирная,среднее,есть,обычная
148000,103.4,103.4,0.0,106.2,735.5,,6,7,1976,1976,2007,1,46.8,1,6,1,Edwards,жилая малоэтажная,среднее,есть,обычная
266000,180.1,101.7,78.4,101.7,996.7,25.6,8,5,2006,2006,2006,3,97.8,2,8,1,Somerst,посёлок,хорошее,есть,дом ещё строился
241500,126.6,126.6,0.0,128.7,3632.9,22.3,7,7,1954,2005,2008,2,40.8,1,5,2,ClearCr,жилая малоэтажная,среднее,есть,обычная
290000,210.9,108.1,102.8,107.0,1092.9,28.0,8,7,1999,2007,2010,3,62.3,2,9,1,NoRidge,жилая малоэтажная,хорошее,есть,обычная
139000,151.6,151.6,0.0,115.2,891.9,24.4,6,6,1958,1988,2009,1,31.4,2,6,1,NAmes,жилая малоэтажная,среднее,есть,обычная
124500,75.8,75.8,0.0,75.8,772.4,23.2,5,7,1982,1982,2007,1,24.5,1,5,0,Mitchel,жилая малоэтажная,среднее,есть,обычная
205000,143.8,88.4,55.4,88.4,674.8,16.8,7,7,1925,2007,2009,2,62.4,2,5,0,BrkSide,жилая малоэтажная,отличное,нет,обычная
201000,144.9,144.9,0.0,144.9,854.3,39.3,7,5,2003,2003,2010,2,53.2,2,7,0,Mitchel,жилая малоэтажная,хорошее,есть,обычная
141000,80.3,80.3,0.0,80.3,1778.0,42.7,4,5,1951,1951,2010,2,37.2,1,4,0,Gilbert,жилая малоэтажная,среднее,есть,обычная
415298,197.0,197.0,0.0,197.0,1342.4,32.6,9,5,2006,2007,2007,3,68.0,2,8,1,NridgHt,жилая малоэтажная,отличное,есть,дом ещё строился
192000,187.8,107.4,80.5,107.8,929.5,25.3,7,5,1977,1977,2008,2,46.9,2,8,1,ClearCr,жилая малоэтажная,среднее,есть,обычная
228500,184.1,109.2,75.0,75.0,1048.6,25.0,7,6,1989,1989,2007,2,53.4,2,7,1,SawyerW,жилая малоэтажная,хорошее,есть,обычная
185000,117.2,117.2,0.0,117.2,668.9,18.3,6,5,2006,2006,2006,2,53.1,2,5,0,Somerst,посёлок,хорошее,есть,дом ещё строился
207500,122.1,122.1,0.0,122.1,470.4,10.4,7,5,2007,2008,2009,2,58.2,2,6,1,NridgHt,жилая малоэтажная,хорошее,есть,обычная
244600,136.4,136.4,0.0,136.4,893.0,22.6,8,5,2008,2009,2009,3,83.4,2,6,1,Somerst,жилая малоэтажная,хорошее,есть,дом ещё строился
179200,146.3,146.3,0.0,146.3,744.3,15.2,6,5,1992,1992,2007,2,49.1,2,5,0,SawyerW,жилая малоэтажная,хорошее,есть,обычная
164700,116.1,58.1,58.1,58.1,394.9,10.7,7,5,2006,2007,2007,2,49.1,2,5,0,Somerst,посёлок,хорошее,есть,дом ещё строился
159000,161.1,100.8,60.3,84.7,909.1,23.5,6,7,1962,1981,2006,2,40.9,1,7,1,NAmes,жилая малоэтажная,хорошее,есть,обычная
88000,79.7,79.7,0.0,79.7,754.8,,4,4,1971,1971,2006,0,0.0,1,5,0,NAmes,жилая малоэтажная,среднее,есть,обычная
122000,83.6,83.6,0.0,81.9,912.2,,5,5,1967,1967,2010,1,26.0,1,5,0,Sawyer,жилая малоэтажная,среднее,есть,обычная
153575,129.7,64.8,64.8,64.8,811.0,18.3,6,7,1915,2003,2007,1,35.7,1,7,0,BrkSide,жилая малоэтажная,среднее,есть,обычная
233230,178.3,100.2,78.0,100.2,1450.3,36.6,8,5,2006,2006,2006,2,63.6,2,8,1,CollgCr,жилая малоэтажная,хорошее,есть,дом ещё строился
135900,159.4,87.0,72.5,72.5,528.3,16.8,5,6,1912,2000,2008,0,0.0,2,9,0,SWISU,жилая малоэтажная,ниже среднего,нет,обычная
131000,159.4,106.7,52.8,71.3,1059.9,18.3,5,4,1949,2008,2009,1,26.1,1,8,1,Edwards,жилая малоэтажная,среднее,есть,обычная
235000,210.2,136.4,73.9,73.9,1547.7,,7,7,1977,1994,2006,2,50.1,2,9,1,NWAmes,жилая малоэтажная,хорошее,есть,обычная
167000,152.7,152.7,0.0,131.6,891.9,24.4,6,5,1953,1953,2009,2,38.8,1,7,2,NAmes,жилая малоэтажная,среднее,есть,обычная
142500,93.2,93.2,0.0,93.2,737.4,11.3,6,6,1984,1984,2006,2,54.6,1,6,0,Mitchel,жилая малоэтажная,среднее,есть,обычная
152000,144.7,84.5,60.2,84.5,1273.7,22.9,5,5,1950,1950,2007,1,26.2,1,6,0,IDOTRR,жилая многоквартирная,среднее,есть,обычная
239000,181.2,90.6,90.6,90.6,687.4,20.1,7,5,1997,1998,2007,2,53.5,2,7,1,Somerst,посёлок,хорошее,есть,обычная
175000,161.9,96.7,65.2,65.2,1087.0,27.4,6,6,1968,1968,2007,2,50.1,1,7,1,NWAmes,жилая малоэтажная,среднее,есть,обычная
158500,107.0,107.0,0.0,101.5,1300.6,24.4,6,8,1950,2004,2009,1,27.9,1,6,1,Crawfor,жилая малоэтажная,хорошее,есть,между родственниками
157000,124.1,124.1,0.0,108.2,1463.2,27.4,5,5,1953,1953,2006,1,34.8,1,5,2,Crawfor,жилая малоэтажная,среднее,есть,обычная
267000,227.8,112.4,115.4,95.5,1507.4,20.1,8,5,1998,1999,2007,2,63.5,2,9,1,CollgCr,жилая малоэтажная,хорошее,есть,обычная
205000,143.2,143.2,0.0,143.2,1273.1,36.0,7,5,2001,2002,2006,3,78.3,2,6,1,CollgCr,жилая малоэтажная,хорошее,есть,обычная
149900,83.1,83.1,0.0,83.1,910.4,21.3,5,7,1972,1972,2006,2,51.3,1,5,0,CollgCr,жилая малоэтажная,среднее,есть,нетипичная
295000,324.5,155.6,168.9,136.6,1708.1,26.5,7,9,1880,2002,2008,3,80.8,3,10,1,OldTown,жилая многоквартирная,хорошее,есть,обычная
305900,185.8,185.8,0.0,185.8,964.9,24.4,8,5,2004,2005,2007,3,82.5,2,8,0,CollgCr,жилая малоэтажная,хорошее,есть,обычная
225000,208.4,104.2,104.1,65.0,1251.8,35.4,7,5,1990,1991,2007,3,69.3,2,8,1,SawyerW,жилая малоэтажная,хорошее,есть,обычная
89500,130.6,96.2,34.5,29.6,735.8,,6,7,1920,1950,2008,0,0.0,1,6,0,IDOTRR,жилая многоквартирная,ниже среднего,есть,обычная
82500,80.0,80.0,0.0,80.0,1146.6,,4,5,1940,1950,2009,2,50.1,1,4,0,Edwards,жилая малоэтажная,среднее,есть,обычная
360000,180.6,180.6,0.0,176.1,1150.0,27.4,9,5,2003,2004,2006,3,65.8,2,8,3,NridgHt,жилая малоэтажная,отличное,есть,обычная
165600,139.4,64.8,74.7,64.8,714.0,,6,5,1993,1994,2006,2,39.0,2,6,1,Gilbert,жилая малоэтажная,хорошее,есть,обычная
132000,90.3,90.3,0.0,90.3,743.2,15.2,6,6,1948,2002,2009,1,22.3,1,5,1,NAmes,жилая малоэтажная,среднее,есть,обычная
119900,103.9,73.7,30.2,73.7,724.6,19.8,5,7,1939,1950,2006,2,38.1,1,5,1,OldTown,жилая многоквартирная,среднее,есть,обычная
375000,189.2,189.2,0.0,198.4,19996.9,45.7,7,5,1965,1965,2009,2,47.7,2,8,2,Timber,жилая малоэтажная,среднее,есть,обычная
178000,152.5,77.3,75.2,67.6,891.9,18.3,7,7,1925,1990,2006,2,50.7,1,6,1,OldTown,жилая многоквартирная,отличное,есть,обычная
188500,133.0,66.5,66.5,66.5,724.2,21.6,7,5,2004,2005,2009,2,40.1,2,6,1,Gilbert,жилая малоэтажная,хорошее,есть,обычная
260000,218.6,107.1,111.5,78.5,1208.2,28.7,7,7,1980,1980,2009,2,45.0,2,10,1,NWAmes,жилая малоэтажная,отличное,есть,обычная
270000,182.0,101.1,80.9,101.1,836.1,22.9,8,5,2006,2006,2007,3,95.2,2,8,1,Somerst,посёлок,хорошее,есть,обычная
260000,245.8,127.5,118.4,125.1,919.7,27.4,7,5,1993,1993,2009,3,60.9,2,9,1,NoRidge,жилая малоэтажная,хорошее,есть,обычная
187500,136.8,136.8,0.0,127.5,1311.3,,7,5,1980,1980,2009,2,54.6,2,6,2,NWAmes,жилая малоэтажная,среднее,есть,обычная
342643,241.2,116.0,125.1,116.0,1510.5,33.8,9,5,2006,2006,2006,3,78.0,3,9,0,NridgHt,жилая малоэтажная,хорошее,есть,дом ещё строился
354000,229.3,105.5,123.7,105.5,1124.0,30.2,8,5,2004,2004,2007,3,81.0,2,10,1,NridgHt,жилая малоэтажная,хорошее,есть,обычная
301000,253.6,144.3,109.3,139.5,964.3,26.2,7,5,1986,1987,2007,2,53.5,2,8,1,SawyerW,жилая малоэтажная,хорошее,есть,обычная
126175,108.0,108.0,0.0,108.0,540.7,14.9,3,8,1955,2005,2006,1,20.4,1,6,0,OldTown,жилая многоквартирная,среднее,есть,обычная
242000,276.7,176.3,100.3,66.0,1047.5,29.3,7,7,1967,2007,2010,2,52.4,2,11,1,NAmes,жилая малоэтажная,хорошее,есть,обычная
87000,74.6,74.6,0.0,66.9,464.5,15.2,5,6,1941,1950,2007,2,33.4,1,5,0,IDOTRR,жилая многоквартирная,среднее,нет,обычная
324000,159.7,159.7,0.0,159.7,1007.6,9.8,8,5,1993,1993,2008,2,43.9,1,6,2,Veenker,жилая малоэтажная,хорошее,есть,обычная
145250,128.5,128.5,0.0,128.5,1077.7,24.4,6,5,1960,1960,2006,1,27.1,1,7,0,NAmes,жилая малоэтажная,среднее,есть,обычная
214500,198.3,134.2,64.0,78.4,1104.4,,6,6,1916,1994,2009,2,41.0,2,10,0,BrkSide,жилая малоэтажная,хорошее,нет,обычная
78000,110.7,55.4,55.4,55.4,594.8,18.3,5,5,1920,1950,2009,1,17.6,1,6,0,IDOTRR,жилая многоквартирная,среднее,нет,обычная
119000,160.5,160.5,0.0,160.5,987.0,,5,4,1964,1964,2007,1,32.7,2,10,0,NAmes,жилая малоэтажная,среднее,есть,обычная
139000,98.1,98.1,0.0,98.1,759.6,21.3,5,6,1958,1992,2007,1,28.6,1,6,0,NAmes,жилая малоэтажная,среднее,есть,обычная
284000,151.3,151.3,0.0,297.8,989.9,25.9,8,5,2003,2004,2009,3,81.8,2,7,1,NridgHt,жилая малоэтажная,хорошее,есть,обычная
207000,126.2,126.2,0.0,126.2,761.6,18.0,7,5,2004,2004,2008,2,45.0,2,6,1,NridgHt,жилая многоквартирная,хорошее,есть,обычная
192000,152.2,87.6,64.6,87.6,840.0,18.0,6,5,1998,1998,2008,2,43.9,2,7,2,Gilbert,жилая малоэтажная,среднее,есть,обычная
228950,165.9,150.4,15.5,139.3,15297.4,,5,6,1965,1965,2008,2,49.1,2,7,2,Timber,жилая малоэтажная,среднее,есть,обычная
377426,178.6,178.6,0.0,178.6,1315.2,26.2,9,5,2005,2006,2007,3,62.8,2,8,1,StoneBr,жилая малоэтажная,хорошее,есть,обычная
214000,142.7,142.7,0.0,142.7,848.7,21.3,7,5,2002,2003,2008,2,49.4,2,7,0,CollgCr,жилая малоэтажная,хорошее,есть,обычная
202500,150.6,150.6,0.0,112.2,1314.1,27.7,7,7,1984,1998,2006,2,40.9,2,8,0,NWAmes,жилая малоэтажная,хорошее,есть,обычная
155000,112.9,112.9,0.0,112.9,1152.0,20.1,6,7,1958,1998,2009,1,27.6,1,6,0,NAmes,жилая малоэтажная,среднее,есть,обычная
202900,177.3,92.3,85.0,89.8,1318.4,25.9,8,5,2002,2002,2010,2,40.0,2,9,0,Timber,жилая малоэтажная,хорошее,есть,обычная
82000,78.1,78.1,0.0,67.0,780.4,18.3,4,4,1950,1950,2009,1,27.3,1,4,0,SawyerW,жилая плотная,среднее,есть,обычная
87500,96.6,96.6,0.0,0.0,793.8,,3,4,1949,1950,2006,2,37.2,2,6,0,NAmes,жилая малоэтажная,среднее,нет,обычная
266000,156.4,156.4,0.0,156.4,822.1,19.2,9,5,2005,2005,2008,2,52.4,2,6,1,NridgHt,жилая малоэтажная,отличное,есть,обычная
85000,103.3,49.8,53.5,49.8,240.8,11.0,5,3,1976,1976,2010,1,31.2,1,4,0,MeadowV,жилая многоквартирная,среднее,есть,обычная
140200,146.5,90.3,56.2,90.3,597.8,19.8,6,5,1939,1950,2006,1,29.0,1,6,1,BrkSide,жилая малоэтажная,ниже среднего,есть,обычная
151500,89.0,89.0,0.0,89.0,1186.6,,6,8,1960,1998,2007,1,28.0,1,5,0,NAmes,жилая малоэтажная,среднее,есть,обычная
157500,137.3,137.3,0.0,137.3,1635.1,,6,5,1960,1960,2009,2,46.3,2,6,2,NAmes,жилая малоэтажная,среднее,есть,обычная
154000,151.1,71.0,80.1,71.0,227.4,11.0,7,5,2003,2004,2008,2,44.0,2,6,0,NridgHt,жилая малоэтажная,хорошее,есть,обычная
437154,253.4,171.7,81.8,171.7,1898.1,17.1,9,5,2005,2006,2006,3,65.6,2,10,2,NridgHt,жилая малоэтажная,отличное,есть,дом ещё строился
318061,173.6,173.6,0.0,173.6,726.5,20.7,9,5,2007,2007,2007,2,57.3,2,6,1,NridgHt,жилая малоэтажная,отличное,есть,дом ещё строился
190000,135.0,135.0,0.0,135.0,489.7,,7,5,1986,1986,2006,2,41.3,1,6,1,ClearCr,жилая малоэтажная,хорошее,есть,нетипичная
95000,103.2,57.2,46.0,57.2,843.9,18.3,5,6,1941,1950,2008,1,18.6,1,5,0,Edwards,жилая малоэтажная,среднее,нет,обычная
105900,66.9,66.9,0.0,58.0,791.5,18.3,6,8,1928,2003,2010,2,45.0,1,5,0,OldTown,жилая многоквартирная,среднее,есть,обычная
140000,148.2,110.7,37.4,87.3,780.4,18.3,6,5,1940,2000,2006,1,22.3,1,6,2,SWISU,жилая малоэтажная,среднее,есть,обычная
177500,111.5,111.5,0.0,111.5,1045.1,32.0,6,5,1995,1995,2007,2,48.4,2,6,0,CollgCr,жилая малоэтажная,хорошее,есть,обычная
173000,108.4,108.4,0.0,107.6,859.2,,6,6,1992,1992,2009,2,37.2,2,6,0,Gilbert,жилая малоэтажная,хорошее,есть,обычная
134000,106.1,106.1,0.0,106.1,392.4,13.4,5,5,1976,1976,2007,2,49.1,1,6,1,MeadowV,жилая многоквартирная,среднее,есть,обычная
130000,125.6,125.6,0.0,98.7,643.8,28.0,5,4,1958,1958,2006,1,26.8,1,6,0,ClearCr,жилая малоэтажная,хорошее,есть,нетипичная
280000,178.7,100.9,77.9,100.9,1115.9,23.8,8,5,1998,1998,2006,2,55.0,2,7,1,NoRidge,жилая малоэтажная,хорошее,есть,обычная
156000,84.7,84.7,0.0,82.5,700.5,,6,6,1978,1978,2007,2,43.7,1,5,1,Mitchel,жилая малоэтажная,среднее,есть,обычная
145000,139.8,91.8,48.0,82.0,849.5,,5,5,1940,1982,2008,1,22.3,1,8,0,BrkSide,жилая малоэтажная,среднее,есть,обычная
198500,178.6,46.0,132.6,0.0,678.3,19.5,7,5,2003,2003,2009,2,62.4,3,7,1,Edwards,жилая малоэтажная,хорошее,есть,обычная
118000,91.7,44.9,46.8,44.9,156.1,6.4,6,8,1972,2007,2009,1,24.5,1,5,0,BrDale,жилая многоквартирная,хорошее,есть,обычная
190000,146.2,73.4,72.8,74.0,1746.6,,6,5,1976,1976,2006,2,52.6,2,6,1,NWAmes,жилая малоэтажная,среднее,есть,обычная
147000,124.9,62.4,62.4,62.4,993.1,18.0,5,7,1920,1997,2009,1,43.5,1,6,0,IDOTRR,жилая многоквартирная,среднее,есть,обычная
159000,129.5,129.5,0.0,129.5,882.6,,6,5,1963,1963,2009,2,47.8,1,6,2,NAmes,жилая малоэтажная,среднее,есть,обычная
165000,132.9,132.9,0.0,102.1,850.1,30.8,6,5,1962,1962,2008,1,27.5,1,6,1,NAmes,жилая малоэтажная,среднее,есть,обычная
132000,117.8,117.8,0.0,117.8,724.6,23.8,5,6,1954,1954,2010,1,22.7,1,7,1,NAmes,жилая малоэтажная,среднее,есть,обычная
162000,119.6,119.6,0.0,98.8,913.2,,5,7,1959,2006,2010,2,53.5,1,7,1,NAmes,жилая малоэтажная,хорошее,есть,обычная
172400,154.6,88.5,66.1,88.5,754.5,,6,5,2000,2000,2006,2,42.7,2,7,1,Gilbert,жилая малоэтажная,среднее,есть,обычная
134432,147.5,104.1,43.5,0.0,1590.5,24.4,4,4,1959,1959,2008,2,63.2,2,7,1,ClearCr,жилая малоэтажная,среднее,есть,обычная
125000,69.9,69.9,0.0,69.1,666.6,15.2,6,5,1984,1984,2010,1,24.5,1,4,0,SawyerW,жилая малоэтажная,среднее,есть,обычная
123000,122.5,122.5,0.0,56.5,987.9,24.1,5,6,1953,1953,2009,1,25.1,1,5,0,NAmes,жилая малоэтажная,среднее,есть,обычная
219500,179.1,78.7,100.4,78.7,761.8,19.8,7,5,2003,2004,2007,2,40.3,2,8,1,CollgCr,жилая малоэтажная,хорошее,есть,обычная
61000,84.0,84.0,0.0,63.5,930.9,,1,1,1922,1950,2009,0,0.0,0,4,0,Edwards,жилая малоэтажная,ниже среднего,нет,обычная
148000,84.9,84.9,0.0,80.8,821.8,17.4,5,5,1996,1996,2006,2,53.5,1,5,0,CollgCr,жилая малоэтажная,среднее,есть,обычная
340000,229.1,146.8,82.3,146.8,1035.2,31.1,8,5,2004,2005,2007,2,56.7,3,8,1,Somerst,посёлок,хорошее,есть,обычная
394432,172.4,172.4,0.0,172.4,1058.5,26.8,9,2,2010,2010,2010,3,77.5,1,8,1,StoneBr,жилая малоэтажная,отличное,есть,дом ещё строился
179000,167.2,93.6,73.7,91.2,754.7,18.3,6,5,2000,2000,2009,2,43.0,2,7,1,Gilbert,жилая малоэтажная,среднее,есть,обычная
127000,157.1,95.3,61.8,95.3,464.5,15.2,5,6,1924,1950,2010,1,28.6,2,6,1,SWISU,жилая малоэтажная,хорошее,есть,обычная
187750,120.9,120.9,0.0,120.1,668.9,18.3,7,5,2006,2006,2006,2,53.1,2,5,1,Somerst,посёлок,хорошее,есть,дом ещё строился
213500,166.9,87.2,79.7,87.2,858.9,24.1,7,5,2006,2006,2007,2,59.4,2,8,0,CollgCr,жилая малоэтажная,хорошее,есть,обычная
76000,72.8,72.8,0.0,72.8,836.1,18.3,6,3,1928,1950,2009,2,33.4,1,5,0,SawyerW,жилая плотная,среднее,нет,обычная
240000,181.4,100.2,81.2,146.8,4933.8,,6,5,1992,1992,2007,2,46.5,2,9,2,ClearCr,жилая малоэтажная,хорошее,есть,обычная
192000,117.9,117.9,0.0,116.7,295.6,13.1,8,5,2004,2005,2010,2,39.9,2,6,1,Blmngtn,жилая малоэтажная,хорошее,есть,обычная
81000,110.0,61.1,48.9,61.1,781.3,17.7,5,3,1910,1996,2006,0,0.0,1,8,0,Edwards,жилая малоэтажная,среднее,есть,вместе с участком
125000,104.5,104.5,0.0,96.7,668.9,21.9,6,6,1976,1976,2009,1,32.7,1,6,1,Edwards,жилая малоэтажная,среднее,есть,нетипичная
191000,137.4,137.4,0.0,136.4,871.6,28.3,7,5,1999,2000,2008,2,53.6,2,6,0,CollgCr,жилая малоэтажная,хорошее,есть,обычная
426000,216.6,161.8,54.8,156.3,1158.9,29.3,10,5,2007,2008,2008,3,78.6,2,9,1,NridgHt,жилая малоэтажная,отличное,есть,дом ещё строился
119000,127.0,89.3,37.7,80.0,780.9,15.2,5,8,1900,1950,2008,1,35.7,1,7,0,Edwards,жилая малоэтажная,среднее,есть,обычная
215000,182.2,74.7,107.5,74.7,1134.3,21.6,6,5,2001,2002,2009,2,52.0,2,7,1,Mitchel,жилая малоэтажная,хорошее,есть,обычная
106500,81.9,81.9,0.0,0.0,774.7,,5,7,1959,1959,2007,1,27.3,1,5,0,NAmes,жилая малоэтажная,среднее,есть,обычная
100000,73.2,73.2,0.0,73.2,691.8,,4,5,1941,1950,2006,0,0.0,1,4,2,BrkSide,жилая малоэтажная,среднее,есть,нетипичная
109000,96.1,68.3,27.8,68.3,941.5,18.3,5,6,1940,1950,2007,1,22.3,1,5,0,OldTown,жилая малоэтажная,среднее,есть,обычная
129000,106.3,106.3,0.0,106.3,889.2,20.7,5,6,1956,1956,2010,1,55.4,1,6,0,Edwards,жилая малоэтажная,среднее,есть,обычная
123000,83.1,83.1,0.0,83.1,668.9,18.3,5,5,1972,1972,2009,2,55.7,1,6,0,CollgCr,жилая малоэтажная,среднее,есть,обычная
169500,168.3,81.4,87.0,80.3,705.1,21.0,5,5,1962,1962,2007,1,24.5,2,8,1,NAmes,жилая малоэтажная,среднее,есть,обычная
67000,100.1,100.1,0.0,89.3,833.1,18.3,5,2,1920,1950,2007,1,31.4,1,6,0,IDOTRR,жилая многоквартирная,среднее,есть,нетипичная
241000,144.0,103.3,40.7,101.5,754.8,19.8,7,5,2006,2007,2009,2,40.7,2,7,0,Somerst,посёлок,хорошее,есть,обычная
245500,119.7,119.7,0.0,117.1,1390.1,11.6,8,5,1996,1996,2008,2,46.5,1,4,2,Veenker,жилая малоэтажная,отличное,есть,обычная
164990,121.7,121.7,0.0,121.7,814.5,19.8,7,5,2005,2005,2006,2,37.2,2,6,1,CollgCr,жилая малоэтажная,хорошее,есть,дом ещё строился
108000,62.4,62.4,0.0,62.4,947.6,18.3,5,8,1940,1997,2008,1,22.3,1,4,0,Sawyer,жилая малоэтажная,среднее,есть,обычная
258000,210.2,108.2,102.0,106.0,1123.2,28.3,8,5,1998,1998,2006,2,39.0,2,10,1,NoRidge,жилая малоэтажная,хорошее,есть,нетипичная
168000,146.0,74.9,71.2,74.9,962.8,,6,5,1995,1996,2007,2,34.7,2,7,1,Gilbert,жилая малоэтажная,среднее,есть,обычная
150000,150.5,150.5,0.0,119.0,928.2,,4,4,1976,1993,2009,2,45.5,2,8,1,Sawyer,жилая малоэтажная,среднее,есть,обычная
115000,152.3,108.3,0.0,98.8,973.6,15.5,6,5,1936,1950,2008,1,22.3,1,6,0,SWISU,жилая малоэтажная,среднее,есть,обычная
177000,156.1,78.0,78.0,78.0,1447.1,19.2,6,7,1915,1976,2008,1,28.6,2,8,0,Crawfor,жилая малоэтажная,среднее,есть,обычная
280000,201.8,99.5,102.3,98.8,1314.9,33.2,7,5,2006,2006,2007,3,88.0,2,9,1,NridgHt,жилая малоэтажная,хорошее,есть,дом ещё строился
339750,193.1,97.5,95.5,96.1,1003.4,25.9,8,5,2007,2008,2008,3,77.7,2,8,1,Somerst,посёлок,отличное,есть,дом ещё строился
60000,118.5,118.5,0.0,118.5,889.2,20.7,5,3,1958,1958,2009,1,32.5,1,5,0,Edwards,жилая малоэтажная,среднее,есть,нетипичная
145000,98.1,98.1,0.0,98.1,3219.1,30.5,5,5,1955,1955,2006,2,53.1,1,5,0,Gilbert,жилая малоэтажная,среднее,нет,обычная
222000,137.3,137.3,0.0,136.6,409.1,,7,5,2009,2009,2010,2,45.0,2,7,1,Somerst,посёлок,хорошее,есть,дом ещё строился
115000,95.5,95.5,0.0,93.6,832.4,17.1,5,6,1927,1950,2010,2,33.4,1,5,1,OldTown,жилая многоквартирная,среднее,есть,обычная
228000,194.8,100.3,94.5,100.3,1043.1,18.0,7,5,1993,1993,2008,3,63.0,2,9,1,SawyerW,жилая малоэтажная,хорошее,есть,обычная
181134,124.5,124.5,0.0,124.5,826.7,22.3,7,5,2007,2007,2007,2,36.8,2,6,0,Gilbert,жилая малоэтажная,хорошее,есть,дом ещё строился
149500,130.1,62.4,67.6,62.4,728.7,22.6,6,7,1978,1978,2006,2,40.9,1,6,1,Sawyer,жилая малоэтажная,среднее,есть,обычная
239000,243.8,127.3,116.5,127.3,2082.9,26.2,6,6,1918,1950,2007,3,80.3,2,10,1,Crawfor,жилая малоэтажная,среднее,нет,обычная
126000,105.4,70.2,35.1,70.2,758.1,18.3,5,6,1940,1950,2007,1,22.3,1,7,0,Edwards,жилая малоэтажная,среднее,нет,вместе с участком
142000,98.1,98.1,0.0,98.1,785.0,19.8,5,6,1968,1968,2010,1,28.2,1,6,1,NAmes,жилая малоэтажная,среднее,есть,обычная
206300,124.9,124.9,0.0,124.9,655.9,23.8,7,5,1997,1998,2008,4,72.8,2,8,0,Mitchel,жилая многоквартирная,среднее,есть,раздел имущества
215000,148.8,148.8,0.0,148.8,1545.4,,6,7,1977,2000,2009,2,49.1,2,8,1,NWAmes,жилая малоэтажная,хорошее,есть,обычная
113000,91.8,91.8,0.0,91.8,2020.6,30.5,5,5,1954,1954,2008,2,48.3,1,4,0,Mitchel,жилая малоэтажная,среднее,есть,обычная
315000,244.3,136.6,107.8,136.6,854.7,24.4,8,5,1998,1998,2008,3,64.7,2,8,1,NoRidge,жилая малоэтажная,хорошее,есть,обычная
139000,111.1,111.1,0.0,111.1,836.1,21.9,6,5,1956,1956,2008,1,27.6,1,6,1,NAmes,жилая малоэтажная,среднее,есть,обычная
135000,129.0,65.7,63.4,60.5,313.8,18.3,7,8,1946,1992,2009,1,22.3,1,6,2,OldTown,жилая многоквартирная,среднее,есть,обычная
275000,152.7,152.7,0.0,141.0,1189.2,,7,5,1989,1989,2009,2,52.9,2,5,1,SawyerW,жилая малоэтажная,хорошее,есть,обычная
109008,84.3,84.3,0.0,84.3,798.3,23.5,4,6,1957,1957,2008,1,32.7,1,5,0,NAmes,жилая малоэтажная,среднее,есть,обычная
195400,112.2,112.2,0.0,112.2,628.2,19.5,7,5,2007,2007,2007,2,58.3,2,6,0,CollgCr,жилая малоэтажная,хорошее,есть,дом ещё строился
175000,131.2,131.2,0.0,129.3,1064.4,39.6,6,5,1988,1988,2009,2,53.5,2,6,1,Timber,жилая малоэтажная,хорошее,есть,обычная
85400,91.7,44.9,46.8,44.9,156.1,6.4,6,5,1971,1971,2008,1,24.5,1,4,0,BrDale,жилая многоквартирная,среднее,есть,нетипичная
79900,111.3,101.1,10.2,83.7,519.0,18.3,6,7,1920,1998,2008,0,0.0,1,7,0,OldTown,жилая многоквартирная,среднее,есть,нетипичная
122500,126.8,71.1,55.7,71.1,178.4,7.3,5,5,1971,1971,2007,2,40.9,1,6,0,BrDale,жилая многоквартирная,среднее,есть,обычная
181000,149.0,86.0,63.0,86.0,1007.0,30.5,6,5,1997,1998,2008,2,43.7,2,7,1,Gilbert,жилая малоэтажная,среднее,есть,обычная
81000,58.5,58.5,0.0,58.5,175.6,6.4,4,7,1972,1972,2008,0,0.0,1,3,0,MeadowV,жилая многоквартирная,среднее,есть,обычная
212000,154.3,76.8,77.5,74.2,991.0,13.1,7,6,1996,1996,2009,2,51.1,2,6,1,CollgCr,жилая малоэтажная,хорошее,есть,обычная
116000,103.9,68.2,35.7,60.2,408.8,12.2,6,8,1920,1950,2006,2,40.9,1,6,0,OldTown,жилая многоквартирная,среднее,есть,обычная
119000,84.0,84.0,0.0,82.1,557.4,15.2,6,7,1926,2004,2009,1,16.7,1,4,0,BrkSide,жилая многоквартирная,среднее,есть,обычная
90350,64.5,64.5,0.0,40.9,397.6,12.2,5,6,1913,2002,2007,1,32.7,1,4,1,Crawfor,жилая малоэтажная,хорошее,нет,обычная
110000,111.1,63.5,47.6,63.5,1147.7,20.4,6,8,1920,2000,2009,2,49.1,1,7,0,Edwards,жилая малоэтажная,хорошее,есть,обычная
555000,223.2,223.2,0.0,287.4,1433.6,32.0,10,5,2008,2008,2009,3,62.4,2,10,2,NridgHt,жилая малоэтажная,отличное,есть,обычная
118000,133.8,133.8,0.0,133.8,1124.9,28.0,4,4,1955,1955,2008,0,0.0,2,8,0,Edwards,жилая малоэтажная,ниже среднего,нет,обычная
162900,146.1,104.8,41.3,100.1,579.7,15.8,5,7,1930,1992,2008,2,33.4,2,8,1,BrkSide,жилая многоквартирная,среднее,есть,обычная
172500,116.9,116.9,0.0,116.9,364.4,16.2,7,5,2006,2007,2007,3,60.2,2,6,1,Blmngtn,жилая малоэтажная,хорошее,есть,дом ещё строился
210000,177.3,86.7,90.6,85.0,812.9,21.3,7,5,1994,1995,2008,2,45.8,2,8,1,CollgCr,жилая малоэтажная,хорошее,есть,обычная
127500,156.9,156.9,0.0,133.4,915.6,22.3,6,5,1956,1956,2009,2,44.6,1,7,1,Edwards,жилая малоэтажная,среднее,есть,обычная
190000,175.4,175.4,0.0,140.9,1532.2,41.8,6,6,1966,2002,2010,2,53.7,2,6,1,NAmes,жилая малоэтажная,хорошее,есть,обычная
199900,175.2,88.8,86.4,86.4,1041.8,,7,5,1998,1999,2006,2,40.0,2,10,1,Gilbert,жилая малоэтажная,хорошее,есть,обычная
119500,127.8,72.5,55.4,72.5,799.0,15.2,6,6,1937,1950,2006,1,18.4,2,7,1,IDOTRR,жилая многоквартирная,среднее,есть,обычная
120000,109.9,63.1,46.8,60.3,557.4,15.2,3,7,1948,2002,2007,1,28.6,1,6,0,OldTown,жилая многоквартирная,среднее,есть,обычная
110000,75.5,75.5,0.0,75.5,528.1,21.3,6,8,1930,2005,2006,1,25.1,1,5,0,OldTown,жилая многоквартирная,хорошее,есть,обычная
280000,142.4,142.4,0.0,142.4,6573.9,18.9,7,5,1975,1975,2006,2,53.5,2,5,2,ClearCr,жилая малоэтажная,хорошее,есть,обычная
204000,163.1,82.5,80.6,81.0,864.3,,6,5,1996,1997,2007,2,39.2,2,7,0,Timber,жилая малоэтажная,среднее,есть,обычная
210000,147.7,73.0,74.7,71.3,836.1,22.9,8,5,2008,2008,2009,2,62.8,2,6,0,Somerst,посёлок,хорошее,есть,обычная
188000,160.5,160.5,0.0,160.5,863.7,19.2,5,5,1976,1976,2006,2,52.0,2,8,0,Mitchel,жилая малоэтажная,среднее,есть,между родственниками
175500,115.4,115.4,0.0,115.4,891.9,24.4,7,6,1973,1973,2007,2,49.1,1,6,1,NWAmes,жилая малоэтажная,среднее,есть,обычная
98000,124.9,58.0,66.9,58.0,424.7,10.4,5,5,1916,1950,2008,3,47.7,1,7,0,OldTown,жилая многоквартирная,среднее,нет,нетипичная
256000,154.5,154.5,0.0,126.7,4945.0,,4,6,1954,1994,2008,2,49.1,1,6,2,ClearCr,жилая малоэтажная,хорошее,есть,обычная
161000,154.8,77.4,77.4,54.6,473.8,,8,7,1925,1996,2008,1,21.2,1,7,1,OldTown,жилая многоквартирная,хорошее,есть,обычная
110000,111.8,91.0,20.8,65.9,651.7,,5,4,1950,1950,2009,1,32.7,1,5,1,BrkSide,жилая малоэтажная,хорошее,есть,обычная
263435,179.8,77.3,102.5,77.3,743.6,22.9,8,5,2009,2009,2009,2,51.3,2,8,0,Somerst,посёлок,среднее,есть,дом ещё строился
155000,105.4,53.4,52.0,52.0,668.9,18.3,7,9,1936,2007,2009,2,53.5,1,6,0,SWISU,жилая малоэтажная,хорошее,есть,обычная
62383,80.3,80.3,0.0,80.3,769.3,18.3,5,5,1965,1965,2009,1,33.4,1,5,1,Sawyer,жилая малоэтажная,среднее,есть,обычная
188700,154.2,78.9,75.3,66.4,1113.7,22.6,6,7,1934,1995,2008,1,22.3,1,6,1,Crawfor,жилая малоэтажная,среднее,есть,обычная
124000,96.6,96.6,0.0,96.6,783.2,18.3,5,5,1978,1978,2009,0,0.0,2,5,0,CollgCr,жилая малоэтажная,среднее,есть,обычная
178740,131.4,131.4,0.0,127.7,285.4,,7,5,2004,2004,2006,2,37.0,2,6,1,Blmngtn,жилая многоквартирная,хорошее,есть,обычная
167000,118.6,118.6,0.0,118.6,987.4,25.9,7,5,1970,1970,2007,2,48.9,1,5,1,NAmes,жилая малоэтажная,среднее,есть,обычная
146500,152.7,82.5,70.2,67.6,880.7,24.1,5,7,1942,1995,2007,1,29.0,1,7,2,NAmes,жилая малоэтажная,хорошее,есть,обычная
250000,151.8,151.8,0.0,151.1,1061.7,29.9,8,5,2006,2006,2007,3,80.5,2,7,1,NridgHt,жилая малоэтажная,хорошее,есть,обычная
187000,158.9,77.3,81.6,77.3,863.2,23.2,6,5,1993,1993,2008,2,47.0,2,7,0,SawyerW,жилая малоэтажная,хорошее,есть,обычная
212000,139.5,139.5,0.0,138.2,633.6,,8,5,1985,1985,2010,2,49.1,1,4,0,StoneBr,жилая малоэтажная,хорошее,есть,обычная
190000,182.9,107.9,75.1,75.1,1110.4,28.0,7,6,1977,1977,2007,2,49.6,2,8,1,NWAmes,жилая малоэтажная,среднее,есть,обычная
148000,99.6,99.6,0.0,50.8,341.4,10.7,6,5,2005,2005,2008,2,48.8,1,5,0,Edwards,жилая многоквартирная,среднее,есть,обычная
440000,183.6,183.6,0.0,183.6,1391.4,33.5,8,5,2006,2007,2007,3,84.4,2,7,1,NridgHt,жилая малоэтажная,хорошее,есть,дом ещё строился
251000,153.5,153.5,0.0,138.8,495.2,12.5,8,5,2000,2000,2007,2,46.4,2,6,0,StoneBr,жилая малоэтажная,отличное,есть,обычная
132500,90.1,90.1,0.0,90.1,787.8,24.4,5,6,1963,1963,2007,2,58.0,1,5,0,Sawyer,жилая малоэтажная,среднее,есть,обычная
208900,138.7,138.7,0.0,137.3,1219.4,22.9,6,5,1997,1998,2008,2,47.2,2,7,1,CollgCr,жилая малоэтажная,хорошее,есть,обычная
380000,245.5,192.2,53.3,200.0,1272.1,32.0,9,5,2006,2006,2007,3,64.5,2,9,1,NridgHt,жилая малоэтажная,отличное,есть,обычная
297000,159.6,159.6,0.0,158.4,988.2,24.1,8,5,2007,2008,2009,3,76.7,2,7,1,CollgCr,жилая малоэтажная,хорошее,есть,обычная
89471,105.1,105.1,0.0,84.3,550.5,15.2,4,7,1937,2000,2007,2,62.4,1,7,0,OldTown,жилая многоквартирная,среднее,есть,раздел имущества
326000,171.9,171.9,0.0,170.3,1489.5,29.9,9,5,2004,2005,2006,3,71.7,2,8,1,NridgHt,жилая малоэтажная,хорошее,есть,обычная
374000,166.5,166.5,0.0,166.5,1100.5,21.9,9,5,2003,2004,2006,3,81.2,2,6,1,NridgHt,жилая малоэтажная,отличное,есть,обычная
155000,169.6,85.1,84.5,84.5,232.3,15.2,7,8,1915,2005,2009,1,15.2,1,7,1,OldTown,жилая многоквартирная,отличное,есть,обычная
164000,113.0,113.0,0.0,113.0,418.1,9.8,6,5,1998,1998,2006,2,37.3,2,5,0,Mitchel,жилая многоквартирная,среднее,есть,обычная
132500,92.8,92.8,0.0,92.8,720.7,,5,7,1962,2001,2007,1,24.5,1,6,0,Sawyer,жилая малоэтажная,хорошее,есть,обычная
147000,103.4,103.4,0.0,103.4,891.9,24.4,5,7,1950,2007,2009,1,24.5,1,5,1,NAmes,жилая малоэтажная,хорошее,есть,обычная
156000,99.7,99.7,0.0,99.7,955.9,24.1,5,7,1965,1965,2007,2,47.8,1,6,0,NAmes,жилая малоэтажная,среднее,есть,обычная
175000,137.9,137.9,0.0,137.9,1137.4,21.3,5,6,1971,1971,2007,2,45.2,2,7,1,NWAmes,жилая малоэтажная,среднее,есть,обычная
160000,224.3,164.1,60.2,88.6,1003.4,18.3,5,4,1900,1970,2006,2,48.3,2,10,1,OldTown,жилая малоэтажная,среднее,нет,обычная
86000,58.5,58.5,0.0,58.5,141.8,6.4,4,8,1970,2002,2009,1,26.6,1,3,0,MeadowV,жилая многоквартирная,хорошее,есть,обычная
115000,121.1,57.2,63.9,24.5,247.6,,5,6,1976,1976,2008,1,31.2,1,4,1,MeadowV,жилая многоквартирная,среднее,есть,обычная
133000,146.6,89.0,57.6,74.9,881.6,24.1,6,7,1941,1950,2006,1,22.3,1,5,2,NAmes,жилая малоэтажная,ниже среднего,есть,обычная
172785,135.3,67.6,67.6,67.6,1447.2,32.0,6,5,2006,2006,2006,2,39.9,2,8,0,Gilbert,жилая малоэтажная,среднее,есть,дом ещё строился
155000,117.9,117.9,0.0,117.9,736.8,21.3,5,6,1960,1960,2008,1,28.6,1,6,1,NAmes,жилая малоэтажная,среднее,есть,обычная
91300,82.3,82.3,0.0,17.7,537.4,15.2,5,8,1938,1996,2009,1,25.4,1,4,0,OldTown,жилая многоквартирная,среднее,есть,обычная
34900,66.9,66.9,0.0,66.9,732.0,18.3,4,5,1920,1950,2009,0,0.0,1,4,0,IDOTRR,коммерческая,среднее,нет,нетипичная
430000,299.9,299.9,0.0,297.3,1179.1,,8,5,1992,1993,2007,2,50.7,3,10,1,NoRidge,жилая малоэтажная,хорошее,есть,обычная
184000,169.1,105.3,63.8,95.3,847.3,18.3,7,6,1925,1950,2008,1,22.3,2,8,0,BrkSide,жилая малоэтажная,среднее,есть,обычная
130000,83.5,83.5,0.0,80.3,724.6,19.8,5,7,1967,2004,2009,1,26.8,1,5,0,Sawyer,жилая малоэтажная,хорошее,есть,обычная
120000,84.7,84.7,0.0,84.7,700.0,21.3,5,7,1958,1985,2007,1,27.6,1,5,0,NAmes,жилая малоэтажная,среднее,есть,обычная
113000,113.2,62.4,50.7,62.4,175.6,6.4,6,5,1973,1973,2007,1,24.5,1,7,0,BrDale,жилая многоквартирная,среднее,есть,обычная
226700,164.3,80.5,83.8,80.5,910.7,22.9,7,5,2005,2005,2008,2,56.0,2,7,0,Somerst,посёлок,хорошее,есть,обычная
140000,112.8,112.8,0.0,112.8,851.9,21.3,5,7,1965,1965,2007,2,42.8,1,6,0,Edwards,жилая малоэтажная,среднее,есть,обычная
289000,167.3,167.3,0.0,139.4,1449.5,30.5,7,8,1959,1997,2010,2,45.0,2,6,2,Crawfor,жилая малоэтажная,среднее,есть,обычная
147000,122.8,79.4,43.4,79.4,214.4,7.3,6,5,1974,1974,2009,2,40.9,2,6,1,NPkVill,жилая малоэтажная,среднее,есть,обычная
124500,182.1,89.2,92.9,89.2,705.7,18.3,5,5,1952,1952,2009,2,37.2,2,10,0,OldTown,жилая многоквартирная,среднее,есть,обычная
215000,177.5,98.9,78.6,72.2,887.6,24.4,8,5,1993,1994,2006,2,43.8,2,8,1,SawyerW,жилая малоэтажная,хорошее,есть,обычная
208300,113.2,113.2,0.0,113.2,730.4,22.9,6,5,2009,2009,2009,2,62.8,2,4,0,Somerst,посёлок,хорошее,есть,дом ещё строился
161000,128.0,64.0,64.0,64.0,891.9,18.3,7,9,1928,2005,2008,2,33.4,2,7,1,OldTown,жилая многоквартирная,хорошее,есть,обычная
124500,96.7,96.7,0.0,96.7,891.9,24.4,5,6,1959,1959,2009,1,25.1,1,6,0,NAmes,жилая малоэтажная,среднее,есть,обычная
164900,126.6,126.6,0.0,93.6,1352.6,22.9,5,7,1951,2000,2009,1,26.8,1,6,2,NAmes,жилая малоэтажная,среднее,есть,обычная
202665,127.1,127.1,0.0,127.1,631.0,12.2,7,5,2005,2006,2006,2,44.0,2,6,1,NridgHt,жилая малоэтажная,хорошее,есть,дом ещё строился
129900,80.3,80.3,0.0,80.3,845.4,21.3,5,5,1958,1958,2006,2,58.0,1,5,0,NAmes,жилая малоэтажная,среднее,есть,обычная
134000,100.3,100.3,0.0,100.7,853.5,21.6,6,5,1983,1983,2007,2,45.0,1,5,0,Mitchel,жилая малоэтажная,среднее,есть,обычная
96500,73.3,73.3,0.0,71.3,984.2,16.8,5,5,1926,1950,2007,1,18.6,1,5,0,Crawfor,жилая малоэтажная,среднее,нет,обычная
402861,187.7,187.7,0.0,186.4,1135.3,28.7,10,5,2009,2009,2009,3,83.6,2,9,1,NridgHt,жилая малоэтажная,отличное,есть,дом ещё строился
158000,196.9,128.0,68.8,64.0,970.7,,6,6,1972,1972,2009,2,54.2,2,7,1,NWAmes,жилая малоэтажная,среднее,есть,нетипичная
265000,217.8,118.6,99.1,117.4,948.4,24.1,7,5,1996,1997,2009,3,82.6,2,7,1,NoRidge,жилая малоэтажная,хорошее,есть,обычная
211000,166.9,81.9,84.9,73.8,885.5,,6,5,1998,1998,2007,2,50.7,2,7,0,CollgCr,жилая малоэтажная,среднее,есть,обычная
234000,193.2,118.5,74.7,118.5,1014.3,16.2,7,9,1926,2004,2009,1,26.2,1,9,2,Crawfor,жилая малоэтажная,хорошее,есть,обычная
106250,120.2,64.5,55.7,0.0,1003.4,18.3,4,7,1900,2000,2008,0,0.0,2,7,0,OldTown,жилая малоэтажная,среднее,нет,обычная
150000,115.6,115.6,0.0,115.6,1113.7,27.4,6,6,1957,1957,2007,1,31.2,1,6,2,NAmes,жилая малоэтажная,среднее,есть,обычная
159000,154.6,93.3,61.3,93.3,464.5,15.2,6,7,1947,1950,2006,2,39.0,2,7,2,BrkSide,жилая многоквартирная,среднее,есть,обычная
184750,434.4,291.5,142.9,291.5,3724.9,39.6,10,5,2007,2008,2007,3,82.1,3,11,1,Edwards,жилая малоэтажная,отличное,есть,дом ещё строился
315750,222.8,128.5,94.3,128.1,1095.0,29.0,7,5,1996,1997,2007,3,77.5,2,8,1,NoRidge,жилая малоэтажная,хорошее,есть,обычная
176000,117.6,117.6,0.0,116.8,696.8,18.9,7,5,2005,2005,2006,2,42.1,2,6,1,Somerst,посёлок,хорошее,есть,обычная
132000,86.2,86.2,0.0,86.2,1235.6,21.3,5,7,1956,2000,2007,1,23.4,1,4,0,NAmes,жилая малоэтажная,среднее,есть,обычная
446261,252.0,137.1,114.9,134.9,1388.7,20.4,9,5,2008,2008,2008,3,79.7,2,11,1,NridgHt,жилая малоэтажная,отличное,есть,дом ещё строился
86000,56.2,56.2,0.0,49.1,845.2,17.7,4,7,1920,2002,2007,0,0.0,1,5,0,Edwards,жилая малоэтажная,среднее,есть,обычная
200624,233.7,233.7,0.0,189.1,3035.0,,6,3,1957,1975,2007,2,45.0,3,9,2,Crawfor,жилая малоэтажная,среднее,есть,раздел имущества
175000,140.2,140.2,0.0,135.7,947.6,25.9,6,5,1988,1989,2008,2,55.7,2,5,1,Timber,жилая малоэтажная,хорошее,есть,нетипичная
128000,126.5,69.8,56.8,56.8,571.8,18.3,6,8,1920,1999,2008,2,46.6,2,6,0,BrkSide,жилая многоквартирная,среднее,есть,обычная
107500,76.8,76.8,0.0,0.0,668.9,18.3,5,7,1955,2007,2010,1,36.4,1,5,1,NAmes,жилая малоэтажная,среднее,есть,обычная
39300,31.0,31.0,0.0,0.0,464.5,15.2,1,3,1946,1950,2007,0,0.0,1,2,0,BrkSide,жилая малоэтажная,ниже среднего,нет,обычная
178000,131.4,65.7,65.7,65.7,841.3,22.6,8,5,2004,2004,2006,2,37.4,2,6,1,Gilbert,жилая малоэтажная,хорошее,есть,обычная
107500,125.1,76.2,49.0,103.8,650.3,21.3,5,7,1910,1991,2008,0,0.0,1,5,0,Edwards,жилая малоэтажная,среднее,есть,обычная
188000,160.2,81.8,78.4,81.8,829.1,17.4,7,5,1998,1999,2008,2,49.0,2,8,0,CollgCr,жилая малоэтажная,хорошее,есть,обычная
111250,80.3,80.3,0.0,80.3,1183.1,,4,5,1972,1972,2008,2,53.5,1,5,0,NAmes,жилая малоэтажная,среднее,есть,обычная
158000,107.7,107.7,0.0,97.6,1073.3,,5,5,1968,1968,2006,1,31.2,1,7,1,Sawyer,жилая малоэтажная,среднее,есть,обычная
272000,148.7,148.7,0.0,146.9,1061.2,,8,5,2001,2002,2010,2,62.2,2,6,1,CollgCr,жилая малоэтажная,хорошее,есть,обычная
315000,170.8,170.8,0.0,170.8,1356.5,25.9,9,5,2006,2006,2009,3,71.1,2,8,1,Timber,жилая малоэтажная,отличное,есть,обычная
248000,212.3,92.6,119.7,90.0,1021.9,,8,5,2000,2000,2007,3,60.2,2,8,1,NoRidge,жилая малоэтажная,хорошее,есть,обычная
213250,156.1,156.1,0.0,153.3,942.0,23.8,7,5,1998,1999,2009,2,54.2,2,7,1,NWAmes,жилая малоэтажная,хорошее,есть,обычная
133000,71.3,71.3,0.0,67.2,377.0,10.4,7,5,1998,1998,2007,1,34.1,1,4,0,NAmes,жилая плотная,среднее,есть,обычная
179665,139.0,61.7,77.3,60.8,1589.0,17.7,7,5,2006,2006,2006,2,39.6,2,7,1,Gilbert,жилая малоэтажная,хорошее,есть,дом ещё строился
229000,202.8,127.9,74.9,111.9,1285.5,,7,5,1988,1988,2006,3,73.0,2,9,0,NWAmes,жилая малоэтажная,хорошее,есть,обычная
210000,151.9,85.0,66.9,98.9,811.7,21.3,6,7,1923,1950,2007,2,40.9,1,6,1,BrkSide,жилая малоэтажная,среднее,есть,обычная
129500,71.3,71.3,0.0,71.3,673.0,16.5,5,7,1970,1970,2007,2,58.0,1,5,0,Mitchel,жилая малоэтажная,среднее,есть,обычная
125000,76.6,76.6,0.0,76.6,765.1,14.9,5,7,1955,1995,2008,2,66.9,1,4,0,OldTown,жилая многоквартирная,среднее,есть,обычная
263000,194.5,84.7,109.8,84.7,871.0,22.9,7,5,2003,2004,2009,2,57.1,2,8,1,Somerst,посёлок,хорошее,есть,обычная
140000,99.3,99.3,0.0,99.3,375.6,16.2,6,6,1977,1977,2008,2,40.9,2,4,0,NPkVill,жилая малоэтажная,среднее,есть,нетипичная
112500,86.2,86.2,0.0,86.2,557.4,15.2,5,6,1957,1957,2008,1,26.8,1,5,0,OldTown,жилая многоквартирная,среднее,есть,обычная
255500,159.5,159.5,0.0,158.8,1035.5,26.5,8,5,2006,2006,2009,3,84.4,2,7,1,NridgHt,жилая малоэтажная,хорошее,есть,обычная
108000,104.6,104.6,0.0,0.0,815.4,20.4,4,5,1949,2003,2009,2,48.3,2,5,0,Edwards,жилая малоэтажная,хорошее,есть,обычная
284000,190.1,93.5,96.6,92.7,987.1,25.9,7,5,2003,2004,2008,3,80.9,2,8,1,NridgHt,жилая малоэтажная,хорошее,есть,обычная
113000,97.4,97.4,0.0,92.3,592.7,17.7,5,6,1922,1950,2006,1,26.0,1,5,1,BrkSide,жилая многоквартирная,среднее,есть,обычная
141000,101.5,101.5,0.0,101.5,1379.6,21.0,5,5,1957,1957,2006,1,27.8,1,6,1,NAmes,жилая малоэтажная,среднее,есть,обычная
108000,124.1,83.3,40.8,59.2,1025.6,18.3,4,6,1920,1950,2006,1,53.0,1,7,0,IDOTRR,коммерческая,среднее,есть,обычная
175000,134.3,67.7,66.6,67.7,2032.0,17.4,7,5,1996,1997,2008,2,37.7,2,6,1,Gilbert,жилая малоэтажная,среднее,есть,обычная
234000,144.7,144.7,0.0,127.6,296.9,,7,5,2003,2004,2006,2,39.0,2,7,1,Blmngtn,жилая малоэтажная,хорошее,есть,обычная
121500,129.3,129.3,0.0,129.3,1053.6,,5,6,1957,1996,2010,2,49.1,1,5,1,Sawyer,жилая малоэтажная,среднее,есть,обычная
170000,129.0,129.0,0.0,129.0,930.0,23.5,5,5,1974,1975,2006,2,38.8,1,6,1,Mitchel,жилая малоэтажная,среднее,есть,обычная
108000,92.5,92.5,0.0,92.5,1292.0,19.2,5,6,1940,1969,2008,0,0.0,1,6,1,Edwards,жилая малоэтажная,среднее,есть,обычная
185000,155.5,108.0,47.5,108.0,2023.4,20.1,6,7,1918,1950,2008,2,36.8,2,8,1,Edwards,жилая малоэтажная,среднее,есть,обычная
268000,213.2,108.3,104.9,101.7,1239.9,,7,5,1992,2000,2006,2,54.8,2,9,1,NoRidge,жилая малоэтажная,хорошее,есть,обычная
128000,153.0,78.1,74.9,74.9,637.1,20.1,6,4,1915,1950,2010,1,20.1,1,6,0,SWISU,жилая малоэтажная,ниже среднего,нет,обычная
325000,232.6,105.4,127.3,104.2,1040.3,23.5,9,5,2005,2007,2008,3,60.9,2,11,1,StoneBr,жилая малоэтажная,отличное,есть,обычная
214000,142.6,142.6,0.0,140.9,944.9,21.3,7,5,2004,2004,2010,2,49.4,2,7,0,NridgHt,жилая малоэтажная,хорошее,есть,обычная
316600,198.1,139.0,59.1,139.0,1145.2,24.1,8,8,1983,2009,2009,2,56.9,1,5,1,SawyerW,жилая малоэтажная,хорошее,есть,обычная
135960,87.6,87.6,0.0,87.6,653.3,,5,5,1979,1979,2006,2,55.7,1,4,2,NAmes,жилая малоэтажная,среднее,есть,обычная
142600,160.5,160.5,0.0,160.5,1217.1,22.6,5,5,1965,1965,2008,2,53.5,2,10,0,NAmes,жилая малоэтажная,среднее,есть,обычная
120000,80.3,80.3,0.0,80.3,681.2,18.3,6,6,1959,1959,2006,1,26.8,1,4,0,NAmes,жилая малоэтажная,хорошее,есть,нетипичная
224500,157.2,78.6,78.6,78.6,1222.5,25.3,7,5,2009,2009,2009,2,60.4,2,6,0,Timber,жилая малоэтажная,хорошее,есть,дом ещё строился
170000,132.9,71.9,60.9,35.7,926.0,23.2,7,5,2000,2000,2007,2,37.2,2,8,1,Gilbert,жилая малоэтажная,среднее,есть,обычная
139000,103.0,53.5,49.5,34.6,975.5,21.3,5,7,1971,2005,2007,1,26.8,1,5,0,NAmes,жилая малоэтажная,среднее,есть,обычная
118500,113.0,77.3,35.7,77.3,787.8,24.4,5,5,1947,1950,2008,1,31.2,1,6,0,NAmes,жилая малоэтажная,среднее,есть,нетипичная
145000,137.2,81.5,55.7,80.0,584.5,15.8,7,7,1928,1950,2009,1,20.1,2,6,1,SWISU,жилая малоэтажная,среднее,есть,обычная
164500,122.6,122.6,0.0,108.1,1094.1,29.3,5,6,1966,1966,2006,2,52.4,1,6,2,Sawyer,жилая малоэтажная,среднее,есть,нетипичная
146000,129.3,65.3,64.0,64.0,334.8,10.4,7,5,2007,2007,2008,2,50.2,2,5,0,Somerst,посёлок,хорошее,есть,нетипичная
131500,166.8,97.5,69.2,97.5,1128.8,24.7,5,5,1954,1954,2008,1,32.7,2,7,0,OldTown,жилая многоквартирная,среднее,нет,обычная
181900,132.8,132.8,0.0,106.3,1355.0,,6,6,1960,1987,2007,2,53.1,1,7,2,NAmes,жилая малоэтажная,хорошее,есть,обычная
253293,189.7,189.7,0.0,189.7,1180.2,29.9,8,5,2008,2009,2009,3,129.1,2,8,1,NridgHt,жилая малоэтажная,отличное,есть,дом ещё строился
118500,75.8,75.8,0.0,75.8,1100.1,24.7,6,5,1990,1990,2007,0,0.0,1,5,0,Edwards,жилая малоэтажная,среднее,есть,обычная
325000,257.8,141.3,116.5,114.9,1254.2,22.9,10,9,1893,2000,2008,2,81.8,3,9,1,OldTown,жилая многоквартирная,хорошее,есть,обычная
133000,146.1,91.9,54.3,82.1,568.6,15.5,4,7,1935,1995,2009,1,22.3,1,6,0,BrkSide,жилая многоквартирная,хорошее,есть,обычная
369900,188.4,188.4,0.0,173.5,1063.1,26.8,8,5,2005,2006,2006,3,81.8,2,7,2,Timber,жилая малоэтажная,хорошее,есть,дом ещё строился
130000,77.9,77.9,0.0,75.8,953.8,16.8,6,7,1918,2000,2008,1,25.5,1,5,0,BrkSide,жилая малоэтажная,ниже среднего,есть,обычная
137000,79.9,79.9,0.0,78.0,812.0,22.6,5,6,1982,1982,2009,2,49.1,1,4,0,Sawyer,жилая малоэтажная,среднее,есть,обычная
143000,136.8,136.8,0.0,133.5,2331.4,19.8,5,8,1968,2003,2009,1,42.0,1,5,2,ClearCr,жилая малоэтажная,отличное,есть,дом ещё строился
79500,86.9,72.4,0.0,68.9,845.4,15.2,5,6,1930,1960,2008,1,28.6,1,4,0,BrkSide,жилая многоквартирная,среднее,есть,обычная
185900,147.0,71.5,75.4,71.5,773.0,19.5,7,5,2004,2004,2008,2,48.3,2,6,0,CollgCr,жилая малоэтажная,хорошее,есть,обычная
451950,213.3,160.5,52.8,160.0,1252.1,29.6,10,5,2008,2008,2009,3,78.2,2,10,1,NridgHt,жилая малоэтажная,отличное,есть,обычная
138000,75.8,75.8,0.0,75.8,613.2,18.3,5,8,1982,2003,2008,2,75.8,1,4,0,Mitchel,жилая малоэтажная,среднее,есть,обычная
140000,78.8,78.8,0.0,78.8,412.0,,6,5,2003,2003,2009,2,39.0,1,4,0,CollgCr,жилая многоквартирная,хорошее,есть,обычная
110000,85.8,85.8,0.0,85.8,742.3,26.8,5,6,1975,1975,2008,1,26.0,1,5,0,CollgCr,жилая малоэтажная,среднее,есть,обычная
319000,169.6,169.6,0.0,168.5,1050.0,21.0,8,5,2005,2006,2006,3,70.4,2,7,1,StoneBr,жилая малоэтажная,хорошее,есть,дом ещё строился
114504,127.1,63.5,63.5,63.5,334.5,18.3,6,7,1910,1993,2006,1,20.1,1,7,0,OldTown,жилая многоквартирная,среднее,нет,обычная
194201,130.3,130.3,0.0,116.9,364.4,16.2,7,5,2006,2007,2007,3,60.2,0,7,1,Blmngtn,жилая малоэтажная,хорошее,есть,дом ещё строился
217500,153.0,153.0,0.0,132.9,1206.3,24.4,5,6,1977,1977,2006,2,57.7,2,7,1,Crawfor,жилая малоэтажная,хорошее,есть,обычная
151000,144.6,66.5,78.0,66.5,181.2,7.3,6,6,1980,1980,2008,2,42.0,2,6,1,Blueste,жилая многоквартирная,среднее,есть,обычная
275000,176.9,98.3,78.6,98.3,1015.2,22.6,8,5,2005,2005,2006,2,68.4,2,8,1,NridgHt,жилая малоэтажная,отличное,есть,обычная
141000,127.7,72.5,55.3,72.5,836.1,15.2,6,6,1937,1950,2007,1,50.5,1,6,1,IDOTRR,жилая многоквартирная,хорошее,есть,обычная
220000,177.9,86.1,91.8,84.4,932.8,24.4,8,5,1992,1992,2006,2,47.0,2,8,1,SawyerW,жилая малоэтажная,хорошее,есть,нетипичная
151000,111.5,55.7,55.7,55.7,295.6,9.1,7,5,2004,2005,2010,2,44.6,2,4,0,Somerst,посёлок,хорошее,есть,обычная
221000,138.8,138.8,0.0,138.8,1189.4,26.8,7,5,2002,2002,2008,2,49.2,2,6,1,CollgCr,жилая малоэтажная,хорошее,есть,обычная
205000,184.5,110.2,74.3,71.3,1263.5,25.9,7,6,1965,1990,2009,2,45.2,2,7,3,NAmes,жилая малоэтажная,среднее,есть,обычная
152000,96.6,96.6,0.0,96.6,1157.9,25.0,5,5,1996,1996,2009,2,53.5,1,6,0,CollgCr,жилая малоэтажная,хорошее,есть,обычная
225000,186.5,103.3,83.2,83.2,724.6,23.8,5,8,1948,2002,2006,1,21.4,3,8,0,Edwards,жилая малоэтажная,отличное,есть,обычная
359100,296.7,180.2,116.5,89.7,1130.4,23.8,8,6,1934,1998,2007,2,35.3,2,10,2,Crawfor,жилая малоэтажная,среднее,есть,раздел имущества
118500,95.6,95.6,0.0,95.6,737.9,18.6,4,5,1961,1961,2007,1,24.2,1,5,0,Sawyer,жилая малоэтажная,среднее,есть,обычная
313000,200.0,137.1,62.9,133.8,1026.6,,9,5,2000,2000,2009,3,68.4,2,8,2,CollgCr,жилая малоэтажная,отличное,есть,обычная
148000,95.9,95.9,0.0,95.9,965.7,,6,6,1978,1978,2007,2,52.4,2,6,1,NWAmes,жилая малоэтажная,среднее,есть,обычная
261500,173.9,120.7,53.2,120.7,1104.2,,8,5,2001,2001,2009,2,49.3,2,7,1,CollgCr,жилая малоэтажная,отличное,есть,обычная
147000,104.1,104.1,0.0,104.1,780.6,21.3,5,5,2007,2007,2007,0,0.0,1,6,0,Mitchel,жилая малоэтажная,среднее,есть,дом ещё строился
75500,58.5,58.5,0.0,58.5,138.5,6.4,4,6,1972,1972,2010,0,0.0,1,3,0,MeadowV,жилая многоквартирная,среднее,есть,обычная
137500,97.9,97.9,0.0,87.0,817.5,24.4,6,7,1963,1963,2010,2,44.6,1,6,0,NAmes,жилая малоэтажная,хорошее,есть,нетипичная
183200,140.2,75.0,65.2,72.7,730.3,,6,5,2002,2003,2006,2,36.5,2,7,1,Gilbert,жилая малоэтажная,хорошее,есть,обычная
105500,77.3,77.3,0.0,77.3,671.4,18.0,6,6,1954,1954,2008,2,49.1,1,4,0,NAmes,жилая малоэтажная,хорошее,есть,обычная
314813,169.8,169.8,0.0,169.3,1086.4,27.4,9,5,2007,2007,2007,3,71.9,2,9,1,NridgHt,жилая малоэтажная,хорошее,есть,дом ещё строился
305000,210.1,137.7,72.5,137.7,1137.5,25.9,8,5,2003,2003,2008,3,69.6,2,10,2,Timber,жилая малоэтажная,хорошее,есть,обычная
67000,80.3,80.3,0.0,80.3,766.3,13.7,3,3,1914,1950,2008,0,0.0,1,5,0,Edwards,жилая малоэтажная,среднее,нет,обычная
240000,242.8,143.8,99.0,141.4,1003.4,27.4,6,7,1974,1997,2008,2,58.0,2,9,1,NWAmes,жилая малоэтажная,среднее,есть,обычная
135000,91.0,91.0,0.0,91.0,656.3,21.6,5,6,1977,1977,2009,2,45.0,1,6,0,Sawyer,жилая малоэтажная,среднее,есть,обычная
168500,140.5,70.2,70.2,70.2,196.7,,6,5,2000,2000,2007,2,40.9,2,4,1,Somerst,посёлок,хорошее,есть,обычная
165150,166.3,94.0,72.3,68.0,966.2,24.4,6,5,1972,1972,2006,2,45.0,1,8,1,NWAmes,жилая малоэтажная,среднее,есть,обычная
160000,103.7,103.7,0.0,103.7,929.0,26.5,6,6,1962,1962,2010,2,40.9,1,5,0,NAmes,жилая малоэтажная,среднее,есть,обычная
139900,132.1,132.1,0.0,90.9,1146.6,,5,5,1960,1978,2007,1,26.6,1,6,1,NAmes,жилая малоэтажная,среднее,есть,обычная
153000,141.2,141.2,0.0,107.4,891.9,24.4,6,6,1955,1972,2010,1,33.8,1,7,2,NAmes,жилая малоэтажная,среднее,есть,обычная
135000,193.2,96.6,96.6,96.6,1078.2,21.3,5,5,1969,1969,2007,2,46.8,1,9,2,NAmes,жилая малоэтажная,ниже среднего,есть,между родственниками
168500,125.4,125.4,0.0,115.9,838.0,25.0,6,5,1964,1964,2008,2,48.3,1,6,0,NAmes,жилая малоэтажная,среднее,есть,обычная
124000,162.6,101.2,61.4,59.1,836.1,15.2,5,6,1880,1991,2006,1,22.3,1,8,0,OldTown,жилая многоквартирная,отличное,есть,нетипичная
209500,144.4,144.4,0.0,144.4,426.4,10.4,8,5,2006,2006,2007,2,58.3,2,6,1,NridgHt,жилая малоэтажная,хорошее,есть,обычная
82500,131.1,131.1,0.0,128.8,1105.5,25.9,7,5,1977,1977,2009,2,50.5,2,6,1,NWAmes,жилая малоэтажная,среднее,есть,между родственниками
139400,98.1,98.1,0.0,98.1,859.4,24.4,5,7,1954,2005,2007,1,24.2,1,6,0,NAmes,жилая малоэтажная,среднее,есть,обычная
144000,98.1,98.1,0.0,98.1,648.4,19.5,6,5,1980,1980,2010,2,53.5,0,4,0,OldTown,жилая малоэтажная,среднее,есть,обычная
200000,315.4,133.8,133.8,133.8,1012.3,18.3,6,7,1914,1995,2007,0,0.0,2,14,0,SWISU,жилая плотная,ниже среднего,есть,нетипичная
60000,74.3,74.3,0.0,24.5,568.6,15.5,2,3,1936,1950,2009,0,0.0,1,4,1,BrkSide,жилая многоквартирная,ниже среднего,нет,обычная
93000,128.9,75.3,53.5,75.3,557.4,15.2,5,4,1954,1954,2009,1,23.8,2,7,0,OldTown,жилая многоквартирная,хорошее,есть,обычная
85000,74.0,74.0,0.0,74.0,815.4,20.4,5,7,1910,1950,2008,0,0.0,1,4,0,Edwards,жилая малоэтажная,среднее,есть,обычная
264561,145.6,145.6,0.0,141.2,369.9,16.2,8,5,2006,2006,2006,3,60.2,2,7,1,Blmngtn,жилая малоэтажная,отличное,есть,дом ещё строился
274000,141.0,141.0,0.0,141.0,1177.7,18.9,8,5,2003,2004,2008,2,54.6,1,6,1,NridgHt,жилая малоэтажная,отличное,есть,обычная
226000,179.2,98.2,81.0,98.2,655.0,,7,5,2001,2001,2007,2,60.4,2,7,1,Somerst,посёлок,хорошее,есть,обычная
345000,251.2,185.8,65.4,181.3,1287.6,22.9,8,7,1972,1995,2009,2,50.0,2,9,3,NAmes,жилая малоэтажная,отличное,есть,обычная
152000,150.5,72.5,78.0,72.5,1002.7,24.4,5,5,1969,1969,2007,2,42.9,2,7,0,NWAmes,жилая малоэтажная,среднее,есть,обычная
370878,164.1,164.1,0.0,164.1,853.5,25.9,9,5,2009,2009,2009,3,44.4,2,7,1,Somerst,посёлок,отличное,есть,дом ещё строился
143250,91.1,91.1,0.0,91.1,978.3,,6,5,1971,1971,2007,2,53.5,1,5,0,NAmes,жилая малоэтажная,среднее,есть,обычная
98300,97.4,97.4,0.0,0.0,668.9,18.3,5,5,1950,1950,2008,2,39.0,1,7,0,NAmes,жилая малоэтажная,среднее,есть,обычная
155000,101.6,101.6,0.0,101.6,971.0,25.9,6,5,1953,1953,2008,2,46.0,1,5,2,Edwards,жилая малоэтажная,среднее,есть,обычная
155000,170.8,97.6,73.2,70.2,715.4,21.3,6,5,1966,1966,2010,2,41.1,1,7,1,NAmes,жилая малоэтажная,среднее,есть,обычная
84500,58.5,58.5,0.0,58.5,179.9,6.4,4,6,1970,1970,2007,0,0.0,1,3,0,MeadowV,жилая многоквартирная,среднее,есть,обычная
205950,154.7,76.4,78.3,75.5,754.8,19.8,7,6,2007,2007,2008,2,52.2,2,7,0,Somerst,посёлок,хорошее,есть,обычная
108000,140.3,70.1,70.1,70.1,843.9,18.3,4,5,1940,1950,2009,1,27.5,1,7,1,Edwards,жилая малоэтажная,среднее,есть,обычная
191000,159.4,84.4,75.0,81.8,812.9,21.3,7,5,1996,1996,2009,2,47.6,2,7,1,CollgCr,жилая малоэтажная,хорошее,есть,обычная
135000,136.5,70.2,66.2,70.2,958.8,18.3,6,7,1906,1995,2008,1,20.1,1,7,0,IDOTRR,жилая многоквартирная,среднее,есть,обычная
350000,196.3,196.3,0.0,195.9,969.6,27.7,8,6,1995,1995,2008,3,77.9,2,7,1,NoRidge,жилая малоэтажная,хорошее,есть,обычная
88000,101.5,48.8,52.7,48.8,156.1,6.4,6,5,1971,1971,2010,1,24.5,1,6,0,BrDale,жилая многоквартирная,среднее,есть,между родственниками
145500,97.8,97.8,0.0,97.8,929.7,21.9,5,7,1959,2006,2008,1,29.0,1,5,0,NAmes,жилая малоэтажная,хорошее,есть,обычная
149000,139.5,79.1,60.5,72.1,668.9,18.3,7,6,1931,2000,2008,1,25.1,1,6,1,Crawfor,жилая малоэтажная,среднее,есть,обычная
97500,135.5,84.7,50.7,84.7,1626.1,23.8,6,5,1948,1950,2010,1,30.7,1,6,1,NAmes,жилая малоэтажная,среднее,есть,нетипичная
167000,138.1,138.1,0.0,138.1,923.2,22.9,5,7,1964,1999,2009,2,44.6,1,7,0,Edwards,жилая малоэтажная,среднее,есть,обычная
197900,179.8,106.1,73.7,73.7,1150.5,,7,7,1976,1976,2007,2,51.1,2,7,1,NWAmes,жилая малоэтажная,среднее,есть,обычная
402000,227.4,156.6,70.8,151.3,4328.3,15.8,8,7,1994,2005,2009,3,66.1,2,8,1,NoRidge,жилая малоэтажная,хорошее,есть,обычная
110000,129.3,129.3,0.0,129.3,1259.8,36.6,6,3,1968,1968,2009,2,53.5,1,5,2,NAmes,жилая малоэтажная,среднее,есть,обычная
137500,109.7,109.7,0.0,105.7,930.1,27.4,4,5,1972,1972,2008,2,54.6,2,6,0,Edwards,жилая малоэтажная,среднее,есть,обычная
423000,194.8,194.8,0.0,193.0,1941.3,14.9,8,5,2005,2006,2006,3,105.4,1,8,1,Somerst,жилая малоэтажная,отличное,есть,дом ещё строился
230500,179.9,135.1,44.8,130.6,1040.0,32.3,8,5,2000,2000,2006,2,46.8,2,7,1,Gilbert,жилая малоэтажная,хорошее,есть,обычная
129000,221.1,136.1,85.0,94.9,1714.1,,6,5,1965,1979,2007,2,55.4,2,7,1,NAmes,жилая малоэтажная,среднее,есть,нетипичная
193500,156.0,156.0,0.0,130.8,754.8,19.8,6,5,1994,1998,2008,2,53.4,2,7,1,SawyerW,жилая малоэтажная,хорошее,есть,обычная
168000,133.5,133.5,0.0,110.4,1316.9,,5,6,1956,1987,2006,2,53.5,1,6,1,Sawyer,жилая малоэтажная,среднее,есть,обычная
137500,109.6,109.6,0.0,65.0,1077.7,24.4,4,5,1922,1950,2006,1,23.4,1,5,1,Crawfor,жилая малоэтажная,ниже среднего,есть,обычная
173500,137.1,68.6,68.6,68.6,802.0,19.5,6,5,2005,2005,2009,2,50.2,2,7,0,CollgCr,жилая малоэтажная,хорошее,есть,обычная
103600,127.2,64.8,62.4,62.4,615.9,16.5,6,6,1925,1950,2009,1,27.9,2,6,0,Edwards,жилая плотная,среднее,нет,обычная
165000,112.2,112.2,0.0,112.2,1045.2,,6,6,1977,1977,2006,2,50.7,1,6,1,Veenker,жилая малоэтажная,среднее,есть,обычная
257500,170.8,170.8,0.0,137.2,1341.7,33.5,6,7,1957,2004,2007,2,38.6,2,7,2,Crawfor,жилая малоэтажная,хорошее,есть,обычная
140000,105.5,105.5,0.0,105.5,854.7,24.4,6,6,1965,1965,2008,1,35.7,1,5,1,NAmes,жилая малоэтажная,среднее,есть,обычная
148500,133.9,79.4,54.4,79.4,212.7,7.3,6,6,1978,1978,2009,2,40.9,2,7,1,NPkVill,жилая малоэтажная,среднее,есть,обычная
87000,164.8,101.7,63.1,101.7,891.9,18.3,4,2,1900,1950,2006,3,72.4,2,8,0,OldTown,жилая многоквартирная,среднее,нет,обычная
109500,73.6,73.6,0.0,71.3,838.2,15.8,5,8,1924,2006,2009,1,22.3,1,5,0,OldTown,жилая малоэтажная,хорошее,есть,обычная
372500,190.1,190.1,0.0,190.1,1100.3,24.4,8,5,2008,2008,2009,3,77.5,2,7,1,StoneBr,жилая малоэтажная,хорошее,есть,дом ещё строился
128500,91.8,91.8,0.0,91.8,923.9,,5,5,1961,1961,2007,2,53.1,1,5,0,Sawyer,жилая малоэтажная,среднее,есть,обычная
143000,85.7,85.7,0.0,85.7,744.3,15.2,6,5,1980,1980,2010,1,24.5,2,5,1,SawyerW,жилая малоэтажная,среднее,есть,обычная
159434,141.2,78.8,62.4,73.7,418.1,16.8,5,5,1932,2000,2009,1,26.1,1,6,0,SWISU,жилая плотная,среднее,есть,нетипичная
173000,119.9,119.9,0.0,119.9,268.2,,6,5,1996,1997,2008,2,40.0,1,6,1,ClearCr,жилая малоэтажная,хорошее,есть,обычная
285000,155.0,155.0,0.0,151.1,1045.0,27.4,9,5,2002,2002,2007,3,65.2,2,7,1,CollgCr,жилая малоэтажная,хорошее,есть,обычная
221000,170.8,111.0,59.8,111.0,1558.0,17.7,7,5,1998,1998,2010,2,45.2,2,7,0,NoRidge,жилая малоэтажная,среднее,есть,обычная
207500,194.2,110.6,83.6,110.6,470.3,,7,5,1984,1984,2007,2,53.6,2,6,1,StoneBr,жилая малоэтажная,хорошее,есть,обычная
227875,163.6,81.2,82.4,81.2,948.3,25.6,7,6,2007,2007,2007,2,53.7,3,7,0,Somerst,посёлок,хорошее,есть,дом ещё строился
148800,102.4,51.2,51.2,51.2,474.3,,7,5,2004,2004,2007,2,44.6,2,4,0,Somerst,посёлок,хорошее,есть,обычная
392000,131.8,131.8,0.0,131.8,751.5,18.3,8,6,2007,2007,2007,2,52.7,2,7,1,StoneBr,жилая малоэтажная,хорошее,есть,дом ещё строился
194700,126.5,126.5,0.0,126.5,703.9,18.6,6,5,2005,2006,2007,2,42.7,2,6,1,NridgHt,жилая малоэтажная,хорошее,есть,обычная
141000,78.8,78.8,0.0,78.8,411.2,,6,5,2004,2004,2008,2,39.0,1,3,1,CollgCr,жилая многоквартирная,хорошее,есть,обычная
755000,401.0,227.1,173.9,227.1,2000.7,31.7,10,6,1994,1995,2007,3,77.3,3,10,2,NoRidge,жилая малоэтажная,отличное,есть,обычная
335000,234.0,115.0,119.0,112.4,2432.0,12.8,7,5,1989,1990,2006,2,58.3,2,9,2,Timber,жилая малоэтажная,хорошее,есть,обычная
108480,99.7,99.7,0.0,99.7,501.7,18.3,5,6,1921,1968,2006,1,30.3,1,4,0,OldTown,жилая малоэтажная,среднее,есть,нетипичная
141500,143.0,99.1,43.9,86.1,568.6,15.5,5,6,1936,1950,2009,2,53.5,1,5,0,BrkSide,жилая многоквартирная,среднее,есть,обычная
176000,105.6,105.6,0.0,103.3,1283.1,16.5,6,6,1987,1987,2006,2,51.2,2,5,1,Timber,жилая малоэтажная,хорошее,есть,обычная
89000,57.2,57.2,0.0,57.2,557.4,15.2,5,7,1921,1950,2006,1,19.0,1,4,0,BrkSide,жилая многоквартирная,среднее,есть,обычная
123500,106.7,106.7,0.0,91.0,596.4,17.4,5,7,1952,1952,2006,1,28.6,1,6,0,Edwards,жилая малоэтажная,среднее,есть,обычная
138500,83.1,83.1,0.0,83.1,785.0,19.8,5,8,1965,2009,2010,1,31.2,1,5,1,Sawyer,жилая малоэтажная,среднее,есть,обычная
196000,129.2,129.2,0.0,129.2,397.8,18.0,7,5,2004,2004,2008,2,49.2,2,5,0,Somerst,посёлок,хорошее,есть,обычная
312500,167.2,167.2,0.0,167.2,1331.4,25.9,8,5,2002,2002,2006,3,71.1,2,7,1,Timber,жилая малоэтажная,хорошее,есть,обычная
140000,108.1,108.1,0.0,108.1,891.9,24.4,7,5,1969,1969,2006,2,49.1,1,6,0,NWAmes,жилая малоэтажная,среднее,есть,обычная
361919,239.3,117.4,121.9,114.6,1155.5,25.0,8,5,2006,2006,2006,3,61.9,2,10,1,StoneBr,жилая малоэтажная,отличное,есть,дом ещё строился
140000,168.3,95.9,72.5,33.4,708.9,23.2,5,9,1900,1996,2010,2,62.4,2,8,1,OldTown,жилая многоквартирная,хорошее,есть,обычная
213000,137.9,137.9,0.0,136.8,780.4,21.3,7,5,2004,2005,2010,2,56.3,2,7,0,CollgCr,жилая малоэтажная,хорошее,есть,обычная
55000,101.5,34.6,66.9,0.0,520.3,21.3,4,5,1930,1950,2010,0,0.0,2,7,0,IDOTRR,жилая многоквартирная,ниже среднего,нет,обычная
302000,169.5,169.5,0.0,152.6,10697.7,,7,5,1971,2002,2007,2,68.7,2,5,2,ClearCr,жилая малоэтажная,хорошее,есть,обычная
254000,123.0,123.0,0.0,123.0,579.7,14.6,8,5,2006,2006,2009,2,51.1,2,6,1,NridgHt,жилая малоэтажная,хорошее,есть,обычная
179540,135.3,67.6,67.6,67.6,837.8,19.8,7,5,2007,2007,2007,2,37.2,2,8,1,Gilbert,жилая малоэтажная,хорошее,есть,дом ещё строился
109900,84.0,84.0,0.0,81.4,665.4,,5,7,1966,1966,2008,1,37.9,1,6,0,Sawyer,жилая малоэтажная,среднее,есть,нетипичная
52000,67.7,67.7,0.0,25.1,383.7,17.1,3,6,1935,2003,2008,0,0.0,1,5,0,BrkSide,жилая малоэтажная,среднее,есть,обычная
102776,109.4,79.8,29.6,79.8,809.4,20.1,4,7,1900,1950,2010,1,35.7,1,7,0,IDOTRR,коммерческая,среднее,есть,нетипичная
189000,114.1,114.1,0.0,114.1,434.0,12.2,8,5,1988,1989,2008,2,43.9,2,5,1,StoneBr,жилая малоэтажная,хорошее,есть,обычная
129000,89.2,89.2,0.0,89.2,917.2,18.3,4,5,1970,1970,2006,2,53.5,1,6,0,BrkSide,жилая малоэтажная,среднее,нет,обычная
130500,137.4,67.4,70.0,67.4,1255.8,,6,8,1976,2005,2010,2,44.1,2,6,0,Sawyer,жилая малоэтажная,хорошее,есть,обычная
165000,125.4,125.4,0.0,98.8,942.0,23.8,6,5,1974,1974,2009,2,44.4,2,7,1,NWAmes,жилая малоэтажная,среднее,есть,обычная
159500,237.3,146.4,90.9,66.7,1003.4,18.3,7,8,1890,1998,2007,2,65.4,1,8,0,OldTown,жилая многоквартирная,среднее,есть,обычная
157000,109.4,109.4,0.0,109.3,929.0,24.4,5,6,1973,2000,2008,2,40.8,1,5,1,NWAmes,жилая малоэтажная,хорошее,есть,обычная
341000,224.6,123.1,101.5,121.8,979.4,29.3,7,5,1993,1994,2008,3,91.3,2,9,1,NoRidge,жилая малоэтажная,хорошее,есть,обычная
128500,90.2,90.2,0.0,90.2,921.6,21.0,5,6,1969,1969,2006,1,27.9,1,5,1,CollgCr,жилая малоэтажная,среднее,есть,обычная
275000,161.8,161.8,0.0,161.8,609.7,,8,5,1985,1985,2006,2,52.4,2,5,1,StoneBr,жилая малоэтажная,хорошее,есть,обычная
143000,78.8,78.8,0.0,78.8,411.2,,6,5,2004,2004,2010,2,39.0,1,3,0,CollgCr,жилая многоквартирная,хорошее,есть,обычная
124500,80.3,80.3,0.0,80.3,754.4,21.3,4,7,1970,1970,2009,2,43.0,1,5,0,NAmes,жилая малоэтажная,среднее,есть,обычная
135000,136.6,92.6,43.9,87.4,759.2,18.3,4,6,1954,1972,2008,1,50.9,2,7,0,Edwards,жилая малоэтажная,среднее,есть,обычная
320000,157.7,157.7,0.0,157.7,1234.3,26.2,9,5,2007,2008,2009,3,71.3,2,8,1,Edwards,жилая малоэтажная,отличное,есть,обычная
120500,80.3,80.3,0.0,80.3,646.6,18.3,4,6,1970,1970,2009,2,61.3,1,5,0,NAmes,жилая малоэтажная,хорошее,есть,обычная
222000,156.1,156.1,0.0,81.8,2015.5,,6,9,1988,2007,2009,2,50.2,2,5,1,Crawfor,жилая малоэтажная,хорошее,есть,обычная
194500,114.5,114.5,0.0,114.5,679.5,19.5,7,5,2007,2007,2009,2,58.7,2,6,0,CollgCr,жилая малоэтажная,хорошее,есть,обычная
110000,165.0,165.0,0.0,147.2,1066.1,25.9,5,5,1958,1958,2009,3,82.5,2,9,0,NAmes,жилая малоэтажная,среднее,есть,нетипичная
103000,112.2,78.8,0.0,72.5,579.7,15.8,4,5,1925,1950,2009,2,50.1,1,5,0,IDOTRR,жилая многоквартирная,среднее,есть,обычная
236500,150.1,150.1,0.0,148.2,500.7,11.9,8,5,1995,1996,2010,2,56.5,2,5,1,StoneBr,жилая малоэтажная,хорошее,есть,обычная
187500,106.5,106.5,0.0,80.6,890.9,22.3,7,5,2003,2003,2007,2,40.7,2,6,1,Timber,жилая малоэтажная,хорошее,есть,обычная
222500,188.7,107.1,81.6,107.1,1059.5,22.9,7,5,1998,1999,2008,2,50.3,2,8,1,CollgCr,жилая малоэтажная,хорошее,есть,обычная
131400,106.3,106.3,0.0,80.3,929.0,24.4,5,6,1961,1983,2009,1,24.5,1,6,1,Sawyer,жилая малоэтажная,среднее,есть,обычная
108000,88.1,88.1,0.0,88.1,834.1,,5,5,1968,1968,2007,1,27.9,1,6,0,Sawyer,жилая малоэтажная,среднее,есть,между родственниками
163000,164.3,81.8,82.5,81.8,1003.4,18.3,7,7,1914,1970,2006,2,29.7,1,6,2,OldTown,жилая многоквартирная,среднее,нет,обычная
93500,96.6,96.6,0.0,0.0,793.8,18.3,3,4,1950,1950,2006,2,37.2,2,6,0,NAmes,жилая малоэтажная,среднее,нет,обычная
239900,167.3,83.7,83.6,83.0,972.0,21.9,8,5,2005,2005,2006,3,74.3,2,8,1,Gilbert,жилая малоэтажная,хорошее,есть,обычная
179000,111.5,111.5,0.0,111.5,1003.4,18.3,5,5,1987,1988,2009,0,0.0,3,5,0,Edwards,жилая малоэтажная,среднее,есть,раздел имущества
190000,160.5,80.3,80.3,80.3,865.2,19.8,7,5,2004,2004,2009,2,53.1,2,7,0,CollgCr,жилая малоэтажная,хорошее,есть,обычная
132000,133.0,71.3,61.7,24.5,891.9,18.3,5,7,1910,2002,2007,2,33.4,2,7,0,OldTown,жилая многоквартирная,среднее,есть,нетипичная
142000,84.7,84.7,0.0,84.7,628.8,19.8,6,8,1961,1996,2008,1,26.8,1,5,0,Sawyer,жилая малоэтажная,хорошее,есть,обычная
179000,125.3,125.3,0.0,125.3,785.0,19.8,7,5,2000,2001,2007,2,50.1,2,6,0,SawyerW,жилая малоэтажная,среднее,есть,обычная
175000,136.0,136.0,0.0,48.3,1197.1,21.3,5,6,1963,1999,2009,2,44.6,2,6,1,Sawyer,жилая малоэтажная,среднее,есть,обычная
180000,124.2,124.2,0.0,124.2,501.2,12.5,8,5,1993,1993,2008,2,42.9,2,5,1,StoneBr,жилая малоэтажная,хорошее,есть,обычная
299800,252.2,109.2,143.1,106.1,832.7,,8,9,1976,1996,2008,2,77.2,3,11,2,NWAmes,жилая малоэтажная,хорошее,есть,обычная
236000,209.6,91.0,118.5,88.4,817.1,,7,5,2000,2000,2009,2,51.5,2,8,1,Gilbert,жилая малоэтажная,хорошее,есть,обычная
265979,245.3,122.6,122.6,115.2,1087.0,19.8,7,7,1880,2003,2009,4,80.3,1,8,1,OldTown,жилая многоквартирная,хорошее,нет,обычная
260400,159.8,159.8,0.0,159.8,984.1,18.0,7,5,1996,1996,2010,2,49.0,2,7,1,NoRidge,жилая малоэтажная,хорошее,есть,обычная
98000,142.0,101.1,41.0,0.0,780.9,15.2,4,3,1945,1950,2009,1,22.3,2,9,0,Edwards,жилая малоэтажная,среднее,нет,обычная
96500,105.9,73.6,32.3,53.5,817.5,16.8,4,7,1910,2004,2010,0,0.0,1,7,0,OldTown,жилая многоквартирная,среднее,есть,обычная
162000,122.6,61.3,61.3,61.3,720.0,,7,5,2003,2003,2007,2,37.2,2,6,0,Gilbert,жилая малоэтажная,хорошее,есть,обычная
217000,138.8,138.8,0.0,137.4,858.1,24.1,6,5,1997,1997,2006,2,53.5,2,6,0,CollgCr,жилая малоэтажная,хорошее,есть,обычная
275500,194.9,96.4,98.5,95.7,951.3,24.4,8,5,2005,2005,2006,3,81.6,2,8,1,NridgHt,жилая малоэтажная,отличное,есть,обычная
156000,95.3,95.3,0.0,95.3,736.7,18.6,6,8,1969,2005,2009,2,40.9,1,5,0,NAmes,жилая малоэтажная,хорошее,есть,обычная
172500,136.7,68.9,67.7,67.7,300.1,10.4,6,5,1999,1999,2009,2,40.9,2,6,0,Somerst,посёлок,среднее,есть,обычная
212000,164.3,80.5,83.8,80.5,1000.5,20.7,8,5,2007,2007,2009,2,53.7,2,7,0,CollgCr,жилая малоэтажная,хорошее,есть,обычная
158900,128.8,62.4,66.3,62.4,1079.2,,6,5,1978,1978,2010,2,40.9,2,6,1,Sawyer,жилая малоэтажная,среднее,есть,нетипичная
179400,139.4,70.3,69.1,69.1,211.8,7.3,7,5,1999,1999,2008,2,40.9,2,6,0,Somerst,посёлок,среднее,есть,обычная
290000,235.1,123.4,111.8,122.4,1138.7,19.8,8,5,1995,1995,2007,3,69.9,2,9,1,NoRidge,жилая малоэтажная,хорошее,есть,обычная
127500,80.3,80.3,0.0,80.3,845.4,21.3,6,6,1959,1959,2009,1,27.9,1,5,0,NAmes,жилая малоэтажная,среднее,есть,обычная
100000,120.9,120.9,0.0,106.4,642.1,18.3,5,5,1924,1950,2009,2,40.9,1,5,0,BrkSide,жилая многоквартирная,ниже среднего,есть,обычная
215200,143.7,71.0,72.7,70.2,802.7,21.9,7,5,2009,2009,2010,2,57.0,2,7,0,Somerst,посёлок,хорошее,есть,обычная
337000,219.7,117.8,101.9,116.3,876.1,25.0,8,5,1999,1999,2009,3,79.5,2,8,1,NoRidge,жилая малоэтажная,хорошее,есть,обычная
270000,138.8,138.8,0.0,138.8,887.1,9.1,8,5,1995,1996,2006,2,44.7,1,6,1,Veenker,жилая малоэтажная,отличное,есть,обычная
264132,139.9,139.9,0.0,139.2,1355.2,22.9,9,5,2008,2008,2008,2,55.0,2,6,1,Somerst,жилая малоэтажная,отличное,есть,дом ещё строился
196500,159.2,91.0,68.2,91.0,968.1,24.4,7,5,1988,1988,2010,2,46.1,2,7,1,NWAmes,жилая малоэтажная,среднее,есть,обычная
160000,162.6,91.3,71.3,91.3,1162.0,22.9,6,7,1940,1985,2008,1,39.3,2,7,0,Mitchel,жилая малоэтажная,среднее,есть,обычная
216837,170.6,170.6,0.0,172.8,845.4,21.3,7,5,2004,2005,2006,2,45.0,2,8,1,CollgCr,жилая малоэтажная,хорошее,есть,обычная
538000,304.6,157.0,147.6,153.3,4970.7,14.3,8,5,2003,2003,2010,3,78.1,3,12,1,StoneBr,жилая малоэтажная,отличное,есть,обычная
134900,79.7,79.7,0.0,79.7,673.7,,5,5,1982,1982,2009,2,53.5,1,5,0,Sawyer,жилая малоэтажная,среднее,есть,обычная
102000,113.3,113.3,0.0,77.7,824.7,20.4,4,5,1951,1951,2006,2,36.8,1,6,0,Edwards,жилая малоэтажная,среднее,есть,обычная
107000,103.8,103.8,0.0,95.6,726.4,28.7,6,5,1976,1976,2010,2,62.4,1,6,1,Edwards,жилая малоэтажная,среднее,есть,нетипичная
114500,84.7,84.7,0.0,84.7,943.0,21.3,5,5,1958,1958,2007,1,25.5,1,5,0,NAmes,жилая малоэтажная,среднее,есть,обычная
395000,183.3,183.3,0.0,179.8,1321.6,33.5,8,5,2006,2006,2007,3,83.1,2,9,1,NridgHt,жилая малоэтажная,хорошее,есть,дом ещё строился
162000,111.9,111.9,0.0,111.9,418.1,9.8,6,5,1998,1998,2009,2,38.3,2,5,0,Mitchel,жилая многоквартирная,среднее,есть,обычная
221500,149.9,149.9,0.0,149.9,1041.4,26.2,7,5,2005,2006,2006,3,80.4,2,7,0,CollgCr,жилая малоэтажная,хорошее,есть,дом ещё строился
142500,83.1,83.1,0.0,80.3,1240.3,30.5,5,5,1974,1974,2006,2,40.9,1,5,1,Sawyer,жилая малоэтажная,среднее,есть,обычная
144000,187.7,187.7,0.0,0.0,780.4,18.3,5,5,1977,1977,2007,2,58.5,2,10,2,SawyerW,жилая плотная,среднее,есть,обычная
135000,93.3,93.3,0.0,90.6,978.3,23.8,6,5,1977,1977,2006,2,46.8,1,4,0,Mitchel,жилая малоэтажная,среднее,есть,обычная
176000,116.4,116.4,0.0,114.9,731.6,19.2,7,5,1995,1996,2007,2,37.3,2,6,1,Gilbert,жилая малоэтажная,среднее,есть,обычная
175900,148.9,75.3,73.7,70.7,664.5,19.8,6,5,1992,1992,2006,2,45.0,2,7,0,SawyerW,жилая малоэтажная,хорошее,есть,обычная
187100,132.9,132.9,0.0,131.3,1512.9,20.4,7,5,2001,2002,2009,2,56.2,2,6,0,CollgCr,жилая малоэтажная,хорошее,есть,обычная
165500,103.1,103.1,0.0,101.9,845.5,,5,6,1978,1978,2009,2,55.9,1,4,1,Mitchel,жилая малоэтажная,хорошее,есть,обычная
128000,137.9,68.9,68.9,68.9,585.3,10.7,6,6,1914,2001,2008,0,0.0,2,9,1,OldTown,жилая многоквартирная,среднее,есть,обычная
161500,124.7,124.7,0.0,127.5,909.5,,6,5,1967,1967,2009,2,42.5,2,7,1,NWAmes,жилая малоэтажная,среднее,есть,обычная
139000,153.5,89.7,63.7,63.7,1003.4,18.3,5,6,1915,1950,2010,1,38.6,2,7,0,OldTown,жилая многоквартирная,среднее,есть,обычная
233000,193.6,88.8,104.8,88.8,942.2,23.2,7,5,2004,2004,2010,2,57.4,2,8,0,SawyerW,жилая малоэтажная,хорошее,есть,обычная
107900,83.7,83.7,0.0,83.7,557.4,15.2,4,7,1954,2000,2008,1,26.1,1,4,0,OldTown,жилая многоквартирная,среднее,есть,обычная
187500,193.9,90.7,103.2,77.3,1133.9,,6,8,1966,2007,2007,2,41.2,2,9,0,ClearCr,жилая малоэтажная,хорошее,есть,обычная
160200,106.4,106.4,0.0,106.4,295.6,13.1,7,5,2005,2006,2009,2,36.9,2,5,1,Blmngtn,жилая малоэтажная,хорошее,есть,обычная
146800,98.7,98.7,0.0,95.6,1052.9,,6,5,1976,1976,2007,2,50.1,1,5,2,Mitchel,жилая малоэтажная,среднее,есть,обычная
269790,187.0,104.7,82.3,103.8,921.6,28.0,7,5,1996,1997,2007,2,42.3,2,8,1,NoRidge,жилая малоэтажная,среднее,есть,обычная
225000,139.0,139.0,0.0,139.0,850.8,23.2,8,5,2007,2007,2007,2,44.0,2,7,0,Somerst,жилая малоэтажная,хорошее,есть,дом ещё строился
194500,176.1,100.9,75.2,66.1,1006.3,,7,5,1994,1996,2008,2,38.0,2,7,1,Gilbert,жилая малоэтажная,хорошее,есть,обычная
171000,145.3,82.5,62.8,60.4,780.4,21.3,6,6,1980,1981,2010,2,44.2,2,7,1,SawyerW,жилая малоэтажная,среднее,есть,обычная
143500,119.4,119.4,0.0,61.3,761.5,21.6,6,5,1977,1977,2007,2,49.1,1,7,1,Sawyer,жилая малоэтажная,среднее,есть,обычная
110000,71.8,71.8,0.0,71.8,713.2,17.4,5,5,1953,1953,2008,1,22.3,1,4,0,NAmes,жилая малоэтажная,среднее,есть,нетипичная
485000,291.7,182.6,109.1,178.9,1255.9,31.7,9,5,2008,2009,2009,3,76.2,3,11,2,NridgHt,жилая малоэтажная,отличное,есть,дом ещё строился
175000,164.3,91.1,73.1,67.9,668.9,18.3,5,7,1937,1950,2007,1,22.3,1,7,2,SWISU,жилая малоэтажная,хорошее,есть,обычная
200000,156.8,57.2,99.6,57.2,1189.0,24.1,6,5,1997,1997,2008,2,56.0,2,8,0,ClearCr,жилая малоэтажная,хорошее,есть,обычная
109900,111.1,111.1,0.0,111.1,445.9,12.2,4,7,1916,1990,2007,2,40.9,1,5,0,IDOTRR,жилая многоквартирная,среднее,есть,обычная
189000,135.3,67.6,67.6,67.6,761.7,19.2,7,5,2005,2005,2008,2,38.1,2,7,1,CollgCr,жилая малоэтажная,хорошее,есть,обычная
582933,262.2,161.1,101.1,161.1,1290.5,32.6,9,5,2008,2009,2009,3,94.8,3,12,1,NridgHt,жилая малоэтажная,отличное,есть,дом ещё строился
118000,104.8,104.8,0.0,87.0,836.1,22.9,5,5,1954,1954,2006,1,26.6,1,5,0,NAmes,жилая малоэтажная,среднее,есть,между родственниками
227680,132.7,132.7,0.0,131.6,1140.3,27.7,7,5,2008,2008,2008,2,51.5,2,6,0,Somerst,жилая малоэтажная,отличное,есть,дом ещё строился
135500,91.0,91.0,0.0,91.0,905.8,22.9,5,5,1967,1967,2006,1,35.7,2,6,0,NAmes,жилая малоэтажная,среднее,есть,обычная
223500,146.4,99.6,46.8,123.0,1986.6,43.9,5,6,1923,2004,2009,2,49.1,1,6,1,BrkSide,жилая малоэтажная,хорошее,есть,обычная
159950,100.9,100.9,0.0,95.1,1244.9,25.9,5,5,1966,1966,2006,2,45.0,1,6,1,NAmes,жилая малоэтажная,среднее,есть,обычная
106000,198.6,99.9,98.8,78.9,752.5,27.4,5,5,1898,1965,2009,2,33.4,2,11,0,OldTown,жилая многоквартирная,среднее,нет,обычная
181000,121.6,121.6,0.0,96.6,942.0,23.8,6,6,1974,1999,2006,2,45.0,1,5,1,NWAmes,жилая малоэтажная,хорошее,есть,обычная
144500,78.8,78.8,0.0,78.8,412.3,,6,5,2004,2004,2008,2,39.0,1,4,1,CollgCr,жилая многоквартирная,хорошее,есть,обычная
55993,97.0,97.0,0.0,50.2,809.4,20.1,5,5,1952,1952,2010,2,46.8,1,4,0,IDOTRR,коммерческая,ниже среднего,нет,раздел имущества
157900,134.0,134.0,0.0,134.0,905.8,22.9,6,6,1958,1958,2007,1,28.0,1,7,0,NAmes,жилая малоэтажная,среднее,есть,обычная
116000,116.1,63.7,52.4,63.7,766.3,13.7,5,7,1918,1950,2006,1,26.0,1,7,0,Edwards,жилая малоэтажная,ниже среднего,есть,обычная
224900,154.3,154.3,0.0,153.2,1127.6,14.6,7,5,1998,1998,2010,2,55.6,2,6,0,CollgCr,жилая малоэтажная,хорошее,есть,обычная
137000,93.6,93.6,0.0,93.6,1061.4,,5,6,1954,1954,2006,1,25.5,1,4,1,NAmes,жилая малоэтажная,среднее,есть,обычная
271000,156.9,156.9,0.0,145.7,1232.4,,8,5,2002,2002,2008,3,79.6,2,7,2,Mitchel,жилая малоэтажная,хорошее,есть,обычная
155000,97.7,97.7,0.0,93.8,819.0,24.4,6,7,1971,1971,2010,2,40.9,1,6,0,ClearCr,жилая малоэтажная,среднее,есть,обычная
224000,126.2,126.2,0.0,126.2,591.9,13.4,7,5,2009,2010,2010,2,45.0,2,6,1,NridgHt,жилая малоэтажная,хорошее,есть,дом ещё строился
183000,152.4,74.1,78.2,74.1,671.3,21.9,7,5,2003,2003,2008,2,55.3,2,6,0,CollgCr,жилая малоэтажная,хорошее,есть,обычная
93000,87.0,87.0,0.0,87.0,557.4,18.3,4,4,1953,1953,2009,2,53.5,1,4,0,OldTown,жилая многоквартирная,среднее,нет,обычная
225000,161.0,78.7,82.3,78.7,1151.4,,7,5,2003,2003,2007,2,40.2,2,7,1,Gilbert,жилая малоэтажная,хорошее,есть,между родственниками
139500,138.3,87.7,50.6,72.3,919.7,18.3,6,7,1940,1950,2009,1,22.3,2,7,1,SWISU,жилая малоэтажная,среднее,есть,обычная
232600,138.3,138.3,0.0,138.3,1042.0,24.7,8,5,2006,2006,2006,2,72.1,2,7,1,Somerst,посёлок,хорошее,есть,дом ещё строился
385000,193.6,193.6,0.0,193.1,1375.2,34.7,10,5,2007,2008,2008,3,113.3,2,7,1,NridgHt,жилая малоэтажная,отличное,есть,дом ещё строился
109500,72.8,72.8,0.0,72.8,569.5,15.2,5,6,1924,1950,2008,0,0.0,1,5,0,BrkSide,жилая многоквартирная,хорошее,есть,обычная
189000,133.2,133.2,0.0,135.1,792.4,19.8,7,5,2001,2001,2009,2,49.0,2,6,1,SawyerW,жилая малоэтажная,хорошее,есть,обычная
185000,197.5,107.8,89.7,94.1,2666.1,,5,5,1967,1967,2009,2,50.0,2,7,0,ClearCr,жилая малоэтажная,среднее,есть,нетипичная
147400,113.6,48.3,57.9,55.7,236.3,7.3,7,5,2005,2005,2006,2,44.6,2,4,0,Somerst,посёлок,хорошее,есть,обычная
166000,129.3,129.3,0.0,129.3,1105.5,24.4,6,5,1957,1957,2008,2,42.5,1,6,2,NAmes,жилая малоэтажная,среднее,есть,обычная
151000,111.5,48.3,55.7,55.7,295.4,9.1,7,5,2005,2005,2006,2,44.6,2,4,0,Somerst,посёлок,хорошее,есть,обычная
237000,169.9,87.4,82.5,87.4,887.0,13.4,7,6,2003,2003,2010,2,56.9,2,7,1,CollgCr,жилая малоэтажная,хорошее,есть,обычная
167000,140.8,140.8,0.0,140.8,929.4,30.5,6,6,1964,1964,2009,2,43.9,1,6,0,NAmes,жилая малоэтажная,среднее,есть,обычная
139950,106.3,106.3,0.0,106.3,731.6,22.9,5,6,1961,1961,2008,2,42.4,1,6,0,NAmes,жилая малоэтажная,среднее,есть,обычная
128000,99.1,99.1,0.0,99.1,891.9,18.3,4,7,1950,1995,2010,2,40.5,2,4,0,Sawyer,жилая малоэтажная,хорошее,есть,обычная
153500,144.8,144.8,0.0,144.8,752.5,27.4,5,6,1948,1973,2007,2,75.4,1,5,0,OldTown,жилая многоквартирная,среднее,есть,обычная
100000,91.7,44.9,46.8,44.9,156.1,6.4,6,5,1973,1973,2008,1,24.5,1,5,0,BrDale,жилая многоквартирная,среднее,есть,обычная
144000,102.1,102.1,0.0,102.1,884.9,22.9,5,6,1995,2006,2008,1,32.7,1,6,0,CollgCr,жилая малоэтажная,хорошее,есть,обычная
130500,111.5,71.3,40.1,71.3,1093.2,21.3,5,6,1946,1995,2008,1,22.3,1,6,0,Edwards,жилая малоэтажная,среднее,есть,обычная
140000,137.7,75.3,62.4,62.4,1129.2,,6,8,1925,1950,2008,1,37.2,2,7,0,SWISU,жилая плотная,ниже среднего,нет,обычная
157500,143.0,89.0,54.0,60.4,969.9,18.3,5,8,1904,2002,2008,2,63.7,2,8,1,OldTown,жилая многоквартирная,хорошее,есть,обычная
174900,108.2,108.2,0.0,104.7,838.0,25.0,6,7,1966,1966,2008,2,45.5,1,6,0,NAmes,жилая малоэтажная,среднее,есть,обычная
141000,167.2,167.2,0.0,167.2,743.2,24.4,5,4,1961,1961,2007,0,0.0,2,10,0,NAmes,жилая малоэтажная,среднее,нет,обычная
153900,131.6,81.4,50.2,81.4,1176.6,30.5,5,8,1915,1950,2008,3,66.9,1,7,1,OldTown,жилая многоквартирная,среднее,есть,обычная
171000,158.0,158.0,0.0,129.1,1546.6,,5,5,1975,1981,2007,2,56.8,2,6,2,Sawyer,жилая малоэтажная,среднее,есть,обычная
213000,164.9,93.5,71.4,68.7,865.6,22.9,7,5,1993,1993,2009,2,39.5,2,7,1,SawyerW,жилая малоэтажная,хорошее,есть,обычная
133500,80.3,80.3,0.0,80.3,1442.1,11.0,5,6,1972,1972,2009,1,31.4,1,5,1,CollgCr,жилая малоэтажная,среднее,есть,обычная
240000,219.1,121.4,97.6,84.3,4236.4,22.9,6,8,1908,1997,2008,2,33.4,3,10,1,ClearCr,жилая малоэтажная,среднее,есть,обычная
187000,172.3,101.6,70.7,49.1,891.9,24.4,6,7,1976,1994,2007,2,47.6,2,7,1,Veenker,жилая малоэтажная,среднее,есть,обычная
131500,78.8,78.8,0.0,78.8,412.0,11.0,6,5,2003,2003,2007,2,39.0,1,3,0,CollgCr,жилая многоквартирная,хорошее,есть,обычная
215000,135.3,135.3,0.0,118.3,296.9,,8,5,2003,2003,2006,2,37.2,2,7,1,Blmngtn,жилая малоэтажная,хорошее,есть,обычная
164000,152.9,85.3,67.6,85.3,662.2,16.2,7,5,1941,1950,2007,1,22.3,2,7,2,Crawfor,жилая малоэтажная,среднее,есть,обычная
158000,134.2,134.2,0.0,104.7,1123.7,,6,6,1964,1964,2009,2,59.9,1,7,1,NAmes,жилая малоэтажная,среднее,есть,обычная
170000,165.3,165.3,0.0,163.8,1664.8,31.1,5,4,1955,1974,2006,2,42.2,1,6,1,Sawyer,жилая малоэтажная,среднее,есть,нетипичная
127000,96.6,96.6,0.0,96.6,640.8,,5,8,1962,2010,2010,1,24.2,1,6,0,Sawyer,жилая малоэтажная,среднее,есть,обычная
147000,95.3,95.3,0.0,87.3,1019.1,,6,6,1978,1978,2008,2,53.5,1,5,0,CollgCr,жилая малоэтажная,среднее,есть,обычная
174000,137.6,65.2,72.4,65.2,754.8,19.8,6,5,1994,1995,2009,2,31.9,2,6,1,Gilbert,жилая малоэтажная,среднее,есть,обычная
152000,127.3,127.3,0.0,101.3,966.2,24.4,7,5,1976,1976,2009,2,44.5,2,6,1,NWAmes,жилая малоэтажная,среднее,есть,между родственниками
250000,246.6,140.5,106.1,97.9,1024.6,,6,7,1968,1984,2006,2,57.5,2,9,1,NWAmes,жилая малоэтажная,хорошее,есть,обычная
189950,132.5,84.7,47.8,84.7,710.0,16.8,7,8,1918,1998,2007,1,20.1,1,7,1,Crawfor,жилая малоэтажная,хорошее,есть,обычная
131500,96.5,96.5,0.0,96.5,1080.0,22.9,5,4,1965,1965,2010,2,46.8,1,6,0,Sawyer,жилая малоэтажная,среднее,есть,обычная
152000,101.9,101.9,0.0,96.6,898.6,24.7,6,5,1984,1985,2010,2,44.6,2,6,0,SawyerW,жилая малоэтажная,среднее,есть,обычная
132500,106.7,106.7,0.0,106.7,736.8,21.3,5,5,1959,1959,2009,1,62.4,1,6,0,NAmes,жилая малоэтажная,среднее,есть,обычная
250580,127.5,127.5,0.0,127.5,802.7,21.9,7,5,2007,2008,2008,2,49.1,2,6,0,Somerst,посёлок,хорошее,есть,дом ещё строился
148500,93.1,93.1,0.0,93.1,812.9,,5,6,1970,1970,2009,2,83.8,1,5,0,NAmes,жилая малоэтажная,среднее,есть,обычная
248900,152.9,152.9,0.0,152.2,990.0,20.4,8,5,2006,2007,2007,3,80.8,2,6,1,Timber,жилая малоэтажная,хорошее,есть,дом ещё строился
129000,104.1,104.1,0.0,96.6,647.5,25.9,4,5,1961,1961,2007,2,50.5,1,5,0,Sawyer,жилая малоэтажная,ниже среднего,есть,обычная
169000,215.5,143.7,66.9,0.0,1371.4,,5,6,1948,1950,2006,2,62.4,2,7,1,Gilbert,жилая малоэтажная,среднее,есть,обычная
236000,181.1,98.7,82.4,97.5,923.3,24.4,7,5,1993,1994,2010,2,53.3,2,8,1,SawyerW,жилая малоэтажная,хорошее,есть,обычная
109500,83.1,83.1,0.0,83.1,613.2,18.3,5,5,1962,1962,2009,1,28.6,1,5,0,NAmes,жилая малоэтажная,среднее,нет,обычная
200500,156.3,74.7,81.6,74.7,812.9,21.3,6,5,1998,1998,2010,2,48.6,2,7,0,CollgCr,жилая малоэтажная,хорошее,есть,обычная
116000,84.5,84.5,0.0,9.8,826.1,22.6,5,7,1953,1996,2008,2,38.5,1,5,0,NAmes,жилая малоэтажная,хорошее,есть,обычная
133000,117.8,96.2,0.0,77.3,1128.2,18.3,5,7,1949,1950,2009,1,26.8,1,6,1,NAmes,жилая малоэтажная,среднее,есть,обычная
66500,105.1,62.8,42.3,62.8,531.4,15.8,5,6,1941,1950,2009,1,18.6,1,5,0,OldTown,жилая многоквартирная,среднее,есть,нетипичная
303477,242.5,110.0,132.5,110.0,836.1,22.9,8,5,2007,2007,2007,2,51.1,2,11,1,Somerst,посёлок,отличное,есть,дом ещё строился
132250,96.6,96.6,0.0,98.8,2349.1,28.7,4,5,1963,1963,2007,2,60.2,1,5,0,Mitchel,жилая малоэтажная,среднее,есть,обычная
350000,206.6,135.8,70.8,135.8,820.7,22.6,9,5,2004,2005,2009,3,68.6,2,10,1,NridgHt,жилая малоэтажная,отличное,есть,обычная
148000,107.3,107.3,0.0,103.0,1094.6,26.8,5,7,1961,1995,2010,2,53.5,1,6,0,Sawyer,жилая малоэтажная,хорошее,есть,обычная
136500,80.3,80.3,0.0,80.3,650.3,,5,8,1978,2005,2009,1,31.2,1,6,0,CollgCr,жилая малоэтажная,среднее,есть,обычная
157000,101.3,101.3,0.0,101.3,652.6,18.3,5,5,2005,2006,2007,2,41.8,1,5,0,Edwards,жилая малоэтажная,среднее,есть,обычная
187500,159.5,110.3,49.2,107.4,1278.2,13.4,7,5,1990,1991,2007,2,37.2,2,7,1,Timber,жилая малоэтажная,хорошее,есть,обычная
178000,148.0,75.1,72.9,75.1,895.2,,6,5,1992,1993,2009,2,36.1,2,7,1,Gilbert,жилая малоэтажная,среднее,есть,обычная
118500,207.2,88.6,73.9,73.9,576.4,18.3,4,5,1912,1950,2006,1,40.9,1,10,0,SWISU,жилая малоэтажная,среднее,нет,обычная
100000,82.9,82.9,0.0,82.9,664.3,19.8,5,5,1967,1967,2009,1,26.8,1,5,0,NAmes,жилая малоэтажная,среднее,есть,обычная
328900,158.8,158.8,0.0,157.7,475.6,15.2,9,5,1999,2000,2008,2,47.0,2,5,1,Somerst,посёлок,хорошее,есть,нетипичная
145000,159.1,159.1,0.0,151.1,779.7,21.3,5,5,1959,2005,2006,2,54.6,2,8,0,NAmes,жилая малоэтажная,среднее,есть,между родственниками
135500,129.4,81.0,48.4,75.8,1529.7,18.0,5,7,1955,1955,2008,1,27.9,1,8,0,Edwards,жилая малоэтажная,среднее,есть,обычная
268000,206.0,206.0,0.0,206.0,1473.9,29.0,8,6,1970,1970,2007,2,57.7,2,8,1,NAmes,жилая малоэтажная,хорошее,есть,обычная
149500,139.8,139.8,0.0,139.8,1129.7,39.0,6,4,1953,1953,2009,2,46.9,1,6,1,NAmes,жилая малоэтажная,среднее,есть,обычная
122900,85.8,62.4,23.4,62.4,749.2,18.3,5,7,1949,2006,2007,2,53.5,1,6,1,NAmes,жилая малоэтажная,среднее,есть,обычная
172500,156.4,85.3,71.1,85.3,1039.0,21.3,6,5,1978,1978,2009,2,40.9,2,7,1,Sawyer,жилая малоэтажная,среднее,есть,обычная
154500,99.2,99.2,0.0,98.4,781.7,21.3,6,8,1963,2003,2006,1,24.5,1,6,0,Sawyer,жилая малоэтажная,среднее,есть,обычная
165000,128.5,128.5,0.0,128.5,1234.1,,5,5,1954,1954,2008,1,32.9,1,6,1,Sawyer,жилая малоэтажная,среднее,есть,обычная
118858,142.6,142.6,0.0,0.0,652.0,19.5,5,5,1979,1979,2009,2,37.2,2,8,0,SawyerW,жилая малоэтажная,среднее,есть,раздел имущества
140000,166.9,91.3,75.5,72.5,655.5,21.6,6,5,1963,1963,2008,2,44.9,1,8,1,NAmes,жилая малоэтажная,среднее,есть,обычная
106500,88.4,88.4,0.0,88.4,814.3,15.2,4,6,1936,1950,2006,1,30.4,1,6,0,IDOTRR,жилая многоквартирная,среднее,нет,нетипичная
142953,208.1,104.1,104.1,0.0,652.0,19.5,5,5,1979,1979,2009,2,49.1,2,12,0,SawyerW,жилая малоэтажная,среднее,есть,раздел имущества
611657,219.6,219.6,0.0,216.5,1200.2,30.5,9,5,2009,2010,2010,3,76.2,2,11,2,NridgHt,жилая малоэтажная,отличное,есть,дом ещё строился
135000,114.8,114.8,0.0,84.7,649.7,19.8,5,7,1961,1994,2006,1,26.8,1,6,1,Sawyer,жилая малоэтажная,среднее,есть,обычная
110000,79.7,79.7,0.0,79.7,681.9,,4,6,1971,1971,2007,1,63.5,1,4,0,NAmes,жилая малоэтажная,среднее,есть,обычная
153000,121.3,121.3,0.0,92.2,809.4,19.5,5,7,1957,2000,2009,1,70.2,1,5,0,NAmes,жилая малоэтажная,среднее,есть,обычная
180000,140.2,75.0,65.2,72.7,731.6,19.2,7,5,2003,2003,2006,2,36.5,2,8,1,Gilbert,жилая малоэтажная,хорошее,есть,обычная
240000,155.1,155.1,0.0,155.1,1380.4,15.2,7,5,2006,2006,2006,3,64.1,2,7,1,Gilbert,жилая малоэтажная,хорошее,есть,дом ещё строился
125500,83.8,83.8,0.0,81.4,573.5,,5,6,1967,1967,2007,1,26.8,1,6,0,Sawyer,жилая малоэтажная,среднее,есть,обычная
128000,98.8,98.8,0.0,98.1,921.6,24.4,5,5,1954,1954,2010,1,26.0,1,6,0,NAmes,жилая малоэтажная,среднее,есть,обычная
255000,152.0,152.0,0.0,150.8,1254.3,35.4,8,5,2006,2006,2007,3,80.4,2,8,1,Somerst,жилая малоэтажная,хорошее,есть,обычная
250000,191.1,94.8,96.3,94.5,1068.4,26.2,7,7,1936,1987,2006,1,16.7,1,6,1,Crawfor,жилая малоэтажная,хорошее,есть,обычная
131000,83.8,83.8,0.0,80.3,825.4,,5,5,1983,1983,2006,2,45.0,1,5,0,Mitchel,жилая малоэтажная,среднее,есть,обычная
174000,137.9,68.9,68.9,68.9,1169.6,45.4,6,5,2005,2005,2009,2,36.2,2,8,1,Gilbert,жилая малоэтажная,хорошее,есть,обычная
154300,211.3,102.7,108.6,102.7,1077.7,24.4,5,5,1960,1960,2010,2,44.6,2,12,0,NAmes,жилая малоэтажная,среднее,есть,обычная
143500,117.8,117.8,0.0,117.8,862.7,,5,7,1977,1989,2009,1,23.4,1,5,0,CollgCr,жилая малоэтажная,хорошее,есть,обычная
88000,94.3,94.3,0.0,71.3,568.6,15.5,5,7,1925,1950,2006,1,41.8,1,6,0,BrkSide,жилая многоквартирная,среднее,нет,нетипичная
145000,186.0,93.0,93.0,93.0,582.5,25.0,5,6,1949,1950,2007,3,80.9,2,8,0,Crawfor,жилая плотная,среднее,нет,обычная
173733,113.7,56.9,56.9,56.9,278.7,9.1,6,5,2009,2009,2009,2,49.1,2,4,0,Somerst,посёлок,хорошее,есть,дом ещё строился
75000,101.5,50.7,50.7,50.7,185.9,6.4,4,5,1970,1970,2007,1,26.6,1,6,0,MeadowV,жилая многоквартирная,среднее,есть,обычная
35311,44.6,44.6,0.0,44.6,836.1,15.2,2,3,1949,1950,2006,1,28.6,0,4,0,IDOTRR,коммерческая,среднее,нет,нетипичная
135000,114.2,114.2,0.0,105.4,1592.4,,4,6,1956,1956,2009,1,26.4,1,6,0,Edwards,жилая малоэтажная,среднее,есть,обычная
238000,197.6,84.7,112.9,102.6,1219.4,31.4,7,5,1991,1991,2007,3,77.4,2,8,1,SawyerW,жилая малоэтажная,хорошее,есть,обычная
176500,131.4,131.4,0.0,110.0,1024.6,26.5,6,8,1958,2002,2008,2,55.8,1,6,1,NAmes,жилая малоэтажная,среднее,есть,обычная
201000,159.9,87.0,72.9,86.2,786.1,21.3,6,5,1994,1994,2007,2,43.8,2,7,0,SawyerW,жилая малоэтажная,хорошее,есть,обычная
145900,204.4,118.2,86.2,118.2,815.4,20.4,5,7,1900,2003,2008,0,0.0,2,9,0,Edwards,жилая малоэтажная,среднее,есть,обычная
169990,122.3,122.3,0.0,122.3,951.0,19.8,6,5,2005,2006,2006,2,36.9,2,6,1,Gilbert,жилая малоэтажная,хорошее,есть,дом ещё строился
193000,150.2,150.2,0.0,149.0,744.3,15.2,6,5,1993,1994,2008,2,49.5,2,5,1,SawyerW,жилая малоэтажная,хорошее,есть,обычная
207500,156.6,156.6,0.0,156.6,951.3,24.1,6,6,1980,1980,2006,2,56.9,2,7,1,NWAmes,жилая малоэтажная,среднее,есть,обычная
175000,104.6,104.6,0.0,104.6,1450.3,,5,6,1977,1977,2008,2,50.2,2,6,0,NWAmes,жилая малоэтажная,отличное,есть,нетипичная
285000,220.6,114.6,105.9,109.7,1114.7,28.3,8,5,2003,2004,2007,3,60.9,2,10,1,NridgHt,жилая малоэтажная,отличное,есть,обычная
176000,183.8,102.0,81.8,77.3,919.7,,7,5,1968,1968,2008,2,45.2,2,9,1,NWAmes,жилая малоэтажная,среднее,есть,обычная
236500,166.1,166.1,0.0,162.9,1099.8,,8,5,2001,2001,2009,2,48.5,2,7,1,CollgCr,жилая малоэтажная,отличное,есть,обычная
222000,207.7,92.3,115.5,89.6,1208.3,,7,5,1997,1997,2006,2,59.6,2,8,1,Gilbert,жилая малоэтажная,хорошее,есть,обычная
201000,136.2,136.2,0.0,136.2,829.2,22.3,8,5,2007,2007,2009,3,56.7,2,7,0,Timber,жилая малоэтажная,хорошее,есть,обычная
117500,85.9,85.9,0.0,85.9,845.4,21.3,5,6,1965,1965,2009,1,39.9,1,5,0,NAmes,жилая малоэтажная,среднее,есть,обычная
320000,177.0,177.0,0.0,177.0,1084.2,25.6,9,5,2006,2006,2007,3,73.2,2,8,1,Somerst,жилая малоэтажная,отличное,есть,обычная
190000,139.4,139.4,0.0,139.4,788.5,19.2,7,5,2004,2004,2009,2,53.0,2,6,0,CollgCr,жилая малоэтажная,хорошее,есть,обычная
242000,192.2,192.2,0.0,54.3,2568.8,95.4,7,7,1960,2007,2008,2,46.9,2,9,1,NAmes,жилая малоэтажная,хорошее,есть,обычная
79900,69.4,69.4,0.0,55.7,541.2,15.8,4,5,1926,1953,2006,2,49.1,1,5,0,BrkSide,жилая малоэтажная,среднее,есть,обычная
184900,111.5,111.5,0.0,109.3,936.7,20.4,7,5,2003,2003,2009,2,51.6,2,5,0,SawyerW,жилая малоэтажная,хорошее,есть,обычная
253000,183.1,103.4,79.7,103.4,898.8,22.9,7,5,2005,2005,2009,2,64.0,2,8,1,Somerst,жилая малоэтажная,хорошее,есть,обычная
239799,182.3,129.2,53.0,129.2,813.8,22.3,7,5,2006,2006,2006,3,80.6,2,7,0,CollgCr,жилая малоэтажная,хорошее,есть,дом ещё строился
244400,223.2,112.1,111.1,95.9,2238.0,,7,7,1940,1950,2010,1,32.4,2,10,2,ClearCr,жилая малоэтажная,среднее,есть,обычная
150900,160.5,160.5,0.0,160.5,1174.3,16.8,6,5,1976,1976,2006,2,53.3,2,8,0,Mitchel,жилая малоэтажная,среднее,есть,обычная
214000,191.4,94.9,96.4,92.2,813.4,,7,5,1999,1999,2009,2,36.2,2,8,1,Gilbert,жилая малоэтажная,хорошее,есть,обычная
150000,133.8,133.8,0.0,133.8,716.4,12.8,4,3,1977,1977,2007,0,0.0,2,8,0,Edwards,жилая малоэтажная,среднее,есть,нетипичная
143000,151.6,151.6,0.0,151.6,2322.6,30.5,5,4,1967,1967,2007,2,53.5,2,8,0,Mitchel,жилая малоэтажная,среднее,есть,обычная
137500,124.9,124.9,0.0,76.1,1335.5,,6,6,1958,1958,2009,2,48.8,1,7,1,Timber,жилая малоэтажная,хорошее,есть,нетипичная
124900,173.6,110.4,52.1,101.1,819.4,29.9,5,6,1890,1996,2009,2,42.4,1,7,0,OldTown,жилая многоквартирная,среднее,есть,обычная
143000,106.3,106.3,0.0,106.3,758.4,21.3,5,6,1959,1959,2006,1,74.0,1,6,1,NAmes,жилая малоэтажная,среднее,есть,обычная
270000,151.3,151.3,0.0,150.1,1350.4,25.9,8,5,2002,2003,2007,3,75.1,2,9,1,Timber,жилая малоэтажная,хорошее,есть,обычная
192500,165.0,87.0,78.0,87.0,1301.2,19.8,7,5,2002,2002,2006,2,44.0,2,7,1,CollgCr,жилая малоэтажная,хорошее,есть,обычная
197500,128.3,128.3,0.0,107.9,869.6,23.8,6,7,1972,2006,2010,2,62.8,1,5,1,NWAmes,жилая малоэтажная,хорошее,есть,обычная
129000,80.3,80.3,0.0,80.3,668.9,18.3,5,8,1950,2002,2007,2,66.9,1,5,0,NAmes,жилая малоэтажная,хорошее,есть,обычная
119900,89.7,89.7,0.0,76.9,724.6,18.3,5,5,1965,1965,2006,1,27.9,1,6,0,SawyerW,жилая плотная,среднее,есть,нетипичная
133900,71.3,71.3,0.0,71.3,668.9,18.3,5,8,1972,2003,2009,1,36.8,1,5,0,CollgCr,жилая малоэтажная,среднее,есть,обычная
172000,182.8,108.5,74.3,72.8,1028.9,,5,4,1969,1969,2008,2,49.2,2,7,1,Mitchel,жилая малоэтажная,среднее,есть,обычная
127500,91.0,91.0,0.0,87.8,873.3,10.7,6,5,1975,1975,2006,0,0.0,2,4,0,Edwards,жилая малоэтажная,среднее,есть,вместе с участком
145000,181.9,91.0,91.0,91.0,663.0,25.0,6,6,1946,1950,2007,2,45.7,2,8,0,Crawfor,жилая плотная,среднее,нет,обычная
124000,114.2,52.1,62.1,52.1,120.8,7.3,6,6,1980,1980,2009,2,42.9,1,5,1,Blueste,жилая многоквартирная,среднее,есть,обычная
132000,98.2,98.2,0.0,98.2,689.3,21.3,5,5,1962,1962,2007,2,53.5,1,6,0,Sawyer,жилая малоэтажная,среднее,есть,обычная
185000,124.2,124.2,0.0,124.2,785.0,19.8,7,5,2003,2003,2007,2,49.3,2,6,0,CollgCr,жилая малоэтажная,хорошее,есть,обычная
155000,131.6,64.7,66.9,64.7,238.9,7.3,7,5,1999,1999,2010,2,45.0,2,6,0,Somerst,посёлок,хорошее,есть,обычная
116500,79.7,79.7,0.0,79.7,669.6,15.2,5,7,1958,2008,2010,0,0.0,1,4,0,BrkSide,жилая малоэтажная,среднее,есть,обычная
272000,266.8,143.3,123.6,123.6,1135.9,,6,7,1977,1995,2008,2,57.5,2,11,1,NWAmes,жилая малоэтажная,среднее,есть,обычная
155000,143.8,74.7,69.1,74.7,214.4,7.3,6,6,1976,1976,2007,2,40.9,2,7,1,NPkVill,жилая малоэтажная,хорошее,есть,обычная
239000,167.2,167.2,0.0,167.2,1107.7,37.2,9,5,2007,2007,2009,2,65.2,2,7,0,CollgCr,жилая малоэтажная,отличное,есть,обычная
214900,176.0,76.6,99.4,75.9,1051.3,24.4,7,5,2002,2003,2010,2,47.4,2,8,1,Timber,жилая малоэтажная,хорошее,есть,обычная
178900,137.9,72.7,65.1,72.7,951.0,19.8,6,5,2005,2007,2007,2,36.5,2,8,1,Gilbert,жилая малоэтажная,хорошее,есть,дом ещё строился
160000,121.5,90.7,30.8,67.6,891.9,39.6,5,7,1940,1950,2009,1,23.8,1,7,2,Crawfor,жилая малоэтажная,среднее,есть,обычная
135000,102.0,102.0,0.0,102.0,686.6,,5,7,1955,1955,2008,1,24.2,1,6,0,NAmes,жилая малоэтажная,среднее,есть,обычная
37900,89.9,55.7,34.2,55.7,550.5,15.2,3,6,1910,1950,2009,0,0.0,1,6,0,OldTown,жилая многоквартирная,среднее,нет,нетипичная
140000,101.7,101.7,0.0,54.6,964.5,22.9,6,5,1958,1958,2006,1,24.5,1,6,0,NAmes,жилая малоэтажная,среднее,есть,обычная
135000,110.7,66.9,43.9,66.9,1003.4,18.3,4,4,1949,1950,2006,0,0.0,1,6,0,NAmes,жилая малоэтажная,среднее,нет,нетипичная
173000,151.1,71.0,80.1,71.0,210.7,11.0,7,5,2003,2004,2009,2,44.0,2,6,0,NridgHt,жилая малоэтажная,хорошее,есть,обычная
99500,85.3,85.3,0.0,85.3,733.2,16.8,6,5,1979,1979,2010,1,24.5,2,5,1,SawyerW,жилая малоэтажная,среднее,есть,обычная
182000,132.7,132.7,0.0,132.7,1081.3,29.0,7,5,2007,2008,2008,2,44.6,2,6,0,Somerst,посёлок,хорошее,есть,дом ещё строился
167500,187.6,105.5,82.0,67.6,1060.4,18.3,7,8,1910,1993,2009,2,49.4,1,8,0,BrkSide,жилая малоэтажная,хорошее,нет,обычная
165000,128.4,62.5,65.9,62.5,246.3,,7,5,2000,2000,2006,2,45.5,2,6,0,Somerst,посёлок,хорошее,есть,обычная
85500,80.7,80.7,0.0,40.9,548.1,15.5,4,7,1923,1958,2006,0,0.0,1,4,0,BrkSide,жилая малоэтажная,ниже среднего,есть,обычная
199900,115.3,115.3,0.0,115.3,397.1,10.7,7,5,2006,2007,2007,2,52.9,1,4,0,Somerst,посёлок,хорошее,есть,дом ещё строился
110000,83.1,83.1,0.0,83.1,877.9,20.7,4,5,1954,1954,2007,2,37.2,1,5,0,Edwards,жилая малоэтажная,среднее,есть,нетипичная
139000,104.1,104.1,0.0,104.1,819.0,24.4,5,6,1963,1963,2009,2,44.6,1,5,0,Sawyer,жилая малоэтажная,среднее,есть,обычная
178400,92.8,92.8,0.0,87.7,1126.2,,7,9,1961,2007,2008,2,54.6,1,6,0,NAmes,жилая малоэтажная,отличное,есть,обычная
336000,242.7,118.5,124.1,113.8,1133.7,29.9,8,5,1998,1999,2009,3,62.8,2,8,1,NoRidge,жилая малоэтажная,хорошее,есть,обычная
159895,117.6,117.6,0.0,117.6,295.6,13.1,7,5,2007,2007,2008,2,36.0,2,6,1,Blmngtn,жилая малоэтажная,хорошее,есть,обычная
255900,212.7,106.7,106.0,104.8,1045.2,,8,5,2002,2002,2008,2,72.4,2,9,1,CollgCr,жилая малоэтажная,хорошее,есть,обычная
126000,161.1,121.0,40.1,0.0,940.6,22.9,5,5,1977,1977,2009,2,50.1,2,8,0,Mitchel,жилая малоэтажная,хорошее,есть,обычная
125000,108.1,108.1,0.0,108.1,1010.8,20.7,5,5,1950,1950,2008,1,22.3,1,5,0,Edwards,жилая малоэтажная,среднее,нет,обычная
117000,151.9,93.0,58.9,45.1,493.3,18.0,6,8,1910,2003,2006,1,23.7,1,5,0,OldTown,жилая многоквартирная,хорошее,есть,обычная
395192,180.2,180.2,0.0,179.3,943.8,25.3,9,5,2009,2010,2010,3,56.3,2,8,1,NridgHt,жилая малоэтажная,отличное,есть,дом ещё строился
195000,188.6,103.9,84.7,78.8,1119.1,,6,6,1976,1976,2007,2,51.2,2,8,1,NWAmes,жилая малоэтажная,хорошее,есть,обычная
197000,146.4,72.3,74.1,71.5,754.8,19.8,7,5,2006,2006,2006,2,57.0,2,6,0,Somerst,посёлок,хорошее,есть,дом ещё строился
348000,222.2,130.7,91.5,129.7,878.1,25.0,8,5,1997,1998,2006,3,80.8,2,7,1,NoRidge,жилая малоэтажная,хорошее,есть,обычная
168000,161.8,85.1,76.7,85.1,1641.7,36.9,8,9,1882,1986,2009,2,39.4,1,8,1,OldTown,жилая многоквартирная,хорошее,есть,обычная
187000,172.0,94.8,77.2,76.4,906.7,24.4,6,8,1964,1993,2007,2,40.9,2,7,1,NAmes,жилая малоэтажная,хорошее,есть,обычная
173900,139.4,69.7,69.7,69.7,821.8,20.7,6,5,2005,2006,2006,2,52.4,2,6,0,CollgCr,жилая малоэтажная,хорошее,есть,дом ещё строился
337500,159.6,159.6,0.0,157.9,1157.2,29.3,10,5,2006,2007,2009,3,73.0,2,7,1,NridgHt,жилая малоэтажная,отличное,есть,обычная
121600,114.3,71.9,42.4,69.4,437.8,15.5,4,7,1946,1950,2006,1,28.3,1,5,0,BrkSide,жилая малоэтажная,среднее,есть,нетипичная
136500,97.5,97.5,0.0,97.5,990.3,,5,6,1961,1961,2006,1,34.2,1,6,0,NAmes,жилая малоэтажная,среднее,есть,обычная
185000,134.0,134.0,0.0,134.0,1088.5,,6,6,1970,1970,2009,2,57.1,2,6,1,NWAmes,жилая малоэтажная,среднее,есть,обычная
91000,100.1,100.1,0.0,93.6,909.1,18.3,3,4,1922,1950,2006,1,19.5,1,6,1,IDOTRR,жилая многоквартирная,среднее,нет,обычная
206000,112.2,112.2,0.0,110.3,628.2,19.5,7,5,2006,2006,2010,2,58.7,2,6,0,CollgCr,жилая малоэтажная,хорошее,есть,обычная
82000,87.7,87.7,0.0,0.0,948.2,22.6,3,3,1952,1952,2009,2,49.1,1,4,0,Edwards,жилая малоэтажная,ниже среднего,нет,обычная
86000,64.2,64.2,0.0,64.2,501.7,18.3,5,6,1920,1950,2007,1,20.1,1,4,0,OldTown,жилая малоэтажная,отличное,есть,нетипичная
232000,146.2,146.2,0.0,146.2,1110.8,22.9,8,5,2006,2006,2008,3,76.6,2,7,1,Somerst,жилая малоэтажная,хорошее,есть,обычная
136905,156.1,156.1,0.0,156.1,1068.4,,5,6,1976,1976,2007,2,49.1,2,8,0,NWAmes,жилая малоэтажная,среднее,есть,обычная
181000,139.7,139.7,0.0,125.0,295.6,13.1,7,5,2005,2006,2009,2,42.5,2,7,1,Blmngtn,жилая малоэтажная,хорошее,есть,обычная
149900,91.5,91.5,0.0,91.5,779.0,19.8,5,8,1977,1977,2008,1,30.5,2,6,0,CollgCr,жилая малоэтажная,среднее,есть,обычная
163500,153.9,153.9,0.0,153.9,1129.2,,6,3,1970,1970,2007,2,45.0,2,7,1,NAmes,жилая малоэтажная,среднее,есть,обычная
88000,101.5,50.7,50.7,50.7,206.0,6.4,4,4,1970,1970,2009,1,26.6,1,6,0,MeadowV,жилая многоквартирная,среднее,есть,обычная
240000,158.9,158.9,0.0,158.9,1125.8,13.1,7,5,2004,2005,2009,2,51.1,2,7,1,Mitchel,жилая малоэтажная,хорошее,есть,обычная
102000,141.4,93.6,0.0,93.6,557.4,18.3,5,5,1926,1950,2006,0,0.0,2,7,0,SWISU,жилая малоэтажная,среднее,есть,обычная
135000,118.1,66.9,51.2,66.9,1977.5,35.1,5,5,1948,1950,2008,1,29.0,2,7,1,Sawyer,жилая малоэтажная,среднее,есть,обычная
100000,154.6,154.6,0.0,0.0,912.8,22.9,5,5,1965,1965,2010,0,0.0,2,8,0,Edwards,жилая малоэтажная,среднее,нет,обычная
165000,139.5,83.6,55.9,55.9,984.0,16.8,6,7,1923,1996,2007,1,16.7,1,7,2,Crawfor,жилая малоэтажная,хорошее,есть,обычная
85000,94.9,94.9,0.0,94.9,668.9,18.3,5,4,1910,2006,2009,1,26.0,1,4,0,OldTown,жилая многоквартирная,среднее,нет,обычная
119200,100.5,100.5,0.0,100.5,1083.6,18.3,6,5,1948,1950,2007,1,22.3,1,5,1,NAmes,жилая малоэтажная,среднее,есть,обычная
227000,154.7,75.3,79.4,75.3,780.4,21.3,8,6,2001,2001,2009,2,49.1,2,6,0,NWAmes,жилая малоэтажная,хорошее,есть,обычная
203000,139.7,139.7,0.0,139.7,1104.0,22.3,7,5,1996,1996,2009,2,44.4,2,6,1,CollgCr,жилая малоэтажная,хорошее,есть,обычная
187500,126.3,126.3,0.0,113.3,540.1,,8,5,1984,1984,2009,2,52.5,1,4,1,StoneBr,жилая малоэтажная,хорошее,есть,нетипичная
160000,136.8,74.5,62.2,35.7,1001.9,,7,5,1991,1992,2007,2,37.3,2,7,1,Gilbert,жилая малоэтажная,хорошее,есть,обычная
213490,139.9,139.9,0.0,126.5,279.9,13.1,7,5,2005,2005,2006,2,40.9,2,6,1,Blmngtn,жилая малоэтажная,хорошее,есть,обычная
176000,105.2,105.2,0.0,105.2,652.6,18.3,4,5,2005,2005,2008,2,41.9,1,5,0,Edwards,жилая малоэтажная,хорошее,есть,обычная
194000,113.3,113.3,0.0,111.4,688.0,19.5,7,5,2006,2006,2006,2,58.7,2,6,0,CollgCr,жилая малоэтажная,хорошее,есть,дом ещё строился
87000,115.9,84.7,31.2,84.7,876.9,15.8,5,5,1930,1950,2007,1,14.9,1,6,0,OldTown,жилая многоквартирная,среднее,есть,обычная
191000,139.7,139.7,0.0,125.0,295.6,13.1,7,5,2005,2006,2008,2,40.6,2,7,1,Blmngtn,жилая малоэтажная,хорошее,есть,обычная
287000,269.2,269.2,0.0,145.4,1439.8,,8,6,1976,1976,2008,2,61.8,2,10,1,Timber,жилая малоэтажная,хорошее,есть,нетипичная
112500,81.9,81.9,0.0,81.9,715.4,21.3,5,5,1972,1972,2007,2,42.8,1,5,0,CollgCr,жилая малоэтажная,среднее,есть,обычная
167500,117.4,117.4,0.0,117.8,864.0,22.3,5,5,1960,1960,2010,2,42.8,1,6,2,NAmes,жилая малоэтажная,среднее,есть,обычная
293077,152.9,152.9,0.0,152.2,884.4,21.6,8,5,2007,2008,2008,3,74.3,2,7,1,Timber,жилая малоэтажная,хорошее,есть,дом ещё строился
105000,127.8,89.9,37.9,71.3,881.8,24.1,5,5,1941,1950,2007,1,22.3,1,6,1,NAmes,жилая малоэтажная,среднее,есть,обычная
118000,113.2,62.4,50.7,62.4,156.1,6.4,6,7,1972,1972,2006,1,24.5,1,7,0,BrDale,жилая многоквартирная,среднее,есть,обычная
160000,179.1,88.1,91.0,63.7,657.9,,5,8,1916,1995,2006,0,0.0,2,10,0,SWISU,жилая плотная,среднее,есть,обычная
197000,286.3,156.7,92.7,76.6,1473.7,31.1,7,3,1920,1970,2009,2,62.4,2,12,2,SWISU,жилая малоэтажная,среднее,есть,обычная
310000,234.1,125.6,108.5,124.3,1350.9,,8,7,1993,1993,2006,3,74.0,2,10,1,NoRidge,жилая малоэтажная,хорошее,есть,нетипичная
230000,153.7,153.7,0.0,153.7,754.8,,7,5,2002,2002,2006,3,83.6,2,6,0,CollgCr,жилая малоэтажная,хорошее,есть,обычная
119750,88.6,88.6,0.0,85.5,585.8,15.2,5,7,1938,1950,2007,1,22.3,1,5,1,Crawfor,жилая малоэтажная,ниже среднего,есть,обычная
84000,78.5,78.5,0.0,0.0,1068.4,,4,3,1957,1957,2009,1,26.9,1,5,0,Edwards,жилая малоэтажная,среднее,нет,обычная
315500,150.5,150.5,0.0,150.5,1198.3,27.1,9,5,2007,2008,2009,3,84.7,2,6,1,Timber,жилая малоэтажная,отличное,есть,обычная
287000,210.2,98.0,112.2,98.0,858.4,,8,5,2001,2002,2008,2,84.1,2,7,1,CollgCr,жилая малоэтажная,хорошее,есть,обычная
97000,124.9,74.1,50.7,50.7,142.4,6.4,4,6,1970,2008,2009,0,0.0,1,6,1,MeadowV,жилая многоквартирная,среднее,есть,обычная
80000,58.5,58.5,0.0,58.5,137.2,6.4,4,4,1970,1970,2009,1,26.6,1,3,0,MeadowV,жилая многоквартирная,среднее,есть,обычная
155000,167.5,167.5,0.0,105.4,1219.4,26.8,5,4,1957,2000,2006,2,45.0,2,8,1,Sawyer,жилая малоэтажная,среднее,есть,обычная
173000,151.6,74.3,77.3,74.3,848.2,,6,8,1966,2000,2008,2,45.0,1,7,0,NWAmes,жилая малоэтажная,хорошее,есть,обычная
196000,121.3,121.3,0.0,121.3,499.9,10.4,6,5,2005,2005,2009,2,58.0,2,5,1,NridgHt,жилая малоэтажная,хорошее,есть,обычная
262280,216.4,142.3,74.0,137.0,1099.9,26.2,7,5,1990,1990,2008,2,47.8,2,10,1,SawyerW,жилая малоэтажная,хорошее,есть,обычная
278000,234.5,234.5,0.0,234.5,891.9,24.4,8,5,1981,1981,2009,2,50.4,2,9,1,NWAmes,жилая малоэтажная,хорошее,есть,обычная
139600,161.0,161.0,0.0,0.0,1270.9,,3,5,1955,1955,2009,2,42.0,2,8,1,Edwards,жилая малоэтажная,среднее,есть,обычная
556581,266.4,185.1,81.4,185.1,1491.7,25.9,9,5,2005,2006,2006,3,66.5,3,11,1,StoneBr,жилая малоэтажная,отличное,есть,дом ещё строился
145000,92.0,92.0,0.0,92.0,858.9,17.4,5,5,1994,1995,2008,2,62.4,1,5,0,CollgCr,жилая малоэтажная,среднее,есть,обычная
115000,164.5,164.5,0.0,0.0,2020.6,30.5,5,4,1960,2006,2009,2,31.2,1,9,1,Mitchel,жилая малоэтажная,среднее,есть,обычная
84900,86.4,86.4,0.0,0.0,1031.2,18.3,4,7,1946,2006,2010,1,28.6,1,6,0,Edwards,жилая малоэтажная,хорошее,есть,нетипичная
176485,121.0,121.0,0.0,121.0,835.5,22.3,7,5,2007,2007,2007,2,40.5,2,6,0,Gilbert,жилая малоэтажная,хорошее,есть,дом ещё строился
200141,122.3,122.3,0.0,122.3,1038.2,31.4,7,5,2007,2007,2007,2,40.9,2,6,1,CollgCr,жилая малоэтажная,хорошее,есть,дом ещё строился
165000,183.7,104.7,79.0,75.8,882.6,30.5,6,6,1964,1978,2007,2,50.2,1,9,1,NAmes,жилая малоэтажная,среднее,есть,обычная
144500,141.8,141.8,0.0,113.0,795.4,20.7,5,6,1957,2002,2010,1,33.8,1,7,1,Edwards,жилая малоэтажная,среднее,есть,обычная
255000,184.8,101.4,83.4,98.9,1056.0,27.4,8,5,2002,2002,2006,2,54.4,2,7,1,CollgCr,жилая малоэтажная,хорошее,есть,обычная
180000,141.5,141.5,0.0,110.8,1055.5,31.7,6,5,1976,1976,2008,2,44.4,2,7,1,NWAmes,жилая малоэтажная,среднее,есть,нетипичная
185850,126.7,126.7,0.0,126.7,655.2,13.1,7,5,2005,2005,2006,2,45.0,2,6,1,NridgHt,жилая малоэтажная,хорошее,есть,обычная
248000,171.9,91.0,80.9,90.4,2783.3,,7,6,1994,1994,2009,2,43.4,2,7,1,NoRidge,жилая малоэтажная,хорошее,есть,обычная
335000,202.9,105.0,97.9,102.6,1050.5,29.3,9,5,2008,2008,2009,3,77.7,2,10,1,NridgHt,жилая малоэтажная,отличное,есть,обычная
220000,185.0,101.8,83.1,79.3,1047.5,,6,7,1932,1950,2007,2,40.1,1,7,1,Crawfor,жилая малоэтажная,среднее,есть,обычная
213500,124.3,124.3,0.0,124.3,457.1,12.5,8,5,2001,2001,2010,2,54.1,2,6,0,StoneBr,жилая малоэтажная,хорошее,есть,обычная
81000,83.1,83.1,0.0,83.1,1672.3,36.6,3,4,1935,1950,2008,3,115.9,1,6,0,IDOTRR,коммерческая,среднее,есть,обычная
90000,217.1,132.1,85.0,61.5,1263.5,25.9,5,5,1900,1950,2007,2,52.0,2,10,0,OldTown,жилая многоквартирная,среднее,нет,обычная
110500,102.5,102.5,0.0,102.5,557.4,15.2,6,6,1925,1980,2006,2,40.9,1,5,1,OldTown,жилая многоквартирная,хорошее,есть,обычная
154000,107.2,107.2,0.0,107.2,1021.9,,5,6,1966,1966,2009,2,44.6,1,6,1,NAmes,жилая малоэтажная,среднее,есть,обычная
328000,210.0,121.3,88.6,121.3,1300.6,24.4,7,5,1996,1997,2010,2,49.5,2,7,0,ClearCr,жилая малоэтажная,хорошее,есть,обычная
178000,146.0,74.2,71.7,74.2,728.1,18.0,6,7,1993,1994,2009,2,35.3,2,7,1,Gilbert,жилая малоэтажная,среднее,есть,обычная
167900,149.7,74.1,75.5,72.5,906.7,24.4,6,6,1964,1964,2008,2,41.1,1,7,0,NAmes,жилая малоэтажная,среднее,есть,обычная
151400,234.2,119.9,114.3,87.5,368.3,12.8,6,4,1973,1973,2006,2,53.5,2,10,1,MeadowV,жилая многоквартирная,среднее,есть,обычная
135000,83.0,83.0,0.0,78.5,891.9,18.3,5,7,1949,2003,2007,2,53.5,1,4,0,NAmes,жилая малоэтажная,хорошее,есть,обычная
135000,97.4,97.4,0.0,97.4,943.2,21.9,5,5,1956,1956,2007,1,26.6,1,6,0,NAmes,жилая малоэтажная,среднее,есть,обычная
154000,144.6,77.0,67.5,67.5,1087.0,23.8,6,6,1968,1968,2009,2,41.0,1,8,0,NWAmes,жилая малоэтажная,среднее,есть,обычная
91500,135.3,93.1,42.2,75.3,704.7,15.2,5,3,1948,1950,2006,1,26.0,1,7,1,Edwards,жилая малоэтажная,среднее,есть,обычная
159500,132.5,64.8,67.6,64.1,738.6,22.9,6,6,1977,1977,2009,2,40.9,1,6,0,Edwards,жилая малоэтажная,среднее,есть,обычная
194000,115.2,115.2,0.0,115.2,794.9,22.6,7,5,2006,2006,2007,3,76.7,2,5,0,CollgCr,жилая малоэтажная,хорошее,есть,обычная
219500,161.7,89.2,72.5,74.3,1219.4,22.9,7,6,1940,1984,2007,1,22.3,1,6,2,Crawfor,жилая малоэтажная,среднее,есть,обычная
170000,136.2,101.8,34.4,74.0,1003.4,18.3,5,8,1936,1989,2006,2,52.6,2,7,1,OldTown,жилая малоэтажная,хорошее,есть,обычная
138800,101.8,101.8,0.0,101.8,1474.4,,5,5,1969,1969,2006,1,27.8,1,6,0,NAmes,жилая малоэтажная,среднее,есть,нетипичная
155900,78.8,78.8,0.0,78.8,412.0,11.3,6,5,2004,2004,2006,2,39.0,1,3,1,CollgCr,жилая многоквартирная,хорошее,есть,обычная
126000,92.0,92.0,0.0,92.0,815.2,19.8,5,5,1994,1994,2007,1,27.8,1,5,0,CollgCr,жилая малоэтажная,среднее,есть,обычная
145000,116.9,116.9,0.0,116.9,1025.6,24.4,6,7,1971,2004,2008,2,49.1,2,5,0,NWAmes,жилая малоэтажная,хорошее,есть,нетипичная
133000,96.6,96.6,0.0,96.6,696.8,22.9,5,5,1963,1963,2010,1,28.6,1,5,0,Sawyer,жилая малоэтажная,среднее,есть,обычная
192000,135.5,135.5,0.0,135.5,812.8,21.3,7,5,2002,2002,2007,2,49.0,2,6,1,CollgCr,жилая малоэтажная,хорошее,есть,обычная
160000,116.2,116.2,0.0,116.2,817.5,24.4,6,6,1964,1964,2006,1,42.8,1,6,2,NAmes,жилая малоэтажная,среднее,есть,обычная
187500,139.2,64.2,75.0,64.2,1210.6,,6,5,1995,1996,2006,2,38.0,2,6,1,Gilbert,жилая малоэтажная,среднее,есть,обычная
147000,92.5,92.5,0.0,87.0,842.5,22.3,6,6,1992,1992,2010,2,52.4,1,5,0,SawyerW,жилая малоэтажная,хорошее,есть,обычная
83500,101.5,50.7,50.7,50.7,183.4,,4,5,1973,1973,2010,1,26.6,1,6,0,MeadowV,жилая многоквартирная,среднее,есть,обычная
252000,181.4,100.5,80.9,100.5,982.4,25.9,8,5,2005,2006,2009,3,96.9,2,9,1,Somerst,посёлок,хорошее,есть,обычная
137500,158.8,90.1,68.7,90.1,234.3,7.3,7,5,2004,2004,2006,2,35.3,2,7,0,Edwards,жилая многоквартирная,хорошее,есть,обычная
197000,115.9,115.9,0.0,115.9,308.1,11.3,8,5,2005,2005,2006,2,51.1,1,4,1,Somerst,посёлок,хорошее,есть,обычная
92900,96.6,96.6,0.0,0.0,793.8,18.3,3,4,1950,1950,2009,2,37.2,2,6,0,NAmes,жилая малоэтажная,среднее,нет,обычная
160000,116.3,58.0,58.3,55.7,200.7,7.3,7,5,1999,2000,2008,2,42.9,2,4,0,Somerst,посёлок,хорошее,есть,обычная
136500,157.4,129.1,28.2,109.7,780.4,18.3,6,5,1925,1950,2008,2,53.5,2,7,1,SWISU,жилая малоэтажная,среднее,есть,обычная
146000,111.5,111.5,0.0,80.3,857.5,21.6,5,8,1965,1998,2006,2,82.1,1,6,0,NAmes,жилая малоэтажная,хорошее,есть,обычная
129000,87.0,87.0,0.0,87.0,545.2,22.6,5,7,1956,2000,2010,1,28.6,1,4,0,NAmes,жилая малоэтажная,среднее,есть,обычная
176432,122.1,122.1,0.0,122.1,865.6,23.8,6,5,2006,2006,2007,2,40.9,2,6,1,CollgCr,жилая малоэтажная,хорошее,есть,обычная
127000,125.9,71.8,54.1,63.5,639.4,18.3,6,7,1914,2006,2007,0,0.0,1,7,0,IDOTRR,жилая многоквартирная,хорошее,есть,обычная
170000,101.1,101.1,0.0,99.8,343.4,,8,5,1986,1986,2007,2,42.8,1,5,0,StoneBr,жилая малоэтажная,хорошее,есть,обычная
128000,123.0,70.3,52.7,62.4,557.4,15.2,4,6,1936,1950,2009,1,22.3,1,6,0,BrkSide,жилая многоквартирная,среднее,есть,обычная
157000,148.7,148.7,0.0,118.1,1103.7,25.0,7,5,1978,1978,2009,2,44.4,2,7,1,NWAmes,жилая малоэтажная,среднее,есть,нетипичная
60000,40.7,40.7,0.0,26.9,780.4,18.3,2,5,1920,1950,2009,1,22.9,1,3,0,SWISU,жилая малоэтажная,ниже среднего,нет,обычная
119500,88.3,88.3,0.0,88.3,906.5,18.6,5,5,1971,1971,2007,1,26.0,1,5,0,NAmes,жилая малоэтажная,среднее,есть,обычная
135000,105.4,105.4,0.0,93.8,650.3,21.3,5,7,1960,2002,2007,1,23.6,1,6,0,NAmes,жилая малоэтажная,среднее,есть,между родственниками
159500,110.9,110.9,0.0,60.9,827.8,24.1,6,6,1959,1959,2006,2,50.1,1,6,1,NAmes,жилая малоэтажная,среднее,есть,обычная
106000,121.0,58.5,62.4,58.5,187.3,7.3,5,5,1970,1970,2007,2,40.9,2,6,0,BrDale,жилая многоквартирная,среднее,есть,обычная
325000,243.6,139.4,104.2,135.9,1138.6,29.9,8,5,1994,1995,2010,2,66.1,2,9,2,NoRidge,жилая малоэтажная,хорошее,есть,обычная
179900,134.0,134.0,0.0,84.5,962.2,34.7,7,5,1990,1991,2007,2,66.8,2,6,1,SawyerW,жилая малоэтажная,хорошее,есть,обычная
274725,187.8,82.4,105.4,80.6,2160.6,51.2,7,5,2006,2006,2006,2,39.2,2,9,1,Gilbert,жилая малоэтажная,хорошее,есть,дом ещё строился
181000,157.0,88.1,68.9,85.8,749.1,,6,5,2000,2000,2007,2,43.0,2,7,1,Gilbert,жилая малоэтажная,среднее,есть,нетипичная
280000,170.6,170.6,0.0,170.6,1055.6,32.6,8,5,2004,2005,2009,3,80.1,2,7,1,NridgHt,жилая малоэтажная,хорошее,есть,обычная
188000,154.0,71.8,82.2,71.8,743.2,,6,5,1995,1996,2008,2,40.0,2,8,1,Gilbert,жилая малоэтажная,среднее,есть,обычная
205000,182.5,102.0,80.5,74.6,973.6,24.4,7,6,1976,1976,2008,2,44.9,2,8,1,NWAmes,жилая малоэтажная,среднее,есть,обычная
129900,75.8,75.8,0.0,75.8,659.6,22.3,5,7,1957,1957,2006,1,28.6,1,5,0,NAmes,жилая малоэтажная,среднее,есть,обычная
134500,93.6,93.6,0.0,93.6,829.0,20.1,5,7,1953,2006,2007,1,22.3,1,6,0,NAmes,жилая малоэтажная,хорошее,есть,обычная
117000,77.4,77.4,0.0,77.4,501.7,27.4,5,7,1954,2000,2006,1,30.3,1,4,0,OldTown,жилая малоэтажная,хорошее,есть,обычная
318000,161.1,161.1,0.0,161.1,1122.7,28.3,8,5,2007,2007,2007,3,86.2,2,7,1,NridgHt,жилая малоэтажная,отличное,есть,дом ещё строился
184100,131.8,72.4,59.5,37.9,720.0,,8,5,2002,2002,2009,2,49.0,2,7,1,Gilbert,жилая малоэтажная,хорошее,есть,обычная
130000,83.1,83.1,0.0,83.1,907.1,17.4,5,7,1967,2003,2008,2,41.8,1,5,0,Sawyer,жилая малоэтажная,хорошее,есть,обычная
140000,148.7,94.9,53.9,49.5,1284.4,25.9,5,6,1958,1987,2008,1,27.9,1,6,0,Sawyer,жилая малоэтажная,среднее,есть,обычная
133700,96.6,96.6,0.0,96.6,702.3,21.3,5,5,1959,1959,2006,1,26.6,1,6,0,NAmes,жилая малоэтажная,среднее,есть,обычная
118400,94.0,94.0,0.0,94.0,767.7,18.0,6,5,1920,1950,2007,1,28.6,1,6,1,IDOTRR,жилая многоквартирная,среднее,есть,обычная
212900,144.2,144.2,0.0,144.2,936.8,25.6,7,5,2005,2006,2006,3,72.7,2,7,0,CollgCr,жилая малоэтажная,хорошее,есть,дом ещё строился
112000,89.2,89.2,0.0,62.4,829.3,,4,3,1956,1956,2009,1,26.8,1,5,0,Edwards,жилая малоэтажная,среднее,есть,нетипичная
118000,64.8,64.8,0.0,64.8,873.8,15.2,5,9,1947,2008,2009,0,0.0,1,4,0,Edwards,жилая малоэтажная,среднее,есть,обычная
163900,137.7,75.4,62.2,35.7,847.7,,7,5,1992,1992,2007,2,36.4,2,7,1,Gilbert,жилая малоэтажная,хорошее,есть,обычная
115000,93.4,93.4,0.0,93.4,969.4,18.3,4,5,1955,1955,2009,2,62.4,1,5,1,NAmes,жилая малоэтажная,ниже среднего,есть,обычная
174000,144.5,144.5,0.0,127.6,342.3,16.2,7,5,2007,2007,2009,3,61.3,2,7,1,Blmngtn,жилая малоэтажная,хорошее,есть,обычная
259000,142.1,142.1,0.0,142.1,1353.8,55.5,7,5,2004,2004,2007,3,58.5,2,7,1,Gilbert,жилая малоэтажная,хорошее,есть,между родственниками
215000,182.0,78.7,103.3,78.7,1095.9,18.0,7,5,2004,2005,2007,2,40.3,2,8,1,Gilbert,жилая малоэтажная,хорошее,есть,обычная
140000,87.0,87.0,0.0,87.0,668.9,18.3,5,5,1980,1980,2007,2,62.4,1,4,0,OldTown,жилая многоквартирная,среднее,есть,обычная
135000,184.0,123.4,60.7,104.2,725.0,19.8,4,3,1928,1950,2009,2,53.5,2,7,2,SWISU,жилая малоэтажная,хорошее,есть,обычная
93500,90.5,90.5,0.0,90.5,995.2,19.2,5,5,1991,1992,2007,0,0.0,1,5,0,Mitchel,жилая малоэтажная,среднее,есть,нетипичная
117500,205.3,109.4,95.9,93.6,919.7,27.4,6,4,1880,1950,2007,1,19.0,2,8,0,OldTown,жилая многоквартирная,ниже среднего,есть,обычная
239500,187.7,106.1,81.6,104.8,913.1,24.4,8,5,1995,1995,2009,2,43.3,2,8,1,SawyerW,жилая малоэтажная,хорошее,есть,обычная
169000,148.6,85.1,63.5,85.1,815.0,17.4,6,5,1997,1997,2007,2,42.7,2,7,1,Gilbert,жилая малоэтажная,среднее,есть,обычная
102000,91.6,91.6,0.0,89.2,574.1,18.3,6,5,1926,1950,2007,1,16.7,1,5,1,BrkSide,жилая многоквартирная,среднее,нет,обычная
119000,116.3,95.9,20.4,95.9,891.9,24.4,6,5,1950,1950,2008,1,26.8,1,6,0,NAmes,жилая малоэтажная,среднее,есть,нетипичная
94000,94.8,72.5,22.3,72.5,589.2,16.5,5,8,1875,1996,2010,0,0.0,1,6,0,Sawyer,жилая малоэтажная,среднее,нет,обычная
196000,145.6,145.6,0.0,145.6,912.2,,6,5,1977,1977,2009,2,66.3,2,5,2,Mitchel,жилая малоэтажная,хорошее,есть,обычная
144000,108.4,108.4,0.0,85.0,811.1,29.9,5,5,1920,1950,2007,2,46.0,1,6,1,BrkSide,жилая малоэтажная,среднее,есть,обычная
139000,88.4,88.4,0.0,88.4,682.8,18.3,5,7,1951,1951,2008,2,78.0,1,4,0,NAmes,жилая малоэтажная,среднее,есть,нетипичная
197500,173.5,101.1,72.5,72.5,957.3,,5,7,1976,1976,2009,2,45.0,2,9,1,NWAmes,жилая малоэтажная,хорошее,есть,обычная
424870,262.7,136.2,126.5,136.2,925.8,23.5,8,5,2006,2007,2007,3,97.7,3,11,1,CollgCr,жилая малоэтажная,хорошее,есть,дом ещё строился
80000,93.5,93.5,0.0,93.5,836.1,,5,3,1959,1959,2008,0,0.0,1,5,0,Sawyer,жилая малоэтажная,среднее,есть,обычная
80000,85.8,62.4,23.4,62.4,1131.6,18.3,4,4,1941,1950,2010,1,26.0,1,5,0,Edwards,жилая малоэтажная,ниже среднего,нет,обычная
149000,146.4,96.8,49.6,96.8,579.7,15.8,5,6,1928,1950,2006,1,20.9,1,8,1,BrkSide,жилая многоквартирная,среднее,есть,между родственниками
180000,120.6,120.6,0.0,120.6,1040.5,,6,5,1985,1985,2006,2,37.4,2,5,1,SawyerW,жилая малоэтажная,хорошее,есть,обычная
174500,145.3,79.9,65.4,65.4,1114.8,22.9,7,7,1941,1950,2009,1,21.7,1,7,1,Crawfor,жилая малоэтажная,ниже среднего,есть,обычная
116900,103.2,53.1,50.1,53.1,529.5,,7,7,1926,1950,2008,1,26.8,1,5,1,OldTown,жилая многоквартирная,среднее,есть,обычная
143000,137.7,77.3,60.4,60.4,836.1,15.2,7,9,1920,1988,2009,2,30.1,1,7,0,OldTown,жилая многоквартирная,среднее,есть,обычная
124000,86.6,86.6,0.0,86.6,769.2,17.4,6,5,1950,1950,2007,1,28.4,1,4,1,NAmes,жилая малоэтажная,хорошее,есть,обычная
149900,136.2,136.2,0.0,136.2,1649.5,40.8,5,4,1959,1959,2006,2,49.1,1,6,2,Edwards,жилая малоэтажная,ниже среднего,есть,обычная
230000,168.2,168.2,0.0,99.7,1311.3,27.4,6,7,1956,2004,2006,2,43.7,1,6,1,Crawfor,жилая малоэтажная,отличное,есть,нетипичная
120500,75.8,75.8,0.0,75.8,547.2,,6,8,1930,2007,2008,1,40.1,1,5,0,IDOTRR,жилая многоквартирная,среднее,есть,обычная
201800,169.1,83.8,85.3,80.3,1272.8,,7,6,1965,1988,2008,2,45.7,1,8,2,NAmes,жилая малоэтажная,хорошее,есть,обычная
218000,133.5,133.5,0.0,133.5,1000.4,27.4,5,8,1976,2004,2007,2,49.1,2,6,1,Veenker,жилая малоэтажная,хорошее,есть,обычная
179900,117.5,117.5,0.0,113.2,868.6,25.9,5,8,1965,1999,2008,2,46.6,2,6,1,NAmes,жилая малоэтажная,хорошее,есть,обычная
230000,122.1,122.1,0.0,122.1,464.6,10.4,7,5,2007,2008,2009,2,58.2,2,6,1,NridgHt,жилая малоэтажная,хорошее,есть,обычная
235128,146.8,146.8,0.0,146.8,1108.5,28.0,8,5,2007,2008,2008,3,77.1,2,7,0,Somerst,жилая малоэтажная,хорошее,есть,дом ещё строился
185000,174.3,87.6,86.7,83.7,847.3,23.2,6,6,1974,1974,2008,2,50.2,2,8,1,NWAmes,жилая малоэтажная,хорошее,есть,обычная
146000,135.3,79.4,55.8,79.4,211.8,7.3,6,5,1978,1978,2010,2,40.9,2,7,1,NPkVill,жилая малоэтажная,среднее,есть,обычная
224000,152.4,152.4,0.0,120.4,1372.9,,6,7,1954,2006,2008,2,85.8,1,7,1,Crawfor,жилая малоэтажная,хорошее,есть,обычная
129000,83.1,83.1,0.0,83.1,810.5,33.2,5,5,1968,1968,2007,2,41.8,1,5,1,Sawyer,жилая малоэтажная,среднее,есть,обычная
108959,116.9,116.9,0.0,111.3,1198.4,18.3,4,4,1969,1969,2008,2,37.2,0,6,0,Sawyer,жилая малоэтажная,среднее,есть,раздел имущества
194000,133.0,133.0,0.0,126.3,1501.0,,5,7,1978,1978,2007,2,54.6,1,5,1,Veenker,жилая малоэтажная,хорошее,есть,обычная
233170,139.5,139.5,0.0,139.5,886.4,24.1,7,5,2009,2009,2009,2,59.8,2,7,0,NridgHt,жилая малоэтажная,хорошее,есть,дом ещё строился
245350,157.4,157.4,0.0,157.4,973.2,19.5,8,5,2008,2008,2010,3,72.1,2,7,0,CollgCr,жилая малоэтажная,хорошее,есть,обычная
173000,155.2,89.1,66.1,89.1,1008.2,17.7,6,5,2000,2000,2006,2,43.9,2,7,1,Gilbert,жилая малоэтажная,среднее,есть,обычная
235000,195.8,114.8,81.0,104.7,1275.4,36.6,6,7,1935,1986,2008,2,50.2,2,7,2,Edwards,жилая малоэтажная,хорошее,есть,обычная
625000,337.0,170.1,166.9,179.3,3322.2,36.0,10,5,1995,1996,2006,3,75.0,3,10,1,NoRidge,жилая малоэтажная,хорошее,есть,обычная
171000,103.9,103.9,0.0,101.8,917.9,23.2,6,6,1977,1977,2008,1,33.3,1,6,1,Mitchel,жилая малоэтажная,среднее,есть,обычная
163000,117.2,117.2,0.0,117.2,847.3,23.2,6,6,1958,1958,2008,2,40.2,1,6,1,NAmes,жилая малоэтажная,среднее,есть,обычная
171900,116.1,58.1,58.1,58.1,373.2,10.7,7,5,2006,2007,2008,2,58.1,2,5,0,Somerst,посёлок,хорошее,есть,обычная
200500,286.7,152.0,90.2,148.5,1675.0,42.1,5,6,1946,1994,2007,0,0.0,3,12,1,ClearCr,жилая малоэтажная,отличное,есть,обычная
239000,217.9,108.7,109.2,88.4,1538.5,24.4,6,8,1932,1950,2006,2,33.4,2,9,1,Crawfor,жилая малоэтажная,среднее,есть,обычная
285000,266.8,197.8,69.0,156.4,992.0,25.9,8,5,1992,2000,2007,2,50.3,2,9,1,NoRidge,жилая малоэтажная,хорошее,есть,обычная
119500,85.7,85.7,0.0,81.4,645.8,11.3,5,5,1984,1985,2008,1,24.5,1,5,0,Mitchel,жилая малоэтажная,среднее,есть,обычная
115000,113.7,76.0,37.7,76.0,367.0,,6,8,1926,2004,2009,1,19.5,1,5,0,OldTown,жилая многоквартирная,среднее,есть,обычная
154900,124.8,76.2,48.6,67.9,713.6,16.5,5,6,1921,1950,2009,1,17.3,1,7,1,Crawfor,жилая малоэтажная,среднее,есть,обычная
93000,104.4,104.4,0.0,0.0,774.3,23.5,5,5,1954,1954,2006,0,0.0,1,5,1,Edwards,жилая малоэтажная,среднее,есть,обычная
250000,233.6,120.6,113.0,113.0,1037.7,,7,5,1990,1991,2006,2,64.4,2,8,0,Timber,жилая малоэтажная,среднее,есть,обычная
392500,153.5,153.5,0.0,148.6,519.0,19.5,8,5,2008,2008,2008,2,44.8,2,5,1,Crawfor,жилая многоквартирная,хорошее,есть,дом ещё строился
745000,415.8,224.0,191.8,222.6,1451.4,48.8,10,5,1996,1996,2007,3,75.5,3,10,2,NoRidge,жилая малоэтажная,отличное,есть,нетипичная
120000,105.0,105.0,0.0,104.1,1003.4,18.3,5,6,1920,1950,2006,2,66.9,1,5,1,OldTown,жилая малоэтажная,среднее,есть,обычная
186700,146.0,146.0,0.0,146.0,3264.0,15.2,5,4,1963,1963,2007,3,92.4,1,5,2,Timber,жилая малоэтажная,среднее,есть,обычная
104900,113.4,88.2,25.3,72.8,904.7,18.3,5,7,1924,1950,2006,1,36.4,1,7,0,Edwards,жилая малоэтажная,среднее,есть,обычная
95000,157.8,94.2,63.6,90.9,986.2,32.6,3,5,1900,1970,2009,2,39.0,2,7,0,OldTown,жилая малоэтажная,среднее,есть,нетипичная
262000,150.9,150.9,0.0,150.9,1157.7,27.1,8,5,1994,1995,2006,3,70.3,2,5,1,NoRidge,жилая малоэтажная,хорошее,есть,обычная
195000,154.2,77.2,77.0,77.2,830.1,20.7,7,5,2002,2002,2009,2,45.8,2,7,0,CollgCr,жилая малоэтажная,хорошее,есть,обычная
189000,167.6,95.5,72.1,92.3,696.8,18.3,7,5,1999,1999,2010,2,41.1,2,7,1,Gilbert,жилая малоэтажная,хорошее,есть,обычная
168000,150.7,150.7,0.0,116.0,3015.9,,4,4,1961,1975,2007,4,126.0,1,7,1,Mitchel,жилая малоэтажная,среднее,есть,обычная
174000,133.9,71.0,62.9,72.1,245.7,7.3,8,5,1999,2000,2007,2,45.7,2,5,0,Somerst,посёлок,хорошее,есть,обычная
125000,136.8,78.2,58.5,65.2,891.9,18.3,5,8,1925,1994,2007,1,23.2,1,6,0,OldTown,жилая многоквартирная,хорошее,есть,обычная
165000,113.7,113.7,0.0,113.7,418.1,,6,5,1999,1999,2009,2,37.3,2,5,0,Mitchel,жилая многоквартирная,среднее,есть,обычная
158000,125.6,61.6,64.0,61.6,869.9,24.4,6,7,1969,1969,2010,1,27.8,1,7,0,Sawyer,жилая малоэтажная,среднее,есть,обычная
176000,135.3,67.6,67.6,67.6,745.9,15.5,6,5,2005,2005,2008,2,37.2,2,8,0,Gilbert,жилая малоэтажная,хорошее,есть,обычная
219210,173.1,81.7,91.4,81.7,1305.7,17.7,7,5,2006,2006,2006,3,61.3,2,9,1,Gilbert,жилая малоэтажная,хорошее,есть,дом ещё строился
144000,157.0,75.7,81.3,75.7,822.2,19.8,7,6,1916,1950,2006,1,20.9,1,7,1,OldTown,жилая многоквартирная,среднее,есть,обычная
178000,112.6,112.6,0.0,112.6,845.4,21.3,7,5,2001,2001,2009,2,53.2,2,6,0,CollgCr,жилая малоэтажная,хорошее,есть,обычная
148000,128.4,128.4,0.0,97.6,1043.8,22.9,4,5,1963,1979,2006,2,42.6,1,6,1,Sawyer,жилая малоэтажная,среднее,есть,обычная
116050,80.3,80.3,0.0,80.3,868.9,21.6,4,5,1970,1970,2006,1,26.0,1,5,0,NAmes,жилая малоэтажная,среднее,есть,нетипичная
197900,165.3,80.5,84.8,80.5,966.2,24.4,7,5,1998,1998,2009,2,50.7,2,6,0,CollgCr,жилая малоэтажная,хорошее,есть,обычная
117000,125.2,82.1,43.1,82.1,557.4,15.2,5,8,1925,1997,2009,1,20.1,1,5,1,BrkSide,жилая многоквартирная,среднее,есть,обычная
213000,151.4,151.4,0.0,151.4,905.8,22.9,7,5,2000,2001,2009,2,41.9,2,6,1,CollgCr,жилая малоэтажная,хорошее,есть,обычная
153500,99.8,99.8,0.0,98.1,942.0,23.8,5,6,1975,1975,2006,2,46.0,1,6,0,NWAmes,жилая малоэтажная,среднее,есть,обычная
271900,204.0,204.0,0.0,200.5,1364.2,27.4,7,7,1990,1991,2009,3,65.1,2,7,1,SawyerW,жилая малоэтажная,хорошее,есть,обычная
107000,98.1,98.1,0.0,98.1,826.8,,4,4,1966,1966,2006,1,35.7,1,5,0,SawyerW,жилая плотная,среднее,есть,обычная
200000,157.9,157.9,0.0,156.3,848.7,21.3,6,5,2003,2003,2006,2,50.5,2,7,0,CollgCr,жилая малоэтажная,хорошее,есть,обычная
140000,119.2,119.2,0.0,86.5,721.2,21.3,5,7,1962,1980,2008,2,47.0,1,6,0,NAmes,жилая малоэтажная,среднее,есть,обычная
290000,154.2,154.2,0.0,154.2,945.9,25.9,8,5,2006,2006,2006,2,46.5,2,8,1,Somerst,жилая малоэтажная,хорошее,есть,дом ещё строился
189000,171.4,98.0,73.4,98.0,1042.2,21.3,6,5,1992,1992,2010,2,42.9,2,8,1,SawyerW,жилая малоэтажная,хорошее,есть,обычная
164000,162.8,100.3,62.4,51.9,1127.3,46.3,8,7,1988,2005,2010,2,45.7,2,8,0,Gilbert,жилая малоэтажная,среднее,есть,обычная
113000,62.4,62.4,0.0,62.4,867.7,15.2,4,6,1941,1950,2009,1,21.7,1,4,0,Edwards,жилая малоэтажная,среднее,есть,обычная
145000,89.2,89.2,0.0,60.2,951.9,,4,9,1965,2001,2006,1,33.8,0,3,0,Sawyer,жилая малоэтажная,среднее,есть,обычная
134500,92.8,92.8,0.0,85.9,948.1,21.0,5,5,1962,1962,2006,1,27.9,1,6,0,NAmes,жилая малоэтажная,среднее,есть,обычная
125000,83.1,83.1,0.0,83.1,659.1,30.2,5,5,1966,1966,2007,1,35.7,1,5,0,Sawyer,жилая малоэтажная,среднее,есть,обычная
112000,176.7,122.4,54.3,0.0,829.6,20.7,6,5,1978,1978,2010,2,50.1,2,8,0,Sawyer,жилая многоквартирная,среднее,есть,обычная
229456,122.1,122.1,0.0,120.8,802.7,21.9,8,5,2009,2009,2009,2,51.3,2,6,0,Somerst,посёлок,хорошее,есть,дом ещё строился
80500,84.7,62.4,22.3,0.0,579.7,15.8,4,5,1947,1950,2006,0,0.0,1,3,0,BrkSide,жилая многоквартирная,среднее,нет,обычная
91500,113.2,62.4,50.7,62.4,156.1,6.4,6,5,1971,1971,2006,0,0.0,1,7,0,BrDale,жилая многоквартирная,среднее,есть,нетипичная
115000,84.7,84.7,0.0,84.7,724.6,20.1,5,5,1964,1964,2006,1,26.8,1,5,0,NAmes,жилая малоэтажная,среднее,есть,нетипичная
134000,112.5,112.5,0.0,88.4,766.5,16.8,5,5,1968,1968,2008,1,29.9,1,5,1,Sawyer,жилая малоэтажная,среднее,есть,обычная
143000,171.5,108.5,63.0,96.6,975.1,23.8,6,6,1949,1950,2007,1,29.3,2,7,1,NAmes,жилая малоэтажная,среднее,есть,обычная
137900,198.4,198.4,0.0,198.4,992.2,27.1,5,3,1951,1951,2006,2,49.1,2,7,0,NAmes,жилая малоэтажная,среднее,нет,обычная
184000,138.4,73.2,65.2,73.2,1429.2,18.3,7,5,2004,2005,2008,2,36.0,2,8,1,Gilbert,жилая малоэтажная,хорошее,есть,обычная
145000,105.7,105.7,0.0,54.6,973.8,19.8,6,8,1958,1958,2007,1,24.5,1,6,0,NAmes,жилая малоэтажная,среднее,есть,обычная
214000,179.6,83.1,96.5,83.1,1356.2,26.2,6,5,2007,2007,2008,3,62.1,2,9,1,Somerst,жилая малоэтажная,хорошее,есть,обычная
147000,84.7,84.7,0.0,84.7,824.2,21.9,5,8,1965,2008,2008,2,53.5,1,5,0,NAmes,жилая малоэтажная,хорошее,есть,обычная
367294,158.1,158.1,0.0,158.1,814.7,19.8,9,5,2008,2008,2008,3,97.7,1,7,1,NridgHt,жилая малоэтажная,отличное,есть,дом ещё строился
127000,140.0,140.0,0.0,99.9,734.9,21.3,5,5,1960,1960,2008,1,37.5,2,7,0,NAmes,жилая малоэтажная,среднее,есть,обычная
190000,243.4,126.4,117.0,126.4,1754.9,,5,5,1977,1977,2007,2,55.7,2,12,1,Sawyer,жилая малоэтажная,среднее,есть,обычная
132500,110.6,110.6,0.0,102.8,718.0,21.3,5,6,1962,1962,2006,2,50.2,1,6,0,NAmes,жилая малоэтажная,среднее,есть,обычная
101800,113.7,113.7,0.0,0.0,914.4,21.3,4,5,1962,1962,2007,2,42.9,2,6,0,NAmes,жилая малоэтажная,среднее,есть,обычная
142000,110.4,110.4,0.0,110.4,1129.7,,5,5,1959,1959,2010,2,49.3,1,6,0,NAmes,жилая малоэтажная,среднее,есть,нетипичная
130000,182.5,95.1,87.3,87.3,792.0,16.8,5,6,1911,1950,2008,0,0.0,1,7,0,SWISU,жилая плотная,среднее,нет,нетипичная
138887,165.7,82.9,82.9,69.4,1220.0,29.3,5,5,1914,1950,2006,1,16.7,1,9,0,Crawfor,жилая малоэтажная,среднее,есть,обычная
175500,151.1,71.0,80.1,71.0,244.1,11.0,7,5,2003,2003,2010,2,44.0,2,6,0,NridgHt,жилая малоэтажная,хорошее,есть,обычная
195000,181.0,78.7,102.3,78.7,1151.3,12.5,7,5,2004,2005,2006,2,40.3,2,8,1,CollgCr,жилая малоэтажная,хорошее,есть,обычная
142500,106.0,106.0,0.0,106.0,1214.4,19.2,6,5,2005,2005,2006,2,45.0,1,6,0,SawyerW,жилая малоэтажная,среднее,есть,нетипичная
265900,137.9,137.9,0.0,137.1,839.6,19.5,8,5,2006,2006,2007,2,43.9,2,6,1,Timber,жилая малоэтажная,отличное,есть,обычная
224900,164.3,82.1,82.1,82.1,757.9,19.8,7,5,2003,2003,2008,2,50.4,2,8,0,CollgCr,жилая малоэтажная,хорошее,есть,обычная
248328,156.9,156.9,0.0,156.9,915.0,25.3,7,6,2007,2007,2007,3,88.6,2,7,0,Somerst,жилая малоэтажная,хорошее,есть,дом ещё строился
170000,109.0,109.0,0.0,97.8,987.1,25.9,7,6,1974,1974,2010,2,49.1,2,6,2,NWAmes,жилая малоэтажная,хорошее,есть,между родственниками
465000,192.9,192.9,0.0,192.9,1290.5,32.6,10,5,2006,2006,2006,3,79.0,2,7,1,NridgHt,жилая малоэтажная,отличное,есть,дом ещё строился
230000,140.9,73.6,67.4,73.6,1062.3,,8,7,1929,1950,2006,2,37.2,1,7,2,Crawfor,жилая малоэтажная,хорошее,есть,обычная
178000,173.5,105.9,67.6,54.3,1123.2,23.8,6,7,1984,2003,2007,2,44.3,3,7,1,NWAmes,жилая малоэтажная,среднее,есть,нетипичная
186500,144.3,70.2,74.0,70.2,754.8,19.8,7,5,2005,2006,2006,2,57.1,2,6,0,Somerst,посёлок,хорошее,есть,дом ещё строился
169900,96.1,96.1,0.0,94.0,1145.3,,6,5,1976,1976,2010,3,82.5,1,6,0,Mitchel,жилая малоэтажная,среднее,есть,обычная
129500,191.2,105.4,85.8,68.3,891.9,18.3,6,5,1917,1950,2008,2,36.8,1,8,1,OldTown,жилая многоквартирная,среднее,нет,обычная
119000,91.8,91.8,0.0,81.4,668.9,18.3,5,7,1950,1950,2007,1,25.6,1,6,0,NAmes,жилая малоэтажная,среднее,есть,обычная
244000,196.0,196.0,0.0,196.0,1036.8,28.3,7,5,1968,1968,2010,2,48.5,2,8,2,NAmes,жилая малоэтажная,отличное,есть,обычная
171750,130.5,130.5,0.0,130.5,291.3,,7,5,2003,2003,2006,2,44.4,2,6,1,NridgHt,жилая малоэтажная,хорошее,есть,обычная
130000,81.2,81.2,0.0,80.3,915.8,18.9,5,6,1968,1968,2009,1,26.8,1,5,0,Mitchel,жилая малоэтажная,среднее,есть,обычная
294000,201.3,140.8,60.5,110.7,1629.7,,7,7,1974,2003,2007,2,48.1,2,9,2,Veenker,жилая малоэтажная,хорошее,есть,обычная
165400,153.8,70.6,83.2,69.3,643.9,18.3,7,5,2003,2004,2008,2,36.9,2,7,1,Edwards,жилая малоэтажная,хорошее,есть,обычная
127500,127.0,89.1,37.9,82.1,579.7,15.8,6,6,1931,1950,2007,1,52.0,1,6,1,BrkSide,жилая многоквартирная,среднее,есть,обычная
301500,184.6,184.6,0.0,184.5,1328.8,27.7,8,5,1994,1994,2008,2,64.2,2,7,1,NoRidge,жилая малоэтажная,хорошее,есть,обычная
99900,80.3,80.3,0.0,80.3,377.2,17.1,5,8,1922,1950,2009,0,0.0,1,4,0,Edwards,жилая малоэтажная,среднее,есть,обычная
190000,108.3,108.3,0.0,79.5,890.7,18.0,7,5,2005,2005,2008,2,37.2,2,5,0,Gilbert,жилая малоэтажная,хорошее,есть,обычная
151000,97.9,97.9,0.0,97.9,905.8,19.8,6,8,1969,1969,2008,2,42.7,1,6,0,NAmes,жилая малоэтажная,среднее,есть,обычная
181000,155.6,82.9,72.7,78.1,2293.0,,6,5,1999,1999,2009,2,46.6,2,7,1,Gilbert,жилая малоэтажная,среднее,есть,обычная
128900,97.5,97.5,0.0,97.5,891.9,24.4,5,6,1956,1956,2009,1,31.4,1,5,0,NAmes,жилая малоэтажная,среднее,есть,обычная
161500,166.1,102.6,63.5,102.6,1045.2,,4,5,1957,1989,2009,1,28.2,1,8,2,ClearCr,жилая малоэтажная,среднее,есть,обычная
180500,169.5,98.5,71.0,71.0,1255.6,18.3,6,6,1919,1950,2007,2,48.3,1,8,1,BrkSide,жилая малоэтажная,среднее,есть,обычная
181000,124.2,124.2,0.0,130.5,377.2,10.4,6,5,1998,1999,2008,2,47.5,2,5,0,NAmes,жилая плотная,хорошее,есть,нетипичная
183900,134.9,66.2,68.7,64.2,347.0,10.7,7,5,1999,1999,2006,2,47.0,2,6,0,Somerst,посёлок,хорошее,есть,обычная
122000,175.5,89.6,85.9,85.9,940.2,18.3,7,4,1910,1950,2007,1,28.6,1,9,1,OldTown,жилая многоквартирная,среднее,нет,обычная
378500,187.5,187.5,0.0,186.0,1227.6,27.1,9,5,2008,2009,2010,3,69.3,2,10,1,Timber,жилая малоэтажная,отличное,есть,обычная
381000,320.2,182.8,137.4,67.6,1309.9,,8,9,1935,1997,2008,3,94.2,3,11,2,Crawfor,жилая малоэтажная,хорошее,есть,обычная
144000,141.6,81.2,60.4,81.2,1053.9,23.8,5,5,1958,1958,2007,1,29.3,1,7,0,NAmes,жилая малоэтажная,среднее,есть,обычная
260000,141.6,123.7,17.8,123.7,2192.0,,7,6,1979,1979,2010,2,54.4,0,4,1,ClearCr,жилая малоэтажная,хорошее,есть,обычная
185750,138.3,138.3,0.0,138.3,850.6,,6,7,1968,1968,2009,2,42.9,2,7,1,NWAmes,жилая малоэтажная,хорошее,есть,обычная
137000,86.9,86.9,0.0,86.9,1256.6,,5,6,1965,1965,2006,1,26.8,1,5,0,Sawyer,жилая малоэтажная,среднее,есть,обычная
177000,126.1,126.1,0.0,94.7,1069.5,37.8,6,7,1959,2006,2008,1,29.0,1,5,1,Edwards,жилая малоэтажная,отличное,есть,обычная
139000,116.1,61.4,54.7,61.4,498.1,16.2,5,6,1910,2003,2007,2,51.3,2,8,1,Crawfor,жилая малоэтажная,среднее,есть,обычная
137000,178.4,86.2,92.2,86.2,1054.0,29.0,5,5,1948,1950,2007,2,37.2,2,10,0,NAmes,жилая малоэтажная,среднее,есть,обычная
162000,129.6,68.3,61.3,67.2,1201.8,,6,6,1972,1972,2009,2,46.2,1,6,1,NWAmes,жилая малоэтажная,среднее,есть,обычная
197900,160.2,160.2,0.0,156.1,1660.3,,6,5,1967,1976,2009,2,44.6,1,7,1,NWAmes,жилая малоэтажная,среднее,есть,обычная
237000,188.7,104.8,83.9,104.8,880.1,22.9,8,5,2002,2002,2008,2,53.6,2,7,1,CollgCr,жилая малоэтажная,хорошее,есть,обычная
68400,104.8,64.8,39.9,64.8,696.8,18.3,4,4,1920,1950,2010,2,49.1,1,6,0,IDOTRR,коммерческая,среднее,есть,нетипичная
227000,146.1,146.1,0.0,146.1,911.2,20.4,7,5,2002,2002,2009,2,50.5,2,6,0,CollgCr,жилая малоэтажная,хорошее,есть,обычная
180000,124.4,124.4,0.0,121.6,747.8,15.2,7,5,1990,1990,2006,2,45.0,2,6,1,Timber,жилая малоэтажная,среднее,есть,обычная
150500,96.6,96.6,0.0,96.6,817.5,18.6,5,7,1977,2008,2009,2,45.0,2,5,0,CollgCr,жилая малоэтажная,хорошее,есть,обычная
139000,169.5,84.7,84.7,84.7,873.3,28.7,6,5,1971,1971,2010,0,0.0,2,8,0,Mitchel,жилая малоэтажная,среднее,есть,обычная
169000,227.3,157.8,69.5,74.7,895.4,15.2,6,7,1919,1990,2010,1,31.2,2,10,1,SWISU,жилая малоэтажная,хорошее,есть,обычная
132500,131.2,76.6,54.5,72.5,557.4,15.2,6,6,1939,1950,2009,1,26.0,1,6,1,BrkSide,жилая многоквартирная,среднее,есть,обычная
143000,123.4,123.4,0.0,123.4,909.5,,6,5,1963,1963,2010,2,49.1,1,6,2,NWAmes,жилая малоэтажная,среднее,есть,обычная
190000,147.0,147.0,0.0,150.9,3391.0,,5,5,1964,1964,2006,2,36.2,2,7,0,ClearCr,жилая малоэтажная,среднее,есть,обычная
278000,154.1,154.1,0.0,139.4,526.2,12.2,8,5,2000,2000,2009,2,46.4,2,5,1,StoneBr,жилая малоэтажная,отличное,есть,обычная
281000,183.0,104.1,79.0,100.8,1028.0,26.2,8,5,2006,2006,2006,3,70.0,2,8,1,NridgHt,жилая малоэтажная,отличное,есть,дом ещё строился
180500,107.0,107.0,0.0,107.0,1311.0,,5,7,1964,1964,2010,2,45.0,1,6,1,NAmes,жилая малоэтажная,среднее,есть,обычная
119500,121.0,58.5,62.4,58.5,156.1,6.4,5,7,1972,1972,2009,1,24.5,2,6,0,BrDale,жилая многоквартирная,среднее,есть,обычная
107500,220.4,128.0,92.3,92.3,613.2,18.3,5,4,1892,1965,2009,1,40.1,2,11,0,OldTown,жилая многоквартирная,среднее,нет,обычная
162900,154.6,77.3,77.3,77.3,942.0,23.8,7,5,1976,1976,2006,2,49.1,2,8,1,NWAmes,жилая малоэтажная,среднее,есть,обычная
115000,80.3,80.3,0.0,80.3,759.2,18.3,5,7,1955,1990,2006,2,53.1,1,5,0,Edwards,жилая малоэтажная,среднее,есть,обычная
138500,97.7,97.7,0.0,97.7,780.4,21.3,5,5,1968,1968,2006,1,26.8,1,5,0,NAmes,жилая малоэтажная,среднее,есть,обычная
155000,104.8,104.8,0.0,104.1,808.3,24.4,5,6,1963,1963,2008,2,48.8,2,6,0,NAmes,жилая малоэтажная,среднее,есть,обычная
140000,99.6,99.6,0.0,50.8,341.4,10.7,6,5,2005,2006,2006,2,48.8,2,5,0,Edwards,жилая многоквартирная,среднее,есть,дом ещё строился
160000,524.2,435.9,88.3,567.6,5935.3,95.4,10,5,2008,2008,2008,2,131.7,2,12,3,Edwards,жилая малоэтажная,отличное,есть,дом ещё строился
154000,115.8,115.8,0.0,115.8,696.8,22.9,5,7,1959,1994,2010,1,28.3,1,6,0,NAmes,жилая малоэтажная,хорошее,есть,обычная
225000,184.2,93.4,90.9,90.9,999.8,,7,5,1999,1999,2009,2,45.5,2,9,1,Gilbert,жилая малоэтажная,хорошее,есть,обычная
177500,138.8,70.0,68.8,71.6,696.8,,6,7,1942,1950,2009,1,19.8,1,7,2,Crawfor,жилая малоэтажная,хорошее,есть,обычная
290000,234.7,111.8,122.9,108.2,940.2,28.0,8,5,1994,1994,2006,3,78.4,2,8,1,NoRidge,жилая малоэтажная,хорошее,есть,обычная
232000,150.1,150.1,0.0,150.1,807.1,22.3,7,5,2005,2005,2006,3,77.5,2,7,0,Somerst,жилая малоэтажная,хорошее,есть,обычная
130000,158.7,90.7,68.0,90.7,312.4,9.8,7,5,2004,2004,2006,2,35.3,2,7,0,Edwards,жилая многоквартирная,хорошее,есть,обычная
325000,153.5,153.5,0.0,153.5,1223.8,32.9,9,5,2006,2007,2009,2,78.0,2,6,2,NridgHt,жилая малоэтажная,отличное,есть,обычная
202500,127.1,127.1,0.0,127.1,646.1,14.6,7,5,2005,2006,2006,2,44.0,2,6,1,NridgHt,жилая малоэтажная,хорошее,есть,дом ещё строился
138000,92.0,92.0,0.0,92.0,749.9,18.3,5,5,1994,1995,2009,2,44.6,1,5,0,CollgCr,жилая малоэтажная,среднее,есть,обычная
147000,104.2,104.2,0.0,85.8,1114.8,30.5,5,7,1948,2005,2008,2,49.1,1,6,0,OldTown,жилая многоквартирная,хорошее,есть,обычная
179200,120.2,120.2,0.0,118.7,664.5,,6,5,1991,1991,2008,2,46.1,2,6,0,SawyerW,жилая малоэтажная,хорошее,есть,обычная
335000,176.7,176.7,0.0,176.7,1625.8,30.5,7,8,1959,2002,2010,2,52.7,2,7,2,Crawfor,жилая малоэтажная,отличное,есть,обычная
203000,118.4,118.4,0.0,118.4,818.8,20.7,7,5,2005,2007,2007,2,47.2,2,6,0,CollgCr,жилая малоэтажная,хорошее,есть,дом ещё строился
302000,261.1,135.0,126.1,135.0,889.3,,8,5,1990,1990,2007,2,69.7,2,9,1,NoRidge,жилая малоэтажная,хорошее,есть,обычная
333168,241.5,132.1,109.3,129.4,1372.5,32.9,9,5,1999,1999,2010,3,72.4,2,10,1,NoRidge,жилая малоэтажная,хорошее,есть,обычная
119000,88.1,88.1,0.0,88.1,760.9,18.3,4,6,1954,1954,2007,1,26.0,1,5,1,Edwards,жилая малоэтажная,среднее,есть,обычная
206900,196.2,101.5,94.8,88.4,1028.9,25.9,6,5,1969,1969,2008,2,53.5,2,9,2,NAmes,жилая малоэтажная,среднее,есть,обычная
295493,151.4,151.4,0.0,150.7,950.0,18.6,8,5,2008,2008,2009,3,79.9,2,8,1,CollgCr,жилая малоэтажная,отличное,есть,обычная
208900,125.6,125.6,0.0,125.6,393.0,14.3,7,5,2006,2007,2007,2,43.3,2,5,1,Somerst,посёлок,хорошее,есть,дом ещё строился
275000,166.0,166.0,0.0,162.9,1373.2,,8,5,2001,2002,2006,3,69.5,2,7,1,CollgCr,жилая малоэтажная,хорошее,есть,обычная
111000,88.1,88.1,0.0,80.3,949.0,22.9,4,5,1954,1954,2007,1,23.0,1,5,0,Edwards,жилая малоэтажная,среднее,есть,обычная
156500,137.3,137.3,0.0,137.3,780.4,21.3,6,3,1957,1957,2009,2,41.1,1,6,2,NAmes,жилая малоэтажная,среднее,есть,обычная
72500,66.9,66.9,0.0,0.0,615.7,,3,6,1949,1950,2008,1,26.7,1,4,0,BrkSide,жилая малоэтажная,среднее,нет,обычная
190000,178.7,98.6,80.1,69.7,946.3,32.6,7,5,1992,1992,2010,2,52.4,2,8,1,NoRidge,жилая малоэтажная,хорошее,есть,обычная
82500,65.8,65.8,0.0,39.0,495.2,15.2,4,7,1940,1950,2009,0,0.0,1,5,0,BrkSide,жилая малоэтажная,ниже среднего,есть,обычная
147000,166.8,166.8,0.0,166.8,927.7,22.9,8,5,2006,2007,2007,3,83.1,2,7,1,Somerst,жилая малоэтажная,хорошее,есть,дом ещё строился
55000,74.0,74.0,0.0,74.0,337.8,12.2,4,4,1922,1950,2008,0,0.0,1,5,0,IDOTRR,жилая многоквартирная,среднее,нет,обычная
79000,71.9,71.9,0.0,50.5,396.7,21.3,3,6,1931,2006,2007,0,0.0,1,6,0,Edwards,жилая плотная,хорошее,есть,обычная
130500,75.8,75.8,0.0,75.8,613.2,18.3,5,9,1982,2008,2008,1,24.5,1,5,1,Mitchel,жилая малоэтажная,хорошее,есть,обычная
256000,259.4,147.2,112.2,140.3,969.9,18.3,6,7,1920,1950,2008,2,48.3,2,8,2,OldTown,жилая многоквартирная,среднее,есть,обычная
176500,151.6,88.7,62.9,86.9,843.9,19.2,7,5,1998,1998,2006,2,42.9,2,8,1,Gilbert,жилая малоэтажная,среднее,есть,обычная
227000,147.5,147.5,0.0,147.5,929.0,25.9,8,5,2006,2006,2007,3,76.6,2,7,1,Somerst,жилая малоэтажная,хорошее,есть,обычная
132500,88.6,88.6,0.0,84.6,1001.5,16.8,5,5,1976,1976,2006,2,53.5,1,6,0,CollgCr,жилая малоэтажная,среднее,есть,обычная
100000,75.8,75.8,0.0,75.8,824.7,20.4,4,6,1938,1958,2009,1,26.8,1,3,1,Edwards,жилая малоэтажная,среднее,есть,обычная
125500,126.3,74.6,51.7,74.6,668.9,18.3,5,6,1938,1995,2006,1,27.6,1,6,0,IDOTRR,жилая многоквартирная,хорошее,есть,обычная
125000,126.8,71.1,55.7,71.1,220.0,7.3,5,6,1970,1970,2009,2,40.9,1,7,0,BrDale,жилая многоквартирная,среднее,есть,обычная
167900,123.9,123.9,0.0,125.4,896.5,24.4,6,5,1977,1977,2009,2,58.5,2,6,1,NWAmes,жилая малоэтажная,среднее,есть,обычная
135000,153.8,153.8,0.0,153.8,859.0,26.5,5,5,1973,1973,2008,2,47.0,2,8,0,NWAmes,жилая малоэтажная,среднее,есть,обычная
52500,64.4,64.4,0.0,64.4,382.6,46.6,4,4,1941,1950,2006,0,0.0,1,4,0,OldTown,жилая многоквартирная,ниже среднего,нет,обычная
200000,172.9,85.5,87.4,85.1,1249.5,29.0,7,5,2002,2002,2006,2,45.7,2,8,0,CollgCr,жилая малоэтажная,хорошее,есть,обычная
128500,80.3,80.3,0.0,80.3,888.2,36.6,5,7,1972,1972,2006,1,26.8,1,5,0,CollgCr,жилая малоэтажная,среднее,есть,обычная
123000,81.0,81.0,0.0,79.7,770.5,21.3,4,5,1971,1971,2007,4,44.6,1,5,0,NAmes,жилая малоэтажная,среднее,есть,обычная
155000,103.5,103.5,0.0,103.5,1272.3,20.1,6,5,2003,2004,2008,2,53.5,1,6,0,SawyerW,жилая малоэтажная,хорошее,есть,обычная
228500,201.5,119.3,82.2,119.3,871.0,,8,5,2002,2002,2007,2,60.1,2,7,1,CollgCr,жилая малоэтажная,хорошее,есть,обычная
177000,177.7,108.9,68.8,83.2,702.2,17.4,6,6,1928,1950,2009,2,31.8,1,9,1,Crawfor,жилая малоэтажная,среднее,есть,обычная
155835,135.3,67.6,67.6,67.6,1031.5,25.9,7,5,2006,2006,2007,2,40.9,2,8,1,CollgCr,жилая малоэтажная,хорошее,есть,дом ещё строился
108500,89.2,89.2,0.0,89.2,557.4,15.2,4,4,1920,1950,2007,1,28.6,1,5,0,OldTown,жилая многоквартирная,ниже среднего,есть,обычная
262500,200.3,200.3,0.0,145.7,1930.6,,7,7,1968,2003,2006,2,47.2,2,9,1,NWAmes,жилая малоэтажная,среднее,есть,обычная
283463,165.0,165.0,0.0,160.9,1422.0,28.3,8,5,2006,2007,2007,3,66.1,2,7,1,Timber,жилая малоэтажная,хорошее,есть,дом ещё строился
215000,138.8,138.8,0.0,137.7,1504.7,,7,5,1998,1998,2007,2,47.8,2,5,1,SawyerW,жилая малоэтажная,хорошее,есть,обычная
122000,219.1,87.1,112.9,63.5,487.7,15.2,8,5,1872,1987,2008,0,0.0,2,8,0,OldTown,жилая многоквартирная,среднее,нет,обычная
200000,244.7,124.3,120.4,115.9,1081.7,27.7,5,5,1969,1969,2009,4,89.9,2,12,0,NAmes,жилая малоэтажная,среднее,есть,обычная
171000,159.4,79.7,79.7,79.7,859.1,21.3,6,6,1962,1962,2008,2,45.5,1,8,1,NAmes,жилая малоэтажная,среднее,есть,обычная
134900,109.3,73.0,36.2,64.8,557.4,15.2,6,9,1937,2000,2009,2,58.0,1,4,0,BrkSide,жилая многоквартирная,среднее,есть,обычная
410000,300.8,190.7,110.1,188.9,1367.5,17.1,8,5,1995,1996,2010,3,61.9,2,9,1,NoRidge,жилая малоэтажная,хорошее,есть,обычная
235000,173.3,92.2,81.1,92.2,958.4,,7,5,2000,2000,2008,3,77.9,2,7,1,CollgCr,жилая малоэтажная,хорошее,есть,обычная
170000,178.4,113.5,64.8,53.0,946.9,31.1,7,6,1968,1992,2006,2,45.2,3,8,1,NWAmes,жилая малоэтажная,хорошее,есть,обычная
110000,82.9,82.9,0.0,80.3,880.4,,5,5,1966,1966,2008,1,24.5,1,5,0,NAmes,жилая малоэтажная,среднее,есть,обычная
149900,100.1,100.1,0.0,100.1,1164.7,,5,6,1971,2008,2010,2,46.5,1,6,1,NAmes,жилая малоэтажная,среднее,есть,обычная
177500,146.1,71.4,74.7,70.2,196.7,,6,5,2000,2000,2010,2,40.9,2,5,0,Somerst,посёлок,хорошее,есть,обычная
315000,183.9,183.9,0.0,183.9,1554.9,39.3,9,5,2004,2005,2006,3,71.5,2,8,1,NridgHt,жилая малоэтажная,отличное,есть,обычная
189000,241.6,92.0,149.7,56.9,914.4,15.5,5,6,1921,1998,2008,2,57.7,3,8,0,SWISU,жилая малоэтажная,среднее,есть,обычная
260000,142.1,142.1,0.0,142.1,1501.1,37.8,7,5,2005,2005,2009,2,39.9,2,7,1,StoneBr,жилая малоэтажная,хорошее,есть,обычная
104900,161.5,119.0,42.5,66.4,1162.5,,4,4,1920,2007,2009,1,34.2,2,7,1,NAmes,жилая малоэтажная,среднее,есть,обычная
156932,131.2,57.2,74.0,57.2,789.6,22.3,6,5,2006,2007,2007,2,40.1,2,6,1,Gilbert,жилая малоэтажная,хорошее,есть,дом ещё строился
144152,111.5,48.3,55.7,55.7,295.4,9.1,7,5,2005,2005,2006,2,44.6,2,4,0,Somerst,посёлок,хорошее,есть,нетипичная
216000,155.5,75.6,79.9,75.6,696.8,,7,5,2000,2000,2010,2,61.6,2,7,0,Somerst,посёлок,хорошее,есть,обычная
193000,166.3,81.9,84.4,81.1,852.8,20.7,7,5,1999,1999,2008,2,54.6,2,7,0,CollgCr,жилая малоэтажная,хорошее,есть,нетипичная
127000,137.0,85.9,51.1,70.3,247.6,12.5,5,6,1977,1977,2006,1,31.2,2,6,1,MeadowV,жилая многоквартирная,среднее,есть,обычная
144000,78.8,78.8,0.0,78.8,412.0,,6,5,2003,2004,2009,2,39.0,1,4,0,CollgCr,жилая многоквартирная,хорошее,есть,обычная
232000,155.0,155.0,0.0,153.9,988.0,14.6,8,5,2003,2003,2010,2,46.6,2,8,1,CollgCr,жилая малоэтажная,хорошее,есть,обычная
105000,127.6,78.0,49.6,78.0,501.7,27.4,4,6,1920,1950,2009,1,31.4,1,6,0,OldTown,жилая малоэтажная,среднее,есть,обычная
165500,154.3,154.3,0.0,92.2,891.9,24.4,6,6,1955,1996,2008,1,35.0,1,8,1,NAmes,жилая малоэтажная,хорошее,есть,обычная
274300,194.8,102.9,91.9,102.9,905.8,22.9,7,6,1998,1998,2006,2,54.2,2,8,1,CollgCr,жилая малоэтажная,хорошее,есть,обычная
466500,244.6,244.6,0.0,244.6,1059.1,,10,5,2001,2002,2007,3,74.7,2,8,2,NoRidge,жилая малоэтажная,отличное,есть,обычная
250000,181.9,95.3,86.6,95.3,987.1,25.9,7,5,2005,2005,2008,3,87.0,2,9,1,Somerst,посёлок,хорошее,есть,обычная
239000,146.0,146.0,0.0,146.0,1021.1,27.1,8,5,2007,2007,2007,3,67.1,2,7,1,Timber,жилая малоэтажная,хорошее,есть,дом ещё строился
91000,73.4,73.4,0.0,71.3,584.5,15.8,6,5,1930,1950,2008,1,14.9,1,4,0,SWISU,жилая малоэтажная,среднее,нет,обычная
117000,149.0,91.4,57.6,91.4,1021.7,18.3,5,5,1941,1960,2009,2,61.3,2,6,0,Edwards,жилая малоэтажная,среднее,есть,обычная
83000,91.7,44.9,46.8,44.9,181.4,6.4,6,5,1973,1973,2006,1,24.5,1,5,0,BrDale,жилая многоквартирная,среднее,есть,обычная
167500,129.5,70.0,59.5,35.7,904.4,22.3,5,5,2006,2007,2008,2,37.2,2,7,0,Timber,жилая малоэтажная,хорошее,есть,обычная
58500,80.3,80.3,0.0,80.3,762.9,13.7,3,3,1914,1950,2010,1,18.6,1,5,0,Edwards,жилая малоэтажная,среднее,нет,обычная
237500,196.7,196.7,0.0,111.9,1200.8,,6,7,1970,1970,2008,2,51.1,2,7,2,NAmes,жилая малоэтажная,среднее,есть,обычная
157000,163.7,92.7,71.0,55.4,668.9,18.3,7,7,1920,1950,2006,2,53.5,1,8,0,OldTown,жилая многоквартирная,хорошее,есть,обычная
112000,131.6,131.6,0.0,75.8,2354.1,,5,7,1918,2007,2007,2,53.5,2,7,0,Sawyer,жилая малоэтажная,хорошее,есть,обычная
105000,116.9,64.8,52.0,52.0,841.7,18.3,6,5,1939,1950,2009,1,26.0,1,6,0,Edwards,жилая малоэтажная,среднее,есть,обычная
125500,107.2,74.0,33.3,74.0,505.0,12.2,4,8,1922,2007,2010,1,22.3,1,7,0,IDOTRR,жилая многоквартирная,хорошее,есть,обычная
250000,258.6,129.3,129.3,129.3,1550.7,24.4,7,5,1978,1978,2006,2,52.4,3,12,2,NWAmes,жилая малоэтажная,хорошее,есть,обычная
136000,234.7,154.6,80.1,66.3,791.5,18.3,6,7,1916,1950,2007,1,20.1,2,10,1,OldTown,жилая многоквартирная,хорошее,нет,между родственниками
377500,162.2,162.2,0.0,162.2,1383.5,12.8,9,5,2006,2007,2009,3,70.4,2,7,2,Gilbert,жилая малоэтажная,отличное,есть,обычная
131000,113.2,80.7,32.4,68.3,557.4,18.3,6,6,1941,1950,2007,2,40.9,1,6,1,BrkSide,жилая многоквартирная,среднее,есть,обычная
235000,141.7,141.7,0.0,141.7,845.4,21.3,7,5,2000,2000,2006,2,50.3,2,6,0,CollgCr,жилая малоэтажная,хорошее,есть,обычная
124000,147.2,147.2,0.0,147.2,830.9,19.8,5,5,1967,1967,2009,3,73.6,2,8,0,NAmes,жилая малоэтажная,среднее,есть,обычная
123000,83.6,83.6,0.0,80.3,728.2,20.7,5,5,1967,1967,2006,1,26.8,1,6,1,NAmes,жилая малоэтажная,среднее,есть,обычная
163000,177.6,113.4,64.2,44.8,1003.4,18.3,6,7,1905,2000,2008,2,62.4,2,7,1,OldTown,жилая многоквартирная,среднее,нет,обычная
246578,139.4,139.4,0.0,126.0,375.8,16.2,7,5,2006,2006,2006,3,60.2,2,6,1,Blmngtn,жилая малоэтажная,хорошее,есть,дом ещё строился
281213,230.6,105.3,125.3,101.6,1176.6,26.8,8,5,2005,2006,2007,3,59.6,2,9,1,Timber,жилая малоэтажная,хорошее,есть,обычная
160000,156.7,156.7,0.0,69.4,5314.1,,5,5,1948,1950,2010,2,53.1,1,7,2,Timber,жилая малоэтажная,среднее,есть,обычная
137500,140.6,87.2,53.3,87.2,568.6,15.5,5,8,1920,2004,2007,1,16.7,1,8,0,BrkSide,жилая многоквартирная,среднее,есть,обычная
138000,176.9,105.5,71.3,112.2,668.9,18.3,5,4,1950,1982,2009,1,22.3,1,7,0,NAmes,жилая малоэтажная,среднее,есть,обычная
137450,149.4,107.8,41.6,90.7,573.3,15.5,6,6,1925,1990,2009,1,20.1,2,7,1,SWISU,жилая малоэтажная,хорошее,есть,обычная
120000,107.6,88.3,19.3,80.1,557.4,15.2,6,7,1929,1950,2008,1,19.3,1,5,1,BrkSide,жилая многоквартирная,среднее,есть,обычная
193000,148.0,80.3,67.7,77.9,688.9,18.9,6,5,2004,2004,2008,2,37.0,2,8,1,Gilbert,жилая малоэтажная,среднее,есть,обычная
193879,120.2,120.2,0.0,119.5,628.2,19.5,7,5,2006,2006,2006,2,61.5,2,6,1,CollgCr,жилая малоэтажная,хорошее,есть,дом ещё строился
282922,136.0,136.0,0.0,138.0,1417.3,14.9,8,5,2007,2007,2007,3,70.0,2,6,0,Somerst,жилая малоэтажная,хорошее,есть,обычная
105000,112.8,64.5,48.3,62.4,967.1,18.3,3,4,1915,1950,2006,3,87.0,1,6,0,OldTown,жилая малоэтажная,среднее,есть,между родственниками
275000,152.9,152.9,0.0,148.1,356.9,13.4,8,5,2004,2005,2008,2,44.8,2,5,1,Crawfor,жилая многоквартирная,хорошее,есть,обычная
133000,71.3,71.3,0.0,71.3,784.6,21.3,5,7,1972,2007,2009,2,36.8,1,5,0,CollgCr,жилая малоэтажная,среднее,есть,обычная
112000,77.4,77.4,0.0,77.4,815.7,,5,5,1985,1985,2009,0,0.0,1,5,0,Mitchel,жилая малоэтажная,среднее,есть,обычная
125500,126.6,68.8,57.8,57.8,719.1,18.3,4,7,1910,1950,2010,2,49.1,1,6,0,OldTown,жилая многоквартирная,среднее,есть,обычная
215000,194.4,114.8,79.6,73.5,1908.6,14.0,7,6,1986,1991,2008,2,50.4,2,7,1,NWAmes,жилая малоэтажная,среднее,есть,обычная
230000,170.9,87.7,83.2,87.7,1153.9,24.1,7,5,2001,2001,2009,2,57.8,2,6,0,CollgCr,жилая малоэтажная,хорошее,есть,обычная
140000,155.0,103.3,51.7,79.5,891.9,24.4,6,8,1950,2005,2009,1,25.2,1,6,0,NAmes,жилая малоэтажная,среднее,есть,обычная
90000,96.6,96.6,0.0,0.0,668.9,18.3,4,5,1949,1950,2009,2,39.0,2,6,0,NAmes,жилая малоэтажная,среднее,нет,обычная
257000,171.3,171.3,0.0,171.3,1021.4,26.8,8,5,2005,2006,2009,2,57.6,2,7,1,SawyerW,жилая малоэтажная,хорошее,есть,нетипичная
207000,171.7,97.8,73.9,77.4,1212.7,19.5,6,7,1923,2000,2008,2,34.4,1,8,1,BrkSide,жилая малоэтажная,хорошее,есть,обычная
175900,145.8,145.8,0.0,128.8,337.7,15.5,7,5,2007,2007,2009,3,61.3,2,7,1,Blmngtn,жилая малоэтажная,хорошее,есть,обычная
122500,212.7,115.8,97.0,72.2,1053.5,18.3,4,6,1885,1950,2010,2,52.0,2,11,0,OldTown,жилая многоквартирная,среднее,есть,обычная
340000,227.6,121.7,105.9,119.3,1537.1,,8,5,1998,1998,2009,3,99.3,2,7,1,NoRidge,жилая малоэтажная,хорошее,есть,обычная
124000,106.3,106.3,0.0,106.3,855.1,21.6,5,5,1963,1963,2008,1,31.2,1,6,0,NAmes,жилая малоэтажная,среднее,есть,обычная
223000,171.3,171.3,0.0,171.3,1521.8,,6,5,1969,1969,2006,2,50.2,2,7,1,Crawfor,жилая малоэтажная,хорошее,есть,обычная
179900,131.6,65.8,65.8,65.8,1087.0,27.4,6,6,1968,1968,2006,2,72.1,2,7,1,NWAmes,жилая малоэтажная,среднее,есть,обычная
127500,99.3,99.3,0.0,99.3,375.6,16.2,6,5,1977,1977,2010,2,40.9,2,4,1,NPkVill,жилая малоэтажная,среднее,есть,обычная
136500,78.8,78.8,0.0,78.8,412.0,11.3,6,5,2003,2003,2008,2,39.0,1,3,0,CollgCr,жилая многоквартирная,хорошее,есть,обычная
274970,204.5,146.3,58.2,64.8,1829.3,,6,7,1966,1966,2006,2,40.1,2,8,1,Edwards,жилая малоэтажная,хорошее,есть,раздел имущества
144000,124.9,124.9,0.0,95.1,882.9,,5,5,1958,1983,2007,1,45.0,1,6,1,NAmes,жилая малоэтажная,среднее,есть,обычная
142000,116.3,116.3,0.0,116.3,996.0,24.4,6,6,1959,1959,2008,2,49.1,1,7,0,NAmes,жилая малоэтажная,хорошее,есть,обычная
271000,197.6,113.6,84.0,113.6,1016.7,24.7,7,5,1994,1994,2008,2,48.8,2,5,2,NoRidge,жилая малоэтажная,хорошее,есть,обычная
140000,144.7,97.4,47.4,84.8,1015.4,18.3,5,6,1945,1950,2008,1,26.8,1,6,1,NAmes,жилая малоэтажная,среднее,есть,обычная
119000,74.7,74.7,0.0,73.2,668.9,18.3,5,7,1940,1992,2010,1,22.3,1,4,2,OldTown,жилая многоквартирная,хорошее,есть,нетипичная
182900,133.8,133.8,0.0,133.8,1165.6,,6,7,1981,1981,2007,2,43.4,2,7,1,NWAmes,жилая малоэтажная,хорошее,есть,обычная
192140,170.8,68.2,102.6,68.0,2037.4,18.3,5,5,2005,2005,2006,2,34.6,2,7,1,Gilbert,жилая малоэтажная,среднее,есть,обычная
143750,89.0,89.0,0.0,89.0,457.8,,6,6,1976,1976,2009,2,40.9,2,5,0,NPkVill,жилая малоэтажная,среднее,есть,обычная
64500,89.9,89.9,0.0,60.9,1003.4,18.3,4,6,1927,2007,2007,1,20.1,2,5,0,OldTown,жилая малоэтажная,среднее,есть,обычная
186500,166.5,89.4,77.1,87.0,953.3,28.3,6,5,2000,2000,2008,2,41.9,2,8,1,Gilbert,жилая малоэтажная,среднее,есть,обычная
160000,104.6,104.6,0.0,104.6,1616.5,24.4,5,5,1977,1977,2006,2,45.0,2,5,1,Mitchel,жилая малоэтажная,среднее,есть,обычная
174000,142.8,142.8,0.0,122.5,780.4,24.4,6,9,1962,2005,2008,2,42.9,1,7,1,NAmes,жилая малоэтажная,хорошее,есть,нетипичная
120500,80.3,80.3,0.0,80.3,836.1,18.3,4,6,1971,1971,2007,2,49.1,1,5,0,NAmes,жилая малоэтажная,среднее,есть,обычная
394617,179.5,179.5,0.0,179.5,1156.1,29.3,8,5,2008,2008,2008,3,71.9,2,7,1,NridgHt,жилая малоэтажная,отличное,есть,дом ещё строился
149700,114.8,114.8,0.0,84.7,688.1,27.4,6,7,1957,1996,2010,2,85.7,1,6,0,OldTown,жилая многоквартирная,среднее,есть,обычная
197000,160.3,96.6,63.6,50.1,1076.2,24.4,7,6,1979,1979,2007,2,51.1,2,6,1,NWAmes,жилая малоэтажная,среднее,есть,обычная
191000,237.4,132.2,69.5,54.6,1070.8,24.1,6,7,1922,1994,2008,2,62.4,2,11,1,Crawfor,жилая малоэтажная,среднее,есть,обычная
149300,78.8,78.8,0.0,78.8,411.2,,6,5,2004,2004,2008,2,39.0,1,3,1,CollgCr,жилая многоквартирная,хорошее,есть,обычная
310000,186.5,95.3,91.1,94.5,1022.2,25.9,10,5,2008,2008,2009,3,75.4,2,10,1,Somerst,посёлок,отличное,есть,обычная
121000,88.4,88.4,0.0,88.4,822.6,,6,6,1916,1950,2009,1,17.8,1,4,1,BrkSide,жилая малоэтажная,ниже среднего,нет,обычная
179600,132.1,132.1,0.0,132.1,789.7,19.2,7,5,2004,2004,2007,2,58.2,2,7,0,CollgCr,жилая малоэтажная,хорошее,есть,обычная
129000,84.8,84.8,0.0,75.6,780.4,21.3,6,5,1966,1966,2007,1,22.3,1,6,0,Sawyer,жилая малоэтажная,среднее,есть,обычная
157900,110.4,110.4,0.0,110.4,2428.7,,5,7,1962,1962,2010,1,29.0,1,6,0,Mitchel,жилая малоэтажная,среднее,есть,обычная
240000,194.2,113.3,80.8,113.3,929.0,24.4,8,5,1995,1996,2007,2,51.7,2,8,1,CollgCr,жилая малоэтажная,хорошее,есть,обычная
112000,125.0,74.0,51.1,52.0,1093.2,21.3,4,7,1910,2000,2007,1,35.7,1,6,0,Edwards,жилая малоэтажная,среднее,нет,обычная
92000,58.5,58.5,0.0,58.5,142.4,6.4,5,7,1970,1970,2006,0,0.0,1,3,0,MeadowV,жилая многоквартирная,отличное,есть,нетипичная
136000,166.5,83.2,83.2,83.2,836.1,18.3,5,5,1974,1974,2009,0,0.0,2,8,0,NAmes,жилая малоэтажная,среднее,есть,обычная
287090,146.6,146.6,0.0,146.1,860.5,23.8,8,5,2008,2009,2009,3,78.0,2,7,1,Somerst,жилая малоэтажная,отличное,есть,дом ещё строился
145000,99.6,99.6,0.0,50.8,341.4,10.7,5,5,2005,2005,2006,2,48.8,1,5,0,Edwards,жилая многоквартирная,среднее,есть,обычная
84500,105.9,105.9,0.0,105.9,1599.5,27.4,5,5,2006,2006,2006,0,0.0,1,6,0,Mitchel,жилая малоэтажная,среднее,есть,нетипичная
185000,113.4,113.4,0.0,113.4,696.8,18.9,7,5,2004,2005,2009,2,37.2,2,6,0,Somerst,посёлок,хорошее,есть,обычная
175000,153.0,88.5,64.5,88.5,735.5,18.9,6,5,1999,2000,2007,2,42.7,2,7,1,Gilbert,жилая малоэтажная,среднее,есть,обычная
210000,192.6,192.6,0.0,143.3,1224.0,25.9,6,6,1978,1988,2010,2,46.5,2,7,2,NWAmes,жилая малоэтажная,среднее,есть,обычная
266500,217.4,110.4,107.0,107.0,840.0,20.1,7,9,1941,2006,2010,1,23.4,2,9,2,Crawfor,жилая малоэтажная,хорошее,есть,обычная
142125,100.1,100.1,0.0,100.1,902.7,20.7,5,6,1950,1996,2010,1,22.3,1,5,0,NAmes,жилая малоэтажная,хорошее,есть,обычная
147500,116.7,116.7,0.0,116.7,923.2,22.9,5,6,1965,1965,2008,1,25.6,1,6,0,Edwards,жилая малоэтажная,среднее,есть,обычная
