дата,час,аренды,температура,влажность,ветер,видимость,точка_росы,солнце,дождь,снег,сезон,праздник,прокат_работал
2017-12-01,0,254,-5.2,37,2.2,20000,-17.6,0.0,0.0,0.0,зима,нет,да
2017-12-01,1,204,-5.5,38,0.8,20000,-17.6,0.0,0.0,0.0,зима,нет,да
2017-12-01,2,173,-6.0,39,1.0,20000,-17.7,0.0,0.0,0.0,зима,нет,да
2017-12-01,3,107,-6.2,40,0.9,20000,-17.6,0.0,0.0,0.0,зима,нет,да
2017-12-01,4,78,-6.0,36,2.3,20000,-18.6,0.0,0.0,0.0,зима,нет,да
2017-12-01,5,100,-6.4,37,1.5,20000,-18.7,0.0,0.0,0.0,зима,нет,да
2017-12-01,6,181,-6.6,35,1.3,20000,-19.5,0.0,0.0,0.0,зима,нет,да
2017-12-01,7,460,-7.4,38,0.9,20000,-19.3,0.0,0.0,0.0,зима,нет,да
2017-12-01,8,930,-7.6,37,1.1,20000,-19.8,0.01,0.0,0.0,зима,нет,да
2017-12-01,9,490,-6.5,27,0.5,19280,-22.4,0.23,0.0,0.0,зима,нет,да
2017-12-01,10,339,-3.5,24,1.2,19960,-21.2,0.65,0.0,0.0,зима,нет,да
2017-12-01,11,360,-0.5,21,1.3,19360,-20.2,0.94,0.0,0.0,зима,нет,да
2017-12-01,12,449,1.7,23,1.4,20000,-17.2,1.11,0.0,0.0,зима,нет,да
2017-12-01,13,451,2.4,25,1.6,20000,-15.6,1.16,0.0,0.0,зима,нет,да
2017-12-01,14,447,3.0,26,2.0,20000,-14.6,1.01,0.0,0.0,зима,нет,да
2017-12-01,15,463,2.1,36,3.2,20000,-11.4,0.54,0.0,0.0,зима,нет,да
2017-12-01,16,484,1.2,54,4.2,7930,-7.0,0.24,0.0,0.0,зима,нет,да
2017-12-01,17,555,0.8,58,1.6,20000,-6.5,0.08,0.0,0.0,зима,нет,да
2017-12-01,18,862,0.6,66,1.4,20000,-5.0,0.0,0.0,0.0,зима,нет,да
2017-12-01,19,600,0.0,77,1.7,20000,-3.5,0.0,0.0,0.0,зима,нет,да
2017-12-01,20,426,-0.3,79,1.5,19130,-3.5,0.0,0.0,0.0,зима,нет,да
2017-12-01,21,405,-0.8,81,0.8,16870,-3.6,0.0,0.0,0.0,зима,нет,да
2017-12-01,22,398,-0.9,83,1.5,13800,-3.4,0.0,0.0,0.0,зима,нет,да
2017-12-01,23,323,-1.3,84,1.0,12650,-3.6,0.0,0.0,0.0,зима,нет,да
2017-12-02,0,328,-1.8,87,1.1,9940,-3.6,0.0,0.0,0.0,зима,нет,да
2017-12-02,1,308,-2.2,86,0.6,9900,-4.2,0.0,0.0,0.0,зима,нет,да
2017-12-02,2,262,-2.9,86,1.5,12560,-4.9,0.0,0.0,0.0,зима,нет,да
2017-12-02,3,167,-3.5,81,2.2,12210,-6.2,0.0,0.0,0.0,зима,нет,да
2017-12-02,4,89,-3.8,79,2.0,11670,-6.9,0.0,0.0,0.0,зима,нет,да
2017-12-02,5,79,-4.0,79,1.5,12020,-7.1,0.0,0.0,0.0,зима,нет,да
2017-12-02,6,70,-4.3,82,2.1,11780,-6.9,0.0,0.0,0.0,зима,нет,да
2017-12-02,7,146,-4.4,81,2.5,12760,-7.1,0.0,0.0,0.0,зима,нет,да
2017-12-02,8,219,-4.2,79,2.1,14360,-7.3,0.01,0.0,0.0,зима,нет,да
2017-12-02,9,328,-2.9,68,1.6,14870,-7.9,0.3,0.0,0.0,зима,нет,да
2017-12-02,10,334,-0.4,57,1.6,13090,-7.8,0.8,0.0,0.0,зима,нет,да
2017-12-02,11,388,1.9,49,1.8,14060,-7.7,1.0,0.0,0.0,зима,нет,да
2017-12-02,12,479,4.3,41,1.3,16660,-7.8,1.09,0.0,0.0,зима,нет,да
2017-12-02,13,606,6.0,36,1.8,17800,-7.9,1.12,0.0,0.0,зима,нет,да
2017-12-02,14,611,7.3,35,1.3,19550,-7.1,0.99,0.0,0.0,зима,нет,да
2017-12-02,15,589,7.6,41,2.3,19530,-4.8,0.74,0.0,0.0,зима,нет,да
2017-12-02,16,618,6.4,48,2.6,19450,-3.8,0.22,0.0,0.0,зима,нет,да
2017-12-02,17,572,6.0,51,2.5,18910,-3.3,0.06,0.0,0.0,зима,нет,да
2017-12-02,18,489,5.5,53,1.5,16970,-3.3,0.0,0.0,0.0,зима,нет,да
2017-12-02,19,385,5.0,52,2.3,16660,-4.0,0.0,0.0,0.0,зима,нет,да
2017-12-02,20,359,4.6,51,1.2,15850,-4.6,0.0,0.0,0.0,зима,нет,да
2017-12-02,21,377,4.1,55,1.2,14480,-4.1,0.0,0.0,0.0,зима,нет,да
2017-12-02,22,354,3.5,54,1.5,14460,-4.9,0.0,0.0,0.0,зима,нет,да
2017-12-02,23,366,4.0,56,1.0,13520,-4.0,0.0,0.0,0.0,зима,нет,да
2017-12-03,0,342,4.0,58,1.4,12960,-3.5,0.0,0.0,0.0,зима,нет,да
2017-12-03,1,227,3.9,69,1.7,4850,-1.2,0.0,0.0,0.0,зима,нет,да
2017-12-03,2,228,3.3,79,1.4,8300,0.0,0.0,0.0,0.0,зима,нет,да
2017-12-03,3,117,3.4,71,1.6,10110,-1.3,0.0,0.5,0.0,зима,нет,да
2017-12-03,4,76,3.5,73,1.0,10600,-0.8,0.0,0.0,0.0,зима,нет,да
2017-12-03,5,32,3.9,75,1.9,9140,-0.1,0.0,0.0,0.0,зима,нет,да
2017-12-03,6,13,3.4,86,2.5,2780,1.2,0.0,1.0,0.0,зима,нет,да
2017-12-03,7,22,3.1,91,1.2,1290,1.7,0.0,0.0,0.0,зима,нет,да
2017-12-03,8,85,3.2,92,1.8,2440,2.0,0.0,0.0,0.0,зима,нет,да
2017-12-03,9,152,3.5,91,1.8,2310,2.1,0.02,2.5,0.0,зима,нет,да
2017-12-03,10,200,4.4,89,2.2,2570,2.7,0.24,0.0,0.0,зима,нет,да
2017-12-03,11,273,5.1,87,1.4,3210,3.1,0.25,0.0,0.0,зима,нет,да
2017-12-03,12,333,5.8,85,1.7,3490,3.4,0.43,0.0,0.0,зима,нет,да
2017-12-03,13,495,6.8,81,1.9,3900,3.7,0.6,0.0,0.0,зима,нет,да
2017-12-03,14,563,7.6,76,1.2,4220,3.6,0.69,0.0,0.0,зима,нет,да
2017-12-03,15,621,8.0,73,1.6,4330,3.4,0.53,0.0,0.0,зима,нет,да
2017-12-03,16,598,7.6,77,1.6,3990,3.8,0.2,0.0,0.0,зима,нет,да
2017-12-03,17,545,6.7,82,1.5,3580,3.8,0.05,0.0,0.0,зима,нет,да
2017-12-03,18,443,6.0,84,1.9,3270,3.4,0.0,0.0,0.0,зима,нет,да
2017-12-03,19,422,5.7,85,1.7,3090,3.3,0.0,0.0,0.0,зима,нет,да
2017-12-03,20,397,5.2,87,1.4,2530,3.2,0.0,0.0,0.0,зима,нет,да
2017-12-03,21,385,4.7,87,1.2,2470,2.7,0.0,0.0,0.0,зима,нет,да
2017-12-03,22,350,4.3,89,1.8,2010,2.6,0.0,0.0,0.0,зима,нет,да
2017-12-03,23,303,3.9,90,1.3,1940,2.4,0.0,0.0,0.0,зима,нет,да
2017-12-04,0,285,4.2,88,0.6,2160,2.3,0.0,0.0,0.0,зима,нет,да
2017-12-04,1,186,4.3,87,0.5,2210,2.3,0.0,0.0,0.0,зима,нет,да
2017-12-04,2,112,4.4,87,1.8,2070,2.4,0.0,0.0,0.0,зима,нет,да
2017-12-04,3,65,3.6,85,2.3,2060,1.3,0.0,0.0,0.0,зима,нет,да
2017-12-04,4,41,2.8,89,1.5,1300,1.1,0.0,0.0,0.0,зима,нет,да
2017-12-04,5,82,2.0,83,2.7,2530,-0.5,0.0,0.0,0.0,зима,нет,да
2017-12-04,6,200,1.2,76,3.7,3710,-2.5,0.0,0.1,0.0,зима,нет,да
2017-12-04,7,498,0.2,68,3.4,7020,-5.0,0.0,0.0,0.0,зима,нет,да
2017-12-04,8,937,-0.8,69,3.5,9540,-5.7,0.01,0.0,0.0,зима,нет,да
2017-12-04,9,509,-1.5,47,4.2,18880,-11.3,0.22,0.0,0.0,зима,нет,да
2017-12-04,10,311,-1.1,40,4.5,20000,-13.0,0.64,0.0,0.0,зима,нет,да
2017-12-04,11,379,-0.5,41,4.1,17990,-12.1,0.94,0.0,0.0,зима,нет,да
2017-12-04,12,393,-0.3,38,4.8,18230,-12.9,1.11,0.0,0.0,зима,нет,да
2017-12-04,13,391,0.0,30,5.4,19380,-15.5,1.17,0.0,0.0,зима,нет,да
2017-12-04,14,338,0.1,27,4.5,20000,-16.7,1.09,0.0,0.0,зима,нет,да
2017-12-04,15,341,-0.1,25,5.8,20000,-17.8,0.88,0.0,0.0,зима,нет,да
2017-12-04,16,375,-0.2,23,4.7,20000,-18.8,0.55,0.0,0.0,зима,нет,да
2017-12-04,17,515,-1.3,26,5.3,20000,-18.3,0.18,0.0,0.0,зима,нет,да
2017-12-04,18,807,-2.1,29,3.9,20000,-17.7,0.0,0.0,0.0,зима,нет,да
2017-12-04,19,568,-2.9,32,3.2,20000,-17.3,0.0,0.0,0.0,зима,нет,да
2017-12-04,20,398,-3.6,38,3.0,20000,-15.8,0.0,0.0,0.0,зима,нет,да
2017-12-04,21,397,-4.6,43,4.5,20000,-15.3,0.0,0.0,0.0,зима,нет,да
2017-12-04,22,353,-5.3,45,2.5,20000,-15.3,0.0,0.0,0.0,зима,нет,да
2017-12-04,23,248,-5.8,44,2.4,20000,-16.1,0.0,0.0,0.0,зима,нет,да
2017-12-05,0,216,-6.1,42,2.6,20000,-16.9,0.0,0.0,0.0,зима,нет,да
2017-12-05,1,198,-6.5,41,2.8,20000,-17.6,0.0,0.0,0.0,зима,нет,да
2017-12-05,2,124,-6.8,41,2.5,20000,-17.8,0.0,0.0,0.0,зима,нет,да
2017-12-05,3,62,-6.9,39,2.0,20000,-18.5,0.0,0.0,0.0,зима,нет,да
2017-12-05,4,42,-7.2,34,3.0,20000,-20.4,0.0,0.0,0.0,зима,нет,да
2017-12-05,5,82,-7.4,33,2.6,20000,-20.9,0.0,0.0,0.0,зима,нет,да
2017-12-05,6,172,-7.4,34,3.2,20000,-20.6,0.0,0.0,0.0,зима,нет,да
2017-12-05,7,381,-7.5,33,2.2,20000,-21.0,0.0,0.0,0.0,зима,нет,да
2017-12-05,8,812,-8.1,36,1.6,20000,-20.5,0.01,0.0,0.0,зима,нет,да
2017-12-05,9,462,-7.6,31,1.3,19740,-21.8,0.21,0.0,0.0,зима,нет,да
2017-12-05,10,269,-5.5,26,2.8,19670,-22.0,0.64,0.0,0.0,зима,нет,да
2017-12-05,11,334,-3.9,25,0.0,19590,-21.0,0.0,0.0,0.0,зима,нет,да
2017-12-05,12,321,-2.3,25,0.0,19620,-19.7,0.0,0.0,0.0,зима,нет,да
2017-12-05,13,325,-1.6,27,0.0,19550,-18.2,0.0,0.0,0.0,зима,нет,да
2017-12-05,14,334,-1.1,28,0.0,20000,-17.3,0.0,0.0,0.0,зима,нет,да
2017-12-05,15,353,-0.7,28,0.0,20000,-16.9,0.0,0.0,0.0,зима,нет,да
2017-12-05,16,435,-0.5,30,0.0,20000,-16.0,0.0,0.0,0.0,зима,нет,да
2017-12-05,17,529,-1.6,35,0.0,20000,-15.1,0.0,0.0,0.0,зима,нет,да
2017-12-05,18,789,-2.6,40,0.0,20000,-14.4,0.0,0.0,0.0,зима,нет,да
2017-12-05,19,597,-3.2,45,0.0,20000,-13.5,0.0,0.0,0.0,зима,нет,да
2017-12-05,20,418,-3.5,46,0.0,20000,-13.4,0.0,0.0,0.0,зима,нет,да
2017-12-05,21,415,-3.7,47,0.0,20000,-13.3,0.0,0.0,0.0,зима,нет,да
2017-12-05,22,393,-2.8,49,0.0,20000,-12.0,0.0,0.0,0.0,зима,нет,да
2017-12-05,23,244,-2.5,59,0.0,12100,-9.4,0.0,0.0,0.0,зима,нет,да
2017-12-06,0,145,-2.8,77,0.0,3310,-6.2,0.0,0.1,0.1,зима,нет,да
2017-12-06,1,144,-3.0,79,0.0,2930,-6.1,0.0,0.0,0.3,зима,нет,да
2017-12-06,2,117,-3.0,79,0.0,18620,-6.1,0.0,0.0,0.4,зима,нет,да
2017-12-06,3,78,-3.2,78,0.0,18080,-6.4,0.0,0.2,0.4,зима,нет,да
2017-12-06,4,58,-3.4,75,0.0,19820,-7.2,0.0,0.0,0.4,зима,нет,да
2017-12-06,5,87,-3.6,76,0.0,19340,-7.2,0.0,0.0,0.4,зима,нет,да
2017-12-06,6,142,-3.7,76,0.0,18640,-7.3,0.0,0.0,0.4,зима,нет,да
2017-12-06,7,379,-4.2,77,0.0,17410,-7.6,0.0,0.0,0.3,зима,нет,да
2017-12-06,8,802,-4.2,78,0.0,15180,-7.4,0.01,0.0,0.2,зима,нет,да
2017-12-06,9,440,-3.3,70,0.0,13240,-7.9,0.25,0.0,0.2,зима,нет,да
2017-12-06,10,307,-0.9,64,0.0,12240,-6.8,0.63,0.0,0.2,зима,нет,да
2017-12-06,11,381,1.6,57,1.2,12610,-6.0,0.93,0.0,0.0,зима,нет,да
2017-12-06,12,405,2.4,52,0.9,12240,-6.4,1.08,0.0,0.0,зима,нет,да
2017-12-06,13,442,4.2,47,1.1,14690,-6.1,1.1,0.0,0.0,зима,нет,да
2017-12-06,14,416,5.5,34,1.0,19660,-9.1,0.96,0.0,0.0,зима,нет,да
2017-12-06,15,412,5.5,31,3.1,19680,-10.3,0.72,0.0,0.0,зима,нет,да
2017-12-06,16,496,5.3,37,2.9,20000,-8.2,0.36,0.0,0.0,зима,нет,да
2017-12-06,17,239,4.1,60,2.5,15650,-2.9,0.1,0.0,0.0,зима,нет,да
2017-12-06,18,204,1.7,90,1.0,660,0.2,0.0,0.3,0.3,зима,нет,да
2017-12-06,19,205,1.2,92,0.7,1800,0.0,0.0,0.0,1.0,зима,нет,да
2017-12-06,20,190,1.2,94,0.6,2280,0.3,0.0,0.0,1.0,зима,нет,да
2017-12-06,21,165,1.1,92,0.5,2350,0.0,0.0,0.7,1.0,зима,нет,да
2017-12-06,22,222,1.3,92,0.6,2330,0.1,0.0,0.0,1.0,зима,нет,да
2017-12-06,23,193,1.3,92,0.6,2090,0.1,0.0,0.0,1.0,зима,нет,да
2017-12-07,0,198,1.4,92,0.5,2400,0.2,0.0,0.0,0.9,зима,нет,да
2017-12-07,1,218,1.5,92,0.4,2270,0.3,0.0,0.0,0.9,зима,нет,да
2017-12-07,2,149,1.4,92,0.7,1680,0.2,0.0,0.0,0.9,зима,нет,да
2017-12-07,3,102,1.9,91,1.4,2180,0.5,0.0,0.0,0.9,зима,нет,да
2017-12-07,4,62,1.6,92,0.7,1190,0.4,0.0,0.0,0.9,зима,нет,да
2017-12-07,5,83,1.5,92,1.1,1750,0.3,0.0,0.0,0.9,зима,нет,да
2017-12-07,6,137,1.0,93,0.5,1480,0.0,0.0,0.0,0.9,зима,нет,да
2017-12-07,7,367,0.3,93,0.5,1730,-0.7,0.0,0.0,0.9,зима,нет,да
2017-12-07,8,754,-0.2,96,0.8,1730,-0.7,0.01,0.0,0.8,зима,нет,да
2017-12-07,9,415,0.1,91,0.8,2650,-1.1,0.14,0.0,0.8,зима,нет,да
2017-12-07,10,321,1.1,83,0.7,3110,-1.4,0.41,0.0,0.7,зима,нет,да
2017-12-07,11,333,2.3,69,1.7,6280,-2.8,0.63,0.0,0.6,зима,нет,да
2017-12-07,12,431,3.7,65,2.4,8330,-2.2,0.98,0.0,0.3,зима,нет,да
2017-12-07,13,394,4.1,37,3.1,17670,-9.3,1.14,0.0,0.0,зима,нет,да
2017-12-07,14,390,4.4,36,2.7,19750,-9.4,1.04,0.0,0.0,зима,нет,да
2017-12-07,15,430,4.0,35,3.1,19620,-10.1,0.84,0.0,0.0,зима,нет,да
2017-12-07,16,471,3.2,38,2.9,18170,-9.7,0.51,0.0,0.0,зима,нет,да
2017-12-07,17,552,2.1,50,2.0,14340,-7.2,0.15,0.0,0.0,зима,нет,да
2017-12-07,18,795,0.7,46,2.7,15580,-9.6,0.0,0.0,0.0,зима,нет,да
2017-12-07,19,507,-0.4,47,2.5,12690,-10.3,0.0,0.0,0.0,зима,нет,да
2017-12-07,20,390,-1.4,47,2.5,16200,-11.2,0.0,0.0,0.0,зима,нет,да
2017-12-07,21,402,-2.2,46,2.2,19750,-12.2,0.0,0.0,0.0,зима,нет,да
2017-12-07,22,389,-2.7,48,2.6,18440,-12.2,0.0,0.0,0.0,зима,нет,да
2017-12-07,23,259,-3.2,50,2.1,18870,-12.1,0.0,0.0,0.0,зима,нет,да
2017-12-08,0,233,-3.5,49,2.6,18930,-12.6,0.0,0.0,0.0,зима,нет,да
2017-12-08,1,230,-3.7,50,2.5,19020,-12.6,0.0,0.0,0.0,зима,нет,да
2017-12-08,2,131,-4.3,53,1.0,19180,-12.4,0.0,0.0,0.0,зима,нет,да
2017-12-08,3,99,-4.8,52,1.6,19780,-13.1,0.0,0.0,0.0,зима,нет,да
2017-12-08,4,71,-5.3,53,2.4,19360,-13.4,0.0,0.0,0.0,зима,нет,да
2017-12-08,5,84,-5.8,56,2.0,19410,-13.1,0.0,0.0,0.0,зима,нет,да
2017-12-08,6,158,-6.0,56,3.5,18530,-13.3,0.0,0.0,0.0,зима,нет,да
2017-12-08,7,387,-6.5,57,0.8,17760,-13.6,0.0,0.0,0.0,зима,нет,да
2017-12-08,8,780,-7.0,59,0.8,15590,-13.6,0.01,0.0,0.0,зима,нет,да
2017-12-08,9,395,-6.7,50,0.9,14920,-15.4,0.23,0.0,0.0,зима,нет,да
2017-12-08,10,261,-5.3,44,2.8,15160,-15.6,0.63,0.0,0.0,зима,нет,да
2017-12-08,11,310,-3.7,39,1.4,15950,-15.6,0.93,0.0,0.0,зима,нет,да
2017-12-08,12,355,-2.0,30,1.4,17280,-17.3,1.14,0.0,0.0,зима,нет,да
2017-12-08,13,354,-1.7,28,1.8,19630,-17.8,1.22,0.0,0.0,зима,нет,да
2017-12-08,14,350,-1.3,27,3.1,19060,-17.9,1.12,0.0,0.0,зима,нет,да
2017-12-08,15,362,-0.8,26,3.3,19770,-17.9,0.87,0.0,0.0,зима,нет,да
2017-12-08,16,401,-1.1,24,3.4,20000,-19.1,0.56,0.0,0.0,зима,нет,да
2017-12-08,17,500,-2.4,30,2.7,20000,-17.6,0.18,0.0,0.0,зима,нет,да
2017-12-08,18,752,-3.1,33,1.2,20000,-17.1,0.0,0.0,0.0,зима,нет,да
2017-12-08,19,477,-3.3,35,1.1,20000,-16.6,0.0,0.0,0.0,зима,нет,да
2017-12-08,20,384,-3.3,34,1.5,20000,-16.9,0.0,0.0,0.0,зима,нет,да
2017-12-08,21,336,-3.3,35,0.5,20000,-16.6,0.0,0.0,0.0,зима,нет,да
2017-12-08,22,347,-3.4,39,1.2,20000,-15.4,0.0,0.0,0.0,зима,нет,да
2017-12-08,23,275,-3.5,43,0.9,20000,-14.3,0.0,0.0,0.0,зима,нет,да
2017-12-09,0,267,-3.5,48,0.9,19670,-12.9,0.0,0.0,0.0,зима,нет,да
2017-12-09,1,296,-4.1,49,0.6,20000,-13.2,0.0,0.0,0.0,зима,нет,да
2017-12-09,2,237,-4.7,50,0.7,19830,-13.5,0.0,0.0,0.0,зима,нет,да
2017-12-09,3,169,-4.3,47,0.6,19920,-13.9,0.0,0.0,0.0,зима,нет,да
2017-12-09,4,96,-4.3,49,0.7,20000,-13.4,0.0,0.0,0.0,зима,нет,да
2017-12-09,5,56,-4.7,49,0.8,19990,-13.8,0.0,0.0,0.0,зима,нет,да
2017-12-09,6,76,-5.1,53,0.9,19750,-13.2,0.0,0.0,0.0,зима,нет,да
2017-12-09,7,127,-5.5,56,0.8,19500,-12.9,0.0,0.0,0.0,зима,нет,да
2017-12-09,8,222,-5.4,56,0.7,19400,-12.8,0.01,0.0,0.0,зима,нет,да
2017-12-09,9,291,-4.7,48,1.0,17840,-14.0,0.23,0.0,0.0,зима,нет,да
2017-12-09,10,273,-2.2,42,1.3,16460,-13.4,0.61,0.0,0.0,зима,нет,да
2017-12-09,11,351,0.0,45,1.1,15000,-10.5,0.89,0.0,0.0,зима,нет,да
2017-12-09,12,427,2.4,40,0.8,18090,-9.8,1.05,0.0,0.0,зима,нет,да
2017-12-09,13,431,3.9,36,2.0,17020,-9.8,1.13,0.0,0.0,зима,нет,да
2017-12-09,14,486,4.7,32,2.2,19480,-10.6,1.06,0.0,0.0,зима,нет,да
2017-12-09,15,569,5.2,30,2.0,19630,-11.0,0.84,0.0,0.0,зима,нет,да
2017-12-09,16,546,4.4,33,1.6,19630,-10.5,0.4,0.0,0.0,зима,нет,да
2017-12-09,17,481,3.5,37,1.8,19630,-9.8,0.1,0.0,0.0,зима,нет,да
2017-12-09,18,384,2.5,41,1.0,19740,-9.4,0.0,0.0,0.0,зима,нет,да
2017-12-09,19,275,1.5,48,0.4,18780,-8.3,0.0,0.0,0.0,зима,нет,да
2017-12-09,20,298,0.8,51,1.4,18480,-8.2,0.0,0.0,0.0,зима,нет,да
2017-12-09,21,321,-0.1,55,0.7,16540,-8.0,0.0,0.0,0.0,зима,нет,да
2017-12-09,22,289,-0.5,55,0.6,16550,-8.4,0.0,0.0,0.0,зима,нет,да
2017-12-09,23,265,-0.1,54,1.3,15700,-8.3,0.0,0.0,0.0,зима,нет,да
2017-12-10,0,326,-0.2,55,1.0,16290,-8.1,0.0,0.0,0.0,зима,нет,да
2017-12-10,1,280,-0.2,54,0.5,17470,-8.4,0.0,0.0,0.0,зима,нет,да
2017-12-10,2,243,0.2,52,0.7,17260,-8.5,0.0,0.0,0.0,зима,нет,да
2017-12-10,3,169,0.3,53,0.5,17480,-8.1,0.0,0.0,0.0,зима,нет,да
2017-12-10,4,71,0.4,52,1.6,18160,-8.3,0.0,0.0,0.0,зима,нет,да
2017-12-10,5,13,0.3,74,1.0,1780,-3.7,0.0,0.0,0.7,зима,нет,да
2017-12-10,6,9,-0.5,90,0.9,910,-1.9,0.0,2.5,2.7,зима,нет,да
2017-12-10,7,20,-0.4,92,1.1,1210,-1.5,0.0,0.0,4.0,зима,нет,да
2017-12-10,8,35,-0.2,90,1.2,3780,-1.6,0.0,0.0,4.1,зима,нет,да
2017-12-10,9,31,0.2,90,1.0,3050,-1.2,0.0,1.6,4.3,зима,нет,да
2017-12-10,10,19,0.5,91,0.4,1430,-0.8,0.0,0.0,4.3,зима,нет,да
2017-12-10,11,58,0.9,92,0.9,1370,-0.2,0.03,0.0,3.9,зима,нет,да
2017-12-10,12,119,2.3,88,0.3,2450,0.5,0.28,0.0,3.1,зима,нет,да
2017-12-10,13,182,3.3,87,1.1,2300,1.3,0.54,0.0,2.1,зима,нет,да
2017-12-10,14,235,4.2,85,0.7,3250,1.8,0.65,0.0,1.4,зима,нет,да
2017-12-10,15,180,6.7,63,4.5,7150,0.1,0.35,0.0,1.0,зима,нет,да
2017-12-10,16,214,5.4,71,3.5,6220,0.5,0.2,0.0,0.5,зима,нет,да
2017-12-10,17,226,3.6,65,4.3,10610,-2.3,0.03,0.0,0.4,зима,нет,да
2017-12-10,18,210,2.0,61,3.0,20000,-4.7,0.0,0.0,0.0,зима,нет,да
2017-12-10,19,181,1.6,53,4.0,20000,-6.9,0.0,0.0,0.0,зима,нет,да
2017-12-10,20,165,0.6,57,3.9,19540,-6.9,0.0,0.0,0.0,зима,нет,да
2017-12-10,21,167,0.0,59,3.0,18620,-7.0,0.0,0.0,0.0,зима,нет,да
2017-12-10,22,152,-1.0,56,4.7,20000,-8.6,0.0,0.0,0.0,зима,нет,да
2017-12-10,23,148,-1.4,43,4.3,20000,-12.3,0.0,0.0,0.0,зима,нет,да
2017-12-11,0,125,-2.5,39,3.4,20000,-14.5,0.0,0.0,0.0,зима,нет,да
2017-12-11,1,111,-3.4,36,3.8,20000,-16.3,0.0,0.0,0.0,зима,нет,да
2017-12-11,2,67,-4.2,35,3.4,20000,-17.4,0.0,0.0,0.0,зима,нет,да
2017-12-11,3,45,-4.7,38,2.4,20000,-16.8,0.0,0.0,0.0,зима,нет,да
2017-12-11,4,44,-5.2,35,3.2,20000,-18.3,0.0,0.0,0.0,зима,нет,да
2017-12-11,5,86,-5.6,38,3.2,19740,-17.6,0.0,0.0,0.0,зима,нет,да
2017-12-11,6,136,-5.9,39,2.9,19790,-17.6,0.0,0.0,0.0,зима,нет,да
2017-12-11,7,325,-6.0,39,3.1,19960,-17.7,0.0,0.0,0.0,зима,нет,да
2017-12-11,8,653,-6.0,38,3.6,19940,-18.0,0.01,0.0,0.0,зима,нет,да
2017-12-11,9,326,-5.9,36,5.1,19410,-18.6,0.1,0.0,0.0,зима,нет,да
2017-12-11,10,212,-5.3,32,4.5,20000,-19.4,0.62,0.0,0.0,зима,нет,да
2017-12-11,11,226,-4.7,36,3.8,20000,-17.5,1.0,0.0,0.0,зима,нет,да
2017-12-11,12,247,-5.2,33,4.6,19730,-19.0,1.26,0.0,0.0,зима,нет,да
2017-12-11,13,241,-5.4,32,5.1,19860,-19.5,1.24,0.0,0.0,зима,нет,да
2017-12-11,14,253,-5.4,31,4.1,19450,-19.9,1.13,0.0,0.0,зима,нет,да
2017-12-11,15,269,-5.5,33,4.5,20000,-19.2,0.92,0.0,0.0,зима,нет,да
2017-12-11,16,277,-6.0,40,4.0,20000,-17.4,0.55,0.0,0.0,зима,нет,да
2017-12-11,17,361,-7.1,44,4.2,20000,-17.3,0.18,0.0,0.0,зима,нет,да
2017-12-11,18,557,-7.9,43,3.3,20000,-18.3,0.0,0.0,0.0,зима,нет,да
2017-12-11,19,371,-8.6,45,3.9,20000,-18.4,0.0,0.0,0.0,зима,нет,да
2017-12-11,20,254,-9.3,49,3.8,20000,-18.0,0.0,0.0,0.0,зима,нет,да
2017-12-11,21,266,-9.7,51,2.5,20000,-17.9,0.0,0.0,0.0,зима,нет,да
2017-12-11,22,222,-10.2,50,3.0,20000,-18.6,0.0,0.0,0.0,зима,нет,да
2017-12-11,23,174,-10.7,53,1.2,20000,-18.4,0.0,0.0,0.0,зима,нет,да
2017-12-12,0,133,-11.0,51,1.1,20000,-19.1,0.0,0.0,0.0,зима,нет,да
2017-12-12,1,127,-11.2,51,1.1,20000,-19.3,0.0,0.0,0.0,зима,нет,да
2017-12-12,2,95,-11.5,50,0.7,20000,-19.8,0.0,0.0,0.0,зима,нет,да
2017-12-12,3,54,-11.6,50,2.2,19950,-19.9,0.0,0.0,0.0,зима,нет,да
2017-12-12,4,46,-11.6,47,2.1,19820,-20.6,0.0,0.0,0.0,зима,нет,да
2017-12-12,5,65,-11.6,45,2.8,19510,-21.1,0.0,0.0,0.0,зима,нет,да
2017-12-12,6,104,-11.8,47,2.5,19730,-20.8,0.0,0.0,0.0,зима,нет,да
2017-12-12,7,280,-12.1,50,2.3,19290,-20.4,0.0,0.0,0.0,зима,нет,да
2017-12-12,8,580,-12.3,52,1.3,19140,-20.1,0.0,0.0,0.0,зима,нет,да
2017-12-12,9,275,-11.8,46,2.9,19560,-21.1,0.1,0.0,0.0,зима,нет,да
2017-12-12,10,184,-10.5,45,3.3,18550,-20.1,0.6,0.0,0.0,зима,нет,да
2017-12-12,11,201,-9.4,42,3.1,18150,-19.9,0.93,0.0,0.0,зима,нет,да
2017-12-12,12,228,-8.3,35,2.9,19670,-21.0,1.14,0.0,0.0,зима,нет,да
2017-12-12,13,225,-6.9,37,2.4,19550,-19.1,1.22,0.0,0.0,зима,нет,да
2017-12-12,14,258,-5.4,32,2.0,19300,-19.5,1.12,0.0,0.0,зима,нет,да
2017-12-12,15,250,-5.8,30,2.8,20000,-20.6,0.92,0.0,0.0,зима,нет,да
2017-12-12,16,248,-6.0,29,2.8,19830,-21.2,0.58,0.0,0.0,зима,нет,да
2017-12-12,17,305,-7.0,32,2.6,20000,-20.9,0.19,0.0,0.0,зима,нет,да
2017-12-12,18,529,-7.7,36,1.0,20000,-20.2,0.0,0.0,0.0,зима,нет,да
2017-12-12,19,350,-8.2,43,1.1,20000,-18.5,0.0,0.0,0.0,зима,нет,да
2017-12-12,20,260,-8.4,42,1.0,20000,-19.0,0.0,0.0,0.0,зима,нет,да
2017-12-12,21,270,-8.8,43,1.4,19990,-19.1,0.0,0.0,0.0,зима,нет,да
2017-12-12,22,256,-9.0,45,1.3,19990,-18.7,0.0,0.0,0.0,зима,нет,да
2017-12-12,23,173,-9.3,47,2.1,20000,-18.5,0.0,0.0,0.0,зима,нет,да
2017-12-13,0,168,-9.5,48,1.3,19960,-18.4,0.0,0.0,0.0,зима,нет,да
2017-12-13,1,183,-10.2,52,1.6,19970,-18.2,0.0,0.0,0.0,зима,нет,да
2017-12-13,2,120,-10.4,53,1.8,19490,-18.1,0.0,0.0,0.0,зима,нет,да
2017-12-13,3,79,-10.9,55,1.8,19130,-18.1,0.0,0.0,0.0,зима,нет,да
2017-12-13,4,41,-11.4,58,1.3,19070,-18.0,0.0,0.0,0.0,зима,нет,да
2017-12-13,5,68,-11.5,58,1.1,19230,-18.1,0.0,0.0,0.0,зима,нет,да
2017-12-13,6,109,-11.9,57,1.1,19740,-18.7,0.0,0.0,0.0,зима,нет,да
2017-12-13,7,310,-11.7,53,1.6,19980,-19.3,0.0,0.0,0.0,зима,нет,да
2017-12-13,8,591,-11.4,47,3.3,20000,-20.4,0.0,0.0,0.0,зима,нет,да
2017-12-13,9,340,-11.1,46,3.4,19810,-20.4,0.1,0.0,0.0,зима,нет,да
2017-12-13,10,202,-9.5,39,2.1,18750,-20.9,0.6,0.0,0.0,зима,нет,да
2017-12-13,11,251,-8.1,35,1.8,18060,-20.9,0.96,0.0,0.0,зима,нет,да
2017-12-13,12,267,-6.5,30,2.9,19450,-21.2,1.17,0.0,0.0,зима,нет,да
2017-12-13,13,251,-5.8,28,2.9,18870,-21.4,1.23,0.0,0.0,зима,нет,да
2017-12-13,14,240,-4.7,27,2.9,18830,-20.8,1.12,0.0,0.0,зима,нет,да
2017-12-13,15,240,-4.9,26,3.1,18870,-21.5,0.89,0.0,0.0,зима,нет,да
2017-12-13,16,278,-4.5,26,2.2,20000,-21.1,0.56,0.0,0.0,зима,нет,да
2017-12-13,17,392,-5.6,29,1.7,20000,-20.8,0.18,0.0,0.0,зима,нет,да
2017-12-13,18,537,-6.6,33,1.1,20000,-20.2,0.0,0.0,0.0,зима,нет,да
2017-12-13,19,373,-6.6,31,1.6,20000,-20.9,0.0,0.0,0.0,зима,нет,да
2017-12-13,20,263,-7.6,35,0.8,20000,-20.4,0.0,0.0,0.0,зима,нет,да
2017-12-13,21,271,-8.3,39,1.0,20000,-19.8,0.0,0.0,0.0,зима,нет,да
2017-12-13,22,271,-8.9,39,0.1,20000,-20.3,0.0,0.0,0.0,зима,нет,да
2017-12-13,23,174,-9.2,44,0.4,19780,-19.2,0.0,0.0,0.0,зима,нет,да
2017-12-14,0,171,-9.5,50,0.6,19530,-18.0,0.0,0.0,0.0,зима,нет,да
2017-12-14,1,170,-9.8,48,0.8,20000,-18.7,0.0,0.0,0.0,зима,нет,да
2017-12-14,2,107,-10.6,44,0.8,19030,-20.5,0.0,0.0,0.0,зима,нет,да
2017-12-14,3,80,-10.7,48,0.4,16510,-19.6,0.0,0.0,0.0,зима,нет,да
2017-12-14,4,52,-11.0,50,0.8,17180,-19.4,0.0,0.0,0.0,зима,нет,да
2017-12-14,5,62,-10.8,48,0.8,16480,-19.6,0.0,0.0,0.0,зима,нет,да
2017-12-14,6,108,-11.0,55,0.8,15410,-18.2,0.0,0.0,0.0,зима,нет,да
2017-12-14,7,279,-10.9,57,1.1,13870,-17.7,0.0,0.0,0.0,зима,нет,да
2017-12-14,8,621,-10.4,54,1.1,14320,-17.9,0.01,0.0,0.0,зима,нет,да
2017-12-14,9,305,-9.4,44,0.5,16800,-19.4,0.13,0.0,0.0,зима,нет,да
2017-12-14,10,189,-7.7,43,0.9,15550,-18.1,0.35,0.0,0.0,зима,нет,да
2017-12-14,11,247,-6.1,38,1.0,15870,-18.1,0.52,0.0,0.0,зима,нет,да
2017-12-14,12,278,-4.9,34,1.3,17680,-18.3,0.6,0.0,0.0,зима,нет,да
2017-12-14,13,282,-3.8,32,0.9,18270,-18.1,0.52,0.0,0.0,зима,нет,да
2017-12-14,14,294,-2.7,28,0.7,18570,-18.7,0.65,0.0,0.0,зима,нет,да
2017-12-14,15,301,-2.5,29,1.1,16670,-18.1,0.48,0.0,0.0,зима,нет,да
2017-12-14,16,335,-2.4,28,0.9,18780,-18.4,0.35,0.0,0.0,зима,нет,да
2017-12-14,17,382,-2.9,31,0.6,17230,-17.7,0.09,0.0,0.0,зима,нет,да
2017-12-14,18,612,-3.5,35,1.1,14140,-16.7,0.0,0.0,0.0,зима,нет,да
2017-12-14,19,410,-4.2,40,0.9,12160,-15.8,0.0,0.0,0.0,зима,нет,да
2017-12-14,20,277,-4.8,43,1.1,13970,-15.4,0.0,0.0,0.0,зима,нет,да
2017-12-14,21,316,-4.8,45,0.8,13510,-14.9,0.0,0.0,0.0,зима,нет,да
2017-12-14,22,309,-4.9,44,1.1,13690,-15.3,0.0,0.0,0.0,зима,нет,да
2017-12-14,23,211,-5.6,53,1.2,12900,-13.6,0.0,0.0,0.0,зима,нет,да
2017-12-15,0,227,-5.7,53,0.6,12620,-13.7,0.0,0.0,0.0,зима,нет,да
2017-12-15,1,241,-6.3,57,0.4,11480,-13.4,0.0,0.0,0.0,зима,нет,да
2017-12-15,2,162,-6.8,58,0.4,10890,-13.6,0.0,0.0,0.0,зима,нет,да
2017-12-15,3,110,-6.9,56,0.5,11110,-14.2,0.0,0.0,0.0,зима,нет,да
2017-12-15,4,69,-7.1,59,0.8,10580,-13.7,0.0,0.0,0.0,зима,нет,да
2017-12-15,5,68,-7.5,64,0.9,9890,-13.1,0.0,0.0,0.0,зима,нет,да
2017-12-15,6,129,-7.4,64,0.7,9060,-13.0,0.0,0.0,0.0,зима,нет,да
2017-12-15,7,285,-7.0,63,0.6,8650,-12.8,0.0,0.0,0.0,зима,нет,да
2017-12-15,8,658,-6.6,64,1.1,7910,-12.2,0.0,0.0,0.0,зима,нет,да
2017-12-15,9,330,-5.9,60,0.6,6910,-12.4,0.09,0.0,0.0,зима,нет,да
2017-12-15,10,221,-4.6,52,0.8,6480,-12.9,0.34,0.0,0.0,зима,нет,да
2017-12-15,11,279,-2.9,46,1.0,8090,-12.9,0.42,0.0,0.0,зима,нет,да
2017-12-15,12,309,-2.5,43,0.7,8950,-13.3,0.34,0.0,0.0,зима,нет,да
2017-12-15,13,325,-1.6,40,0.3,8680,-13.4,0.32,0.0,0.0,зима,нет,да
2017-12-15,14,329,-0.7,39,0.8,8260,-12.9,0.35,0.0,0.0,зима,нет,да
2017-12-15,15,342,0.1,35,1.5,9460,-13.5,0.42,0.0,0.0,зима,нет,да
2017-12-15,16,354,0.0,37,0.6,9940,-12.9,0.13,0.0,0.0,зима,нет,да
2017-12-15,17,464,-0.2,39,0.8,10160,-12.5,0.0,0.0,0.0,зима,нет,да
2017-12-15,18,682,0.1,43,0.9,14850,-11.0,0.0,0.0,0.0,зима,нет,да
2017-12-15,19,451,0.6,41,1.2,15500,-11.1,0.0,0.0,0.0,зима,нет,да
2017-12-15,20,320,0.9,42,1.2,11130,-10.5,0.0,0.0,0.0,зима,нет,да
2017-12-15,21,300,0.7,47,2.7,12830,-9.3,0.0,0.0,0.0,зима,нет,да
2017-12-15,22,296,-0.1,49,2.0,8700,-9.5,0.0,0.0,0.0,зима,нет,да
2017-12-15,23,247,-1.3,60,2.5,7920,-8.0,0.0,0.0,0.0,зима,нет,да
2017-12-16,0,217,-2.6,73,3.4,7870,-6.7,0.0,0.0,0.0,зима,нет,да
2017-12-16,1,302,-3.4,76,2.9,5820,-7.0,0.0,0.0,0.0,зима,нет,да
2017-12-16,2,228,-4.1,73,2.1,5670,-8.2,0.0,0.0,0.0,зима,нет,да
2017-12-16,3,129,-4.5,71,1.6,6510,-8.9,0.0,0.0,0.0,зима,нет,да
2017-12-16,4,80,-5.0,70,2.7,7020,-9.6,0.0,0.0,0.0,зима,нет,да
2017-12-16,5,45,-5.6,72,2.0,6620,-9.8,0.0,0.0,0.0,зима,нет,да
2017-12-16,6,66,-6.1,69,2.9,7650,-10.8,0.0,0.0,0.0,зима,нет,да
2017-12-16,7,90,-6.7,64,2.1,9770,-12.3,0.0,0.0,0.0,зима,нет,да
2017-12-16,8,190,-7.3,62,2.6,11120,-13.3,0.0,0.0,0.0,зима,нет,да
2017-12-16,9,195,-7.2,47,2.8,17240,-16.6,0.18,0.0,0.0,зима,нет,да
2017-12-16,10,201,-6.2,42,2.3,18930,-17.0,0.52,0.0,0.0,зима,нет,да
2017-12-16,11,239,-5.2,30,4.0,19910,-20.1,0.86,0.0,0.0,зима,нет,да
2017-12-16,12,252,-4.1,28,3.8,19980,-19.9,1.08,0.0,0.0,зима,нет,да
2017-12-16,13,296,-3.7,23,4.0,19800,-21.8,1.12,0.0,0.0,зима,нет,да
2017-12-16,14,292,-3.4,22,4.3,19660,-22.1,1.07,0.0,0.0,зима,нет,да
2017-12-16,15,291,-3.3,22,5.0,20000,-22.0,0.86,0.0,0.0,зима,нет,да
2017-12-16,16,258,-3.3,24,3.5,20000,-21.0,0.54,0.0,0.0,зима,нет,да
2017-12-16,17,277,-4.6,26,2.6,20000,-21.2,0.17,0.0,0.0,зима,нет,да
2017-12-16,18,212,-5.3,28,3.5,20000,-21.0,0.0,0.0,0.0,зима,нет,да
2017-12-16,19,173,-6.0,32,2.4,20000,-20.0,0.0,0.0,0.0,зима,нет,да
2017-12-16,20,143,-6.6,37,3.4,20000,-18.9,0.0,0.0,0.0,зима,нет,да
2017-12-16,21,159,-7.1,39,3.2,20000,-18.7,0.0,0.0,0.0,зима,нет,да
2017-12-16,22,155,-7.6,41,1.6,20000,-18.6,0.0,0.0,0.0,зима,нет,да
2017-12-16,23,142,-8.0,41,2.2,20000,-18.9,0.0,0.0,0.0,зима,нет,да
2017-12-17,0,175,-8.1,41,2.0,20000,-19.0,0.0,0.0,0.0,зима,нет,да
2017-12-17,1,146,-8.4,40,1.6,20000,-19.6,0.0,0.0,0.0,зима,нет,да
2017-12-17,2,132,-8.7,40,2.8,20000,-19.8,0.0,0.0,0.0,зима,нет,да
2017-12-17,3,100,-9.0,40,3.1,20000,-20.1,0.0,0.0,0.0,зима,нет,да
2017-12-17,4,41,-9.5,40,1.9,20000,-20.6,0.0,0.0,0.0,зима,нет,да
2017-12-17,5,31,-9.7,41,3.1,20000,-20.5,0.0,0.0,0.0,зима,нет,да
2017-12-17,6,39,-9.9,42,2.3,20000,-20.4,0.0,0.0,0.0,зима,нет,да
2017-12-17,7,53,-10.2,42,2.3,20000,-20.6,0.0,0.0,0.0,зима,нет,да
2017-12-17,8,94,-10.7,43,0.9,20000,-20.8,0.0,0.0,0.0,зима,нет,да
2017-12-17,9,122,-10.5,38,1.1,19500,-22.1,0.19,0.0,0.0,зима,нет,да
2017-12-17,10,142,-8.5,31,1.5,19970,-22.6,0.58,0.0,0.0,зима,нет,да
2017-12-17,11,189,-7.2,29,1.8,19260,-22.2,0.88,0.0,0.0,зима,нет,да
2017-12-17,12,216,-4.9,25,2.6,19660,-21.9,1.08,0.0,0.0,зима,нет,да
2017-12-17,13,223,-4.5,25,3.2,19890,-21.6,1.14,0.0,0.0,зима,нет,да
2017-12-17,14,268,-3.2,26,3.1,19330,-20.0,1.07,0.0,0.0,зима,нет,да
2017-12-17,15,278,-2.5,28,2.0,20000,-18.5,0.85,0.0,0.0,зима,нет,да
2017-12-17,16,256,-2.7,31,2.3,20000,-17.5,0.54,0.0,0.0,зима,нет,да
2017-12-17,17,266,-3.8,35,2.4,20000,-17.0,0.17,0.0,0.0,зима,нет,да
2017-12-17,18,204,-4.7,37,1.8,20000,-17.2,0.01,0.0,0.0,зима,нет,да
2017-12-17,19,157,-5.6,39,1.1,20000,-17.3,0.0,0.0,0.0,зима,нет,да
2017-12-17,20,166,-6.0,42,0.8,20000,-16.8,0.0,0.0,0.0,зима,нет,да
2017-12-17,21,168,-6.5,45,0.7,20000,-16.4,0.0,0.0,0.0,зима,нет,да
2017-12-17,22,172,-6.6,50,0.6,19900,-15.3,0.0,0.0,0.0,зима,нет,да
2017-12-17,23,138,-6.9,53,0.7,20000,-14.8,0.0,0.0,0.0,зима,нет,да
2017-12-18,0,151,-5.9,50,0.6,20000,-14.6,0.0,0.0,0.0,зима,нет,да
2017-12-18,1,97,-5.3,48,0.4,16640,-14.6,0.0,0.0,0.0,зима,нет,да
2017-12-18,2,38,-5.0,65,0.4,9900,-10.5,0.0,0.0,0.2,зима,нет,да
2017-12-18,3,32,-5.3,76,1.0,7670,-8.8,0.0,0.3,0.5,зима,нет,да
2017-12-18,4,29,-5.4,81,0.7,2700,-8.1,0.0,0.0,0.7,зима,нет,да
2017-12-18,5,27,-5.3,81,0.9,9230,-8.0,0.0,0.0,0.8,зима,нет,да
2017-12-18,6,45,-5.2,85,0.9,2710,-7.3,0.0,0.4,1.3,зима,нет,да
2017-12-18,7,96,-5.0,85,0.7,1860,-7.1,0.0,0.0,1.8,зима,нет,да
2017-12-18,8,146,-4.6,86,1.2,5080,-6.5,0.0,0.0,2.0,зима,нет,да
2017-12-18,9,52,-4.3,89,1.0,590,-5.8,0.0,1.6,4.0,зима,нет,да
2017-12-18,10,36,-3.7,87,1.0,5410,-5.5,0.03,0.0,4.8,зима,нет,да
2017-12-18,11,44,-2.9,85,1.2,2430,-5.0,0.06,0.0,4.8,зима,нет,да
2017-12-18,12,62,-1.8,83,1.2,3510,-4.3,0.09,1.1,5.1,зима,нет,да
2017-12-18,13,76,-0.9,84,1.2,3330,-3.2,0.09,0.0,5.0,зима,нет,да
2017-12-18,14,116,0.5,76,0.9,3640,-3.2,0.17,0.0,4.2,зима,нет,да
2017-12-18,15,137,1.6,73,0.9,4210,-2.7,0.6,0.0,3.2,зима,нет,да
2017-12-18,16,181,1.8,76,0.8,4100,-1.9,0.47,0.0,2.7,зима,нет,да
2017-12-18,17,175,0.4,84,0.8,3170,-1.9,0.15,0.0,2.7,зима,нет,да
2017-12-18,18,281,0.0,88,0.6,2770,-1.7,0.0,0.0,2.7,зима,нет,да
2017-12-18,19,198,1.3,65,1.1,11220,-4.5,0.0,0.0,2.7,зима,нет,да
2017-12-18,20,165,3.3,65,3.2,11720,-2.6,0.0,0.0,2.7,зима,нет,да
2017-12-18,21,148,2.8,73,2.4,8310,-1.5,0.0,0.0,2.6,зима,нет,да
2017-12-18,22,160,1.5,82,2.4,5370,-1.2,0.0,0.0,2.6,зима,нет,да
2017-12-18,23,128,0.1,81,2.9,5510,-2.7,0.0,0.0,2.6,зима,нет,да
2017-12-19,0,122,-1.0,73,2.3,8810,-5.2,0.0,0.0,2.6,зима,нет,да
2017-12-19,1,122,-2.0,72,0.8,9790,-6.3,0.0,0.0,2.6,зима,нет,да
2017-12-19,2,93,-2.7,72,0.9,9900,-7.0,0.0,0.0,2.6,зима,нет,да
2017-12-19,3,55,-2.8,58,1.6,13150,-9.9,0.0,0.0,2.6,зима,нет,да
2017-12-19,4,39,-2.9,59,1.8,12860,-9.8,0.0,0.0,2.6,зима,нет,да
2017-12-19,5,55,-3.9,66,0.7,12090,-9.3,0.0,0.0,2.6,зима,нет,да
2017-12-19,6,78,-4.3,70,1.6,11690,-8.9,0.0,0.0,2.6,зима,нет,да
2017-12-19,7,165,-4.4,64,2.8,13670,-10.1,0.0,0.0,2.6,зима,нет,да
2017-12-19,8,390,-5.2,58,2.2,15940,-12.1,0.0,0.0,2.5,зима,нет,да
2017-12-19,9,199,-5.3,48,2.6,18100,-14.6,0.18,0.0,2.5,зима,нет,да
2017-12-19,10,151,-4.6,41,2.8,18150,-15.8,0.57,0.0,2.5,зима,нет,да
2017-12-19,11,174,-3.5,35,2.2,17420,-16.7,0.87,0.0,2.5,зима,нет,да
2017-12-19,12,191,-2.5,31,2.6,17780,-17.3,1.08,0.0,2.3,зима,нет,да
2017-12-19,13,189,-2.2,25,3.2,19700,-19.6,1.17,0.0,2.2,зима,нет,да
2017-12-19,14,178,-2.2,23,3.7,19710,-20.5,1.09,0.0,2.2,зима,нет,да
2017-12-19,15,195,-1.3,26,3.0,20000,-18.3,0.91,0.0,2.1,зима,нет,да
2017-12-19,16,211,-1.8,31,3.1,19930,-16.7,0.56,0.0,2.0,зима,нет,да
2017-12-19,17,256,-2.7,35,1.8,20000,-16.0,0.18,0.0,2.0,зима,нет,да
2017-12-19,18,384,-3.8,42,3.3,20000,-14.8,0.0,0.0,2.0,зима,нет,да
2017-12-19,19,276,-4.5,51,2.0,20000,-13.1,0.0,0.0,2.0,зима,нет,да
2017-12-19,20,225,-4.9,55,2.0,20000,-12.5,0.0,0.0,2.0,зима,нет,да
2017-12-19,21,224,-5.0,57,1.9,20000,-12.2,0.0,0.0,2.0,зима,нет,да
2017-12-19,22,213,-5.5,56,1.5,20000,-12.9,0.0,0.0,2.0,зима,нет,да
2017-12-19,23,149,-5.8,57,1.7,20000,-12.9,0.0,0.0,2.0,зима,нет,да
2017-12-20,0,142,-6.5,63,1.5,16660,-12.3,0.0,0.0,2.0,зима,нет,да
2017-12-20,1,172,-7.3,67,1.1,15930,-12.3,0.0,0.0,2.0,зима,нет,да
2017-12-20,2,108,-7.8,68,0.9,16420,-12.6,0.0,0.0,2.0,зима,нет,да
2017-12-20,3,71,-8.1,70,1.3,15570,-12.6,0.0,0.0,2.0,зима,нет,да
2017-12-20,4,38,-8.5,73,1.0,17230,-12.4,0.0,0.0,2.0,зима,нет,да
2017-12-20,5,56,-8.3,67,0.9,15660,-13.3,0.0,0.0,2.0,зима,нет,да
2017-12-20,6,97,-8.2,66,0.9,17180,-13.4,0.0,0.0,2.0,зима,нет,да
2017-12-20,7,213,-8.1,67,0.9,17370,-13.1,0.0,0.0,2.0,зима,нет,да
2017-12-20,8,466,-7.8,65,1.1,17380,-13.2,0.0,0.0,2.0,зима,нет,да
2017-12-20,9,239,-6.7,62,1.1,17490,-12.7,0.09,0.0,2.0,зима,нет,да
2017-12-20,10,162,-5.4,56,1.1,17510,-12.8,0.28,0.0,2.0,зима,нет,да
2017-12-20,11,204,-4.2,51,1.1,17720,-12.8,0.4,0.0,1.9,зима,нет,да
2017-12-20,12,209,-3.2,49,1.3,17230,-12.4,0.53,0.0,1.9,зима,нет,да
2017-12-20,13,228,-1.3,43,1.0,17770,-12.3,0.8,0.0,1.7,зима,нет,да
2017-12-20,14,243,-0.5,44,1.0,17930,-11.2,0.71,0.0,1.7,зима,нет,да
2017-12-20,15,240,-0.2,45,1.0,18520,-10.7,0.41,0.0,1.6,зима,нет,да
2017-12-20,16,225,-0.5,48,1.1,17220,-10.1,0.12,0.0,1.6,зима,нет,да
2017-12-20,17,237,-0.9,70,1.1,2990,-5.6,0.02,0.0,2.2,зима,нет,да
2017-12-20,18,329,-1.4,79,1.6,7020,-4.5,0.0,0.1,2.2,зима,нет,да
2017-12-20,19,190,-1.5,81,1.8,7510,-4.3,0.0,0.0,2.2,зима,нет,да
2017-12-20,20,165,-1.9,86,0.9,7000,-3.9,0.0,0.0,2.4,зима,нет,да
2017-12-20,21,197,-2.0,83,1.2,9040,-4.5,0.0,0.1,2.4,зима,нет,да
2017-12-20,22,184,-1.6,82,0.4,9290,-4.2,0.0,0.0,2.3,зима,нет,да
2017-12-20,23,153,-1.1,87,1.4,3490,-2.9,0.0,0.0,2.2,зима,нет,да
2017-12-21,0,166,-1.3,90,2.0,2590,-2.7,0.0,0.0,2.2,зима,нет,да
2017-12-21,1,189,-1.8,90,1.6,2630,-3.2,0.0,0.0,2.2,зима,нет,да
2017-12-21,2,132,-2.2,88,1.4,3480,-3.9,0.0,0.0,2.2,зима,нет,да
2017-12-21,3,79,-2.9,89,1.3,2880,-4.4,0.0,0.0,2.2,зима,нет,да
2017-12-21,4,58,-3.6,91,1.2,2410,-4.8,0.0,0.0,2.2,зима,нет,да
2017-12-21,5,49,-4.3,91,1.5,2330,-5.5,0.0,0.0,2.2,зима,нет,да
2017-12-21,6,84,-4.8,91,1.1,2660,-6.0,0.0,0.0,2.2,зима,нет,да
2017-12-21,7,178,-5.3,90,1.1,3110,-6.6,0.0,0.0,2.2,зима,нет,да
2017-12-21,8,423,-5.6,89,0.9,3710,-7.1,0.0,0.0,2.2,зима,нет,да
2017-12-21,9,265,-5.3,88,0.4,4630,-6.9,0.21,0.0,2.2,зима,нет,да
2017-12-21,10,169,-3.0,71,0.7,6080,-7.5,0.67,0.0,2.1,зима,нет,да
2017-12-21,11,243,-0.7,62,0.7,5190,-7.0,0.77,0.0,2.0,зима,нет,да
2017-12-21,12,290,1.9,40,2.0,18350,-10.3,1.04,0.0,1.9,зима,нет,да
2017-12-21,13,285,3.2,42,1.8,13490,-8.5,1.08,0.0,1.8,зима,нет,да
2017-12-21,14,255,4.3,47,2.3,9530,-6.0,0.96,0.0,1.6,зима,нет,да
2017-12-21,15,316,4.4,46,1.4,11130,-6.2,0.78,0.0,1.0,зима,нет,да
2017-12-21,16,301,4.1,51,1.8,11120,-5.1,0.48,0.0,0.9,зима,нет,да
2017-12-21,17,366,2.9,60,1.3,11930,-4.1,0.16,0.0,0.8,зима,нет,да
2017-12-21,18,531,1.7,64,1.3,11400,-4.3,0.0,0.0,0.8,зима,нет,да
2017-12-21,19,355,0.8,71,0.9,9230,-3.8,0.0,0.0,0.8,зима,нет,да
2017-12-21,20,288,0.2,72,0.7,9900,-4.2,0.0,0.0,0.8,зима,нет,да
2017-12-21,21,248,-0.4,74,0.6,10650,-4.4,0.0,0.0,0.8,зима,нет,да
2017-12-21,22,252,-1.1,78,0.6,8650,-4.4,0.0,0.0,0.8,зима,нет,да
2017-12-21,23,212,-1.5,79,0.6,8210,-4.6,0.0,0.0,0.8,зима,нет,да
2017-12-22,0,196,-1.7,79,0.5,7940,-4.8,0.0,0.0,0.8,зима,да,да
2017-12-22,1,250,-1.6,79,0.6,7840,-4.7,0.0,0.0,0.8,зима,да,да
2017-12-22,2,161,-1.1,79,0.7,7360,-4.2,0.0,0.0,0.8,зима,да,да
2017-12-22,3,99,-0.6,76,0.5,7890,-4.3,0.0,0.0,0.7,зима,да,да
2017-12-22,4,64,-0.3,76,0.9,7600,-4.0,0.0,0.0,0.7,зима,да,да
2017-12-22,5,76,-0.2,73,0.8,8800,-4.4,0.0,0.0,0.7,зима,да,да
2017-12-22,6,114,-0.1,71,0.8,8950,-4.7,0.0,0.0,0.7,зима,да,да
2017-12-22,7,283,-0.3,72,0.7,9190,-4.7,0.0,0.0,0.7,зима,да,да
2017-12-22,8,544,-0.4,69,0.5,9040,-5.4,0.0,0.0,0.7,зима,да,да
2017-12-22,9,298,0.3,67,0.7,8970,-5.1,0.03,0.0,0.6,зима,да,да
2017-12-22,10,248,1.4,64,1.0,8970,-4.6,0.25,0.0,0.5,зима,да,да
2017-12-22,11,278,3.1,57,0.8,8040,-4.6,0.63,0.0,0.0,зима,да,да
2017-12-22,12,301,4.5,56,0.8,8360,-3.5,0.71,0.0,0.0,зима,да,да
2017-12-22,13,320,5.4,55,1.2,8200,-2.9,0.66,0.0,0.0,зима,да,да
2017-12-22,14,326,5.9,55,0.6,7790,-2.4,0.48,0.0,0.0,зима,да,да
2017-12-22,15,386,6.5,55,0.9,8010,-1.9,0.38,0.0,0.0,зима,да,да
2017-12-22,16,416,6.0,58,0.7,7320,-1.6,0.19,0.0,0.0,зима,да,да
2017-12-22,17,477,5.4,61,1.3,6910,-1.5,0.08,0.0,0.0,зима,да,да
2017-12-22,18,671,4.9,63,0.6,6770,-1.5,0.0,0.0,0.0,зима,да,да
2017-12-22,19,481,5.2,64,0.7,6910,-1.0,0.0,0.0,0.0,зима,да,да
2017-12-22,20,323,5.9,67,1.3,7790,0.2,0.0,0.0,0.0,зима,да,да
2017-12-22,21,309,6.1,70,2.2,7630,1.0,0.0,0.0,0.0,зима,да,да
2017-12-22,22,314,6.1,70,2.7,8060,1.0,0.0,0.0,0.0,зима,да,да
2017-12-22,23,249,5.8,74,2.5,8320,1.5,0.0,0.0,0.0,зима,да,да
2017-12-23,0,282,5.8,75,1.9,7880,1.7,0.0,0.0,0.0,зима,нет,да
2017-12-23,1,337,5.7,75,1.7,7060,1.6,0.0,0.0,0.0,зима,нет,да
2017-12-23,2,312,5.6,76,1.6,6410,1.6,0.0,0.0,0.0,зима,нет,да
2017-12-23,3,230,5.4,77,1.6,5830,1.6,0.0,0.0,0.0,зима,нет,да
2017-12-23,4,120,5.3,79,0.9,5060,1.9,0.0,0.0,0.0,зима,нет,да
2017-12-23,5,59,5.0,81,1.2,4250,2.0,0.0,0.0,0.0,зима,нет,да
2017-12-23,6,63,5.1,81,1.3,3750,2.1,0.0,0.0,0.0,зима,нет,да
2017-12-23,7,99,5.1,82,0.7,3340,2.2,0.0,0.0,0.0,зима,нет,да
2017-12-23,8,188,5.1,83,0.9,2970,2.4,0.0,0.0,0.0,зима,нет,да
2017-12-23,9,239,5.2,84,0.7,2260,2.7,0.03,0.0,0.0,зима,нет,да
2017-12-23,10,235,5.4,82,1.2,2150,2.5,0.13,0.0,0.0,зима,нет,да
2017-12-23,11,282,5.7,81,1.1,1920,2.6,0.18,0.0,0.0,зима,нет,да
2017-12-23,12,325,7.0,72,1.9,2460,2.2,0.64,0.0,0.0,зима,нет,да
2017-12-23,13,423,7.7,68,1.0,2490,2.1,0.58,0.0,0.0,зима,нет,да
2017-12-23,14,405,8.6,63,1.6,2630,1.9,0.72,0.0,0.0,зима,нет,да
2017-12-23,15,443,8.6,64,1.5,2690,2.1,0.57,0.0,0.0,зима,нет,да
2017-12-23,16,473,8.2,64,1.0,2810,1.7,0.32,0.0,0.0,зима,нет,да
2017-12-23,17,453,7.7,67,0.9,2640,1.9,0.11,0.0,0.0,зима,нет,да
2017-12-23,18,340,6.6,73,0.4,2290,2.0,0.0,0.0,0.0,зима,нет,да
2017-12-23,19,260,6.0,76,1.1,2190,2.0,0.0,0.0,0.0,зима,нет,да
2017-12-23,20,258,5.9,75,1.5,2220,1.7,0.0,0.0,0.0,зима,нет,да
2017-12-23,21,279,5.6,77,0.9,2120,1.8,0.0,0.0,0.0,зима,нет,да
2017-12-23,22,282,5.3,79,0.6,2000,1.9,0.0,0.0,0.0,зима,нет,да
2017-12-23,23,237,5.5,80,0.6,1850,2.3,0.0,0.0,0.0,зима,нет,да
2017-12-24,0,266,5.6,78,0.6,1960,2.0,0.0,0.0,0.0,зима,да,да
2017-12-24,1,251,5.6,78,0.5,1970,2.0,0.0,0.0,0.0,зима,да,да
2017-12-24,2,196,5.4,80,0.9,1900,2.2,0.0,0.0,0.0,зима,да,да
2017-12-24,3,149,5.2,82,0.8,1900,2.3,0.0,0.0,0.0,зима,да,да
2017-12-24,4,79,5.2,82,0.7,1890,2.3,0.0,0.0,0.0,зима,да,да
2017-12-24,5,44,5.1,82,0.6,1850,2.2,0.0,0.0,0.0,зима,да,да
2017-12-24,6,12,4.9,84,1.3,1590,2.4,0.0,0.1,0.0,зима,да,да
2017-12-24,7,3,4.7,89,1.1,1000,3.0,0.0,0.0,0.0,зима,да,да
2017-12-24,8,4,4.6,91,1.7,950,3.2,0.0,0.0,0.0,зима,да,да
2017-12-24,9,3,4.6,94,0.9,900,3.7,0.0,6.4,0.0,зима,да,да
2017-12-24,10,4,4.8,96,0.6,870,4.2,0.04,0.0,0.0,зима,да,да
2017-12-24,11,9,4.6,95,0.8,1560,3.8,0.05,0.0,0.0,зима,да,да
2017-12-24,12,4,4.1,91,0.8,4040,2.7,0.07,9.5,0.0,зима,да,да
2017-12-24,13,7,3.7,90,0.7,7440,2.2,0.15,0.0,0.0,зима,да,да
2017-12-24,14,28,3.3,90,2.5,5610,1.8,0.19,0.0,0.0,зима,да,да
2017-12-24,15,38,2.9,90,2.0,3800,1.4,0.08,3.5,0.0,зима,да,да
2017-12-24,16,54,2.3,91,3.3,2700,0.9,0.07,0.0,0.0,зима,да,да
2017-12-24,17,104,2.2,86,2.6,6050,0.0,0.04,0.0,0.0,зима,да,да
2017-12-24,18,128,1.9,82,4.3,6990,-0.8,0.01,0.5,0.0,зима,да,да
2017-12-24,19,132,1.1,68,4.4,6950,-4.1,0.0,0.0,0.0,зима,да,да
2017-12-24,20,116,0.6,67,3.3,5060,-4.8,0.0,0.0,0.0,зима,да,да
2017-12-24,21,145,0.4,69,3.5,4770,-4.6,0.0,0.0,0.0,зима,да,да
2017-12-24,22,110,0.2,69,2.7,5650,-4.8,0.0,0.0,0.0,зима,да,да
2017-12-24,23,128,0.0,63,3.2,8840,-6.2,0.0,0.0,0.0,зима,да,да
2017-12-25,0,160,-0.6,64,2.4,10100,-6.5,0.0,0.0,0.0,зима,да,да
2017-12-25,1,132,-1.2,57,4.3,14290,-8.6,0.0,0.0,0.0,зима,да,да
2017-12-25,2,115,-1.8,53,4.1,18250,-10.1,0.0,0.0,0.0,зима,да,да
2017-12-25,3,100,-2.3,52,3.4,19470,-10.8,0.0,0.0,0.0,зима,да,да
2017-12-25,4,72,-3.0,51,3.2,20000,-11.7,0.0,0.0,0.0,зима,да,да
2017-12-25,5,32,-3.7,51,2.6,20000,-12.3,0.0,0.0,0.0,зима,да,да
2017-12-25,6,59,-4.1,50,3.0,20000,-13.0,0.0,0.0,0.0,зима,да,да
2017-12-25,7,61,-4.6,46,2.8,20000,-14.4,0.0,0.0,0.0,зима,да,да
2017-12-25,8,94,-4.9,44,3.0,20000,-15.3,0.0,0.0,0.0,зима,да,да
2017-12-25,9,107,-4.6,40,3.5,20000,-16.1,0.18,0.0,0.0,зима,да,да
2017-12-25,10,133,-3.7,35,3.7,19370,-16.9,0.57,0.0,0.0,зима,да,да
2017-12-25,11,179,-2.8,35,2.9,19840,-16.1,0.87,0.0,0.0,зима,да,да
2017-12-25,12,221,-1.6,33,2.5,18740,-15.8,1.18,0.0,0.0,зима,да,да
2017-12-25,13,244,-1.5,33,3.8,20000,-15.7,1.18,0.0,0.0,зима,да,да
2017-12-25,14,274,-0.4,31,2.0,20000,-15.5,1.1,0.0,0.0,зима,да,да
2017-12-25,15,319,0.4,28,2.5,20000,-16.0,0.9,0.0,0.0,зима,да,да
2017-12-25,16,272,0.4,27,2.0,20000,-16.4,0.58,0.0,0.0,зима,да,да
2017-12-25,17,260,-0.7,29,2.0,20000,-16.5,0.21,0.0,0.0,зима,да,да
2017-12-25,18,237,-1.6,33,2.0,20000,-15.8,0.0,0.0,0.0,зима,да,да
2017-12-25,19,184,-1.8,41,2.1,20000,-13.3,0.0,0.0,0.0,зима,да,да
2017-12-25,20,181,-2.1,49,1.7,20000,-11.4,0.0,0.0,0.0,зима,да,да
2017-12-25,21,185,-1.7,51,1.7,20000,-10.5,0.0,0.0,0.0,зима,да,да
2017-12-25,22,176,-1.3,53,1.7,20000,-9.6,0.0,0.0,0.0,зима,да,да
2017-12-25,23,169,-1.0,55,1.9,20000,-8.9,0.0,0.0,0.0,зима,да,да
2017-12-26,0,178,-1.4,58,1.0,18800,-8.6,0.0,0.0,0.0,зима,нет,да
2017-12-26,1,127,-1.5,62,1.3,20000,-7.8,0.0,0.0,0.0,зима,нет,да
2017-12-26,2,85,-2.1,69,1.0,19950,-7.0,0.0,0.0,0.0,зима,нет,да
2017-12-26,3,72,-2.6,70,1.0,19920,-7.3,0.0,0.0,0.0,зима,нет,да
2017-12-26,4,49,-2.6,72,1.4,19290,-6.9,0.0,0.0,0.0,зима,нет,да
2017-12-26,5,65,-2.9,77,0.8,18330,-6.3,0.0,0.0,0.0,зима,нет,да
2017-12-26,6,120,-2.8,73,0.7,19060,-6.9,0.0,0.0,0.0,зима,нет,да
2017-12-26,7,296,-2.9,73,1.9,19110,-7.0,0.0,0.0,0.0,зима,нет,да
2017-12-26,8,578,-2.7,68,2.2,19190,-7.7,0.0,0.0,0.0,зима,нет,да
2017-12-26,9,293,-2.8,52,2.9,18950,-11.3,0.16,0.0,0.0,зима,нет,да
2017-12-26,10,180,-2.2,36,4.1,19300,-15.2,0.53,0.0,0.0,зима,нет,да
2017-12-26,11,250,-2.1,28,4.9,18870,-18.2,0.87,0.0,0.0,зима,нет,да
2017-12-26,12,262,-1.3,23,4.0,20000,-19.8,1.09,0.0,0.0,зима,нет,да
2017-12-26,13,262,-2.0,15,4.7,19700,-25.2,1.18,0.0,0.0,зима,нет,да
2017-12-26,14,271,-1.6,20,4.3,20000,-21.6,1.11,0.0,0.0,зима,нет,да
2017-12-26,15,246,-1.9,17,5.0,20000,-23.7,0.93,0.0,0.0,зима,нет,да
2017-12-26,16,282,-1.9,17,3.3,20000,-23.7,0.61,0.0,0.0,зима,нет,да
2017-12-26,17,350,-3.6,20,3.7,20000,-23.3,0.23,0.0,0.0,зима,нет,да
2017-12-26,18,481,-4.7,23,3.4,20000,-22.7,0.01,0.0,0.0,зима,нет,да
2017-12-26,19,317,-5.4,27,3.0,20000,-21.5,0.0,0.0,0.0,зима,нет,да
2017-12-26,20,252,-6.1,32,4.7,20000,-20.1,0.0,0.0,0.0,зима,нет,да
2017-12-26,21,220,-6.6,39,3.2,20000,-18.2,0.0,0.0,0.0,зима,нет,да
2017-12-26,22,213,-7.2,38,3.1,20000,-19.1,0.0,0.0,0.0,зима,нет,да
2017-12-26,23,156,-7.5,37,3.1,20000,-19.7,0.0,0.0,0.0,зима,нет,да
2017-12-27,0,133,-7.9,37,2.2,20000,-20.0,0.0,0.0,0.0,зима,нет,да
2017-12-27,1,142,-8.2,39,1.8,20000,-19.7,0.0,0.0,0.0,зима,нет,да
2017-12-27,2,93,-8.6,37,1.5,20000,-20.7,0.0,0.0,0.0,зима,нет,да
2017-12-27,3,81,-9.1,37,1.0,20000,-21.1,0.0,0.0,0.0,зима,нет,да
2017-12-27,4,55,-9.1,33,2.3,20000,-22.4,0.0,0.0,0.0,зима,нет,да
2017-12-27,5,66,-9.4,36,1.9,20000,-21.7,0.0,0.0,0.0,зима,нет,да
2017-12-27,6,105,-9.8,37,1.7,20000,-21.7,0.0,0.0,0.0,зима,нет,да
2017-12-27,7,262,-10.1,38,2.3,20000,-21.7,0.0,0.0,0.0,зима,нет,да
2017-12-27,8,502,-10.2,35,1.8,20000,-22.7,0.0,0.0,0.0,зима,нет,да
2017-12-27,9,279,-9.8,33,2.0,19970,-23.0,0.17,0.0,0.0,зима,нет,да
2017-12-27,10,146,-8.5,29,2.4,19920,-23.4,0.56,0.0,0.0,зима,нет,да
2017-12-27,11,213,-6.8,28,2.1,19860,-22.3,0.88,0.0,0.0,зима,нет,да
2017-12-27,12,230,-5.5,21,2.1,19410,-24.4,1.08,0.0,0.0,зима,нет,да
2017-12-27,13,258,-4.7,18,3.7,20000,-25.4,1.16,0.0,0.0,зима,нет,да
2017-12-27,14,231,-4.0,18,2.4,20000,-24.8,1.09,0.0,0.0,зима,нет,да
2017-12-27,15,228,-3.1,16,2.2,20000,-25.4,0.9,0.0,0.0,зима,нет,да
2017-12-27,16,269,-3.2,23,2.7,20000,-21.4,0.57,0.0,0.0,зима,нет,да
2017-12-27,17,314,-4.2,26,2.2,20000,-20.8,0.2,0.0,0.0,зима,нет,да
2017-12-27,18,466,-5.2,32,2.2,20000,-19.3,0.0,0.0,0.0,зима,нет,да
2017-12-27,19,315,-5.5,31,2.1,20000,-19.9,0.0,0.0,0.0,зима,нет,да
2017-12-27,20,262,-5.9,34,0.9,20000,-19.2,0.0,0.0,0.0,зима,нет,да
2017-12-27,21,242,-6.4,34,1.2,20000,-19.7,0.0,0.0,0.0,зима,нет,да
2017-12-27,22,243,-6.4,36,1.3,20000,-19.0,0.0,0.0,0.0,зима,нет,да
2017-12-27,23,216,-6.3,39,0.9,20000,-18.0,0.0,0.0,0.0,зима,нет,да
2017-12-28,0,164,-6.5,41,1.7,20000,-17.6,0.0,0.0,0.0,зима,нет,да
2017-12-28,1,169,-6.6,39,1.4,20000,-18.2,0.0,0.0,0.0,зима,нет,да
2017-12-28,2,163,-6.6,34,1.8,20000,-19.8,0.0,0.0,0.0,зима,нет,да
2017-12-28,3,86,-6.0,32,2.5,20000,-20.0,0.0,0.0,0.0,зима,нет,да
2017-12-28,4,50,-5.8,32,1.6,20000,-19.8,0.0,0.0,0.0,зима,нет,да
2017-12-28,5,61,-5.7,28,1.2,20000,-21.3,0.0,0.0,0.0,зима,нет,да
2017-12-28,6,103,-5.5,24,0.5,20000,-22.9,0.0,0.0,0.0,зима,нет,да
2017-12-28,7,257,-5.0,31,0.5,20000,-19.5,0.0,0.0,0.0,зима,нет,да
2017-12-28,8,554,-4.7,30,0.6,20000,-19.6,0.0,0.0,0.0,зима,нет,да
2017-12-28,9,326,-4.3,38,0.7,18770,-16.5,0.04,0.0,0.0,зима,нет,да
2017-12-28,10,225,-3.4,33,1.3,18630,-17.4,0.33,0.0,0.0,зима,нет,да
2017-12-28,11,288,-2.1,34,1.0,18680,-15.8,0.65,0.0,0.0,зима,нет,да
2017-12-28,12,286,-0.8,38,1.0,16860,-13.3,0.75,0.0,0.0,зима,нет,да
2017-12-28,13,301,0.8,46,1.4,15980,-9.5,0.8,0.0,0.0,зима,нет,да
2017-12-28,14,311,0.8,55,1.8,11320,-7.2,0.59,0.0,0.0,зима,нет,да
2017-12-28,15,303,0.4,57,2.4,11790,-7.1,0.36,0.0,0.0,зима,нет,да
2017-12-28,16,390,0.3,57,2.3,12040,-7.2,0.19,0.0,0.0,зима,нет,да
2017-12-28,17,407,0.2,58,2.0,11590,-7.1,0.08,0.0,0.0,зима,нет,да
2017-12-28,18,552,-0.6,62,1.6,11290,-6.9,0.0,0.0,0.0,зима,нет,да
2017-12-28,19,402,-0.4,62,0.9,11030,-6.8,0.0,0.0,0.0,зима,нет,да
2017-12-28,20,319,-0.3,62,1.3,10400,-6.7,0.0,0.0,0.0,зима,нет,да
2017-12-28,21,332,-0.2,62,0.6,9860,-6.6,0.0,0.0,0.0,зима,нет,да
2017-12-28,22,285,0.0,63,1.3,9680,-6.2,0.0,0.0,0.0,зима,нет,да
2017-12-28,23,260,0.1,63,1.1,10030,-6.1,0.0,0.0,0.0,зима,нет,да
2017-12-29,0,233,0.2,63,0.7,9250,-6.0,0.0,0.0,0.0,зима,нет,да
2017-12-29,1,269,0.3,63,0.7,7600,-5.9,0.0,0.0,0.0,зима,нет,да
2017-12-29,2,210,0.5,63,1.0,6910,-5.7,0.0,0.0,0.0,зима,нет,да
2017-12-29,3,135,0.6,64,0.4,7310,-5.4,0.0,0.0,0.0,зима,нет,да
2017-12-29,4,85,0.6,65,0.4,7120,-5.2,0.0,0.0,0.0,зима,нет,да
2017-12-29,5,67,0.7,66,0.7,6870,-4.9,0.0,0.0,0.0,зима,нет,да
2017-12-29,6,128,0.8,68,0.6,6730,-4.4,0.0,0.0,0.0,зима,нет,да
2017-12-29,7,289,0.9,67,0.6,6580,-4.5,0.0,0.0,0.0,зима,нет,да
2017-12-29,8,636,1.0,68,0.6,6240,-4.2,0.0,0.0,0.0,зима,нет,да
2017-12-29,9,353,1.2,67,0.2,5910,-4.2,0.06,0.0,0.0,зима,нет,да
2017-12-29,10,252,1.9,65,0.3,5620,-3.9,0.17,0.0,0.0,зима,нет,да
2017-12-29,11,317,3.1,62,1.1,5170,-3.4,0.29,0.0,0.0,зима,нет,да
2017-12-29,12,363,4.3,62,1.6,4720,-2.3,0.52,0.0,0.0,зима,нет,да
2017-12-29,13,370,5.2,58,2.5,4350,-2.4,0.81,0.0,0.0,зима,нет,да
2017-12-29,14,419,5.7,54,3.5,4180,-2.9,0.83,0.0,0.0,зима,нет,да
2017-12-29,15,426,5.7,53,2.7,4080,-3.1,0.65,0.0,0.0,зима,нет,да
2017-12-29,16,504,5.4,56,2.2,3960,-2.6,0.39,0.0,0.0,зима,нет,да
2017-12-29,17,534,4.5,59,1.6,3840,-2.8,0.14,0.0,0.0,зима,нет,да
2017-12-29,18,574,3.6,62,1.4,3890,-3.0,0.01,0.0,0.0,зима,нет,да
2017-12-29,19,395,2.7,68,1.2,3480,-2.6,0.0,0.0,0.0,зима,нет,да
2017-12-29,20,292,1.7,73,0.5,3320,-2.6,0.0,0.0,0.0,зима,нет,да
2017-12-29,21,282,1.0,77,1.5,2970,-2.5,0.0,0.0,0.0,зима,нет,да
2017-12-29,22,294,0.8,77,1.4,2930,-2.7,0.0,0.0,0.0,зима,нет,да
2017-12-29,23,236,0.3,80,0.8,2640,-2.7,0.0,0.0,0.0,зима,нет,да
2017-12-30,0,240,-0.4,83,1.2,2470,-2.9,0.0,0.0,0.0,зима,нет,да
2017-12-30,1,234,-0.5,83,0.7,2440,-3.0,0.0,0.0,0.0,зима,нет,да
2017-12-30,2,192,-0.9,84,0.6,2300,-3.2,0.0,0.0,0.0,зима,нет,да
2017-12-30,3,127,-1.1,83,0.8,2370,-3.6,0.0,0.0,0.0,зима,нет,да
2017-12-30,4,86,-1.1,83,0.7,2420,-3.6,0.0,0.0,0.0,зима,нет,да
2017-12-30,5,52,-1.2,81,0.8,2580,-4.0,0.0,0.0,0.0,зима,нет,да
2017-12-30,6,62,-1.1,81,1.0,2530,-3.9,0.0,0.0,0.0,зима,нет,да
2017-12-30,7,88,-0.7,79,0.7,2590,-3.8,0.0,0.0,0.0,зима,нет,да
2017-12-30,8,162,-0.4,78,0.5,2490,-3.7,0.0,0.0,0.0,зима,нет,да
2017-12-30,9,224,0.2,76,1.3,2490,-3.5,0.03,0.0,0.0,зима,нет,да
2017-12-30,10,208,0.8,73,0.5,2480,-3.4,0.15,0.0,0.0,зима,нет,да
2017-12-30,11,237,2.0,69,1.0,2570,-3.1,0.32,0.0,0.0,зима,нет,да
2017-12-30,12,274,3.2,64,0.8,2580,-2.9,0.47,0.0,0.0,зима,нет,да
2017-12-30,13,333,4.0,62,1.0,2560,-2.6,0.51,0.0,0.0,зима,нет,да
2017-12-30,14,356,4.3,60,1.2,2720,-2.7,0.4,0.0,0.0,зима,нет,да
2017-12-30,15,337,4.3,61,0.7,2740,-2.5,0.23,0.0,0.0,зима,нет,да
2017-12-30,16,345,4.1,63,0.7,2630,-2.3,0.13,0.0,0.0,зима,нет,да
2017-12-30,17,183,3.8,64,0.9,2500,-2.3,0.01,0.0,0.0,зима,нет,да
2017-12-30,18,45,3.0,84,1.7,1370,0.5,0.0,0.3,0.0,зима,нет,да
2017-12-30,19,40,2.3,89,0.6,960,0.6,0.0,0.0,0.0,зима,нет,да
2017-12-30,20,66,1.9,90,0.9,880,0.4,0.0,0.0,0.0,зима,нет,да
2017-12-30,21,64,1.8,92,1.1,1090,0.6,0.0,0.2,0.0,зима,нет,да
2017-12-30,22,30,1.8,92,1.2,940,0.6,0.0,0.0,0.0,зима,нет,да
2017-12-30,23,42,1.4,92,1.9,730,0.2,0.0,0.0,0.0,зима,нет,да
2017-12-31,0,43,0.9,95,1.8,630,0.1,0.0,0.2,0.2,зима,да,да
2017-12-31,1,43,0.5,95,2.1,790,-0.2,0.0,0.0,0.6,зима,да,да
2017-12-31,2,65,0.4,95,1.7,1100,-0.3,0.0,0.0,1.2,зима,да,да
2017-12-31,3,65,0.3,91,2.0,1720,-1.0,0.0,1.0,1.2,зима,да,да
2017-12-31,4,32,-0.2,87,3.5,2460,-2.1,0.0,0.0,1.2,зима,да,да
2017-12-31,5,22,-0.8,85,2.8,3290,-3.0,0.0,0.0,1.2,зима,да,да
2017-12-31,6,25,-1.3,84,2.4,4250,-3.6,0.0,0.0,1.2,зима,да,да
2017-12-31,7,39,-1.8,86,1.7,3670,-3.8,0.0,0.0,1.2,зима,да,да
2017-12-31,8,84,-2.1,86,1.4,3540,-4.1,0.0,0.0,1.2,зима,да,да
2017-12-31,9,103,-1.9,82,1.6,4100,-4.5,0.15,0.0,1.2,зима,да,да
2017-12-31,10,110,-0.5,73,1.7,6090,-4.7,0.53,0.0,1.1,зима,да,да
2017-12-31,11,142,0.8,62,2.8,8010,-5.6,0.88,0.0,1.1,зима,да,да
2017-12-31,12,209,1.4,47,4.5,13880,-8.7,1.1,0.0,1.0,зима,да,да
2017-12-31,13,267,2.5,36,3.7,15780,-11.0,1.15,0.0,0.7,зима,да,да
2017-12-31,14,262,3.0,28,3.8,19560,-13.7,1.1,0.0,0.0,зима,да,да
2017-12-31,15,300,3.1,25,3.9,20000,-15.0,0.9,0.0,0.0,зима,да,да
2017-12-31,16,272,2.7,26,2.7,20000,-14.9,0.59,0.0,0.0,зима,да,да
2017-12-31,17,240,1.7,30,2.9,20000,-14.0,0.22,0.0,0.0,зима,да,да
2017-12-31,18,215,0.7,31,2.3,20000,-14.5,0.01,0.0,0.0,зима,да,да
2017-12-31,19,163,0.0,31,2.2,20000,-15.1,0.0,0.0,0.0,зима,да,да
2017-12-31,20,161,-1.0,32,0.9,20000,-15.6,0.0,0.0,0.0,зима,да,да
2017-12-31,21,179,-1.6,35,1.0,20000,-15.1,0.0,0.0,0.0,зима,да,да
2017-12-31,22,155,-2.1,36,1.7,20000,-15.2,0.0,0.0,0.0,зима,да,да
2017-12-31,23,227,-2.6,40,0.6,20000,-14.3,0.0,0.0,0.0,зима,да,да
2018-01-01,0,206,-3.2,40,0.5,13580,-14.9,0.0,0.0,0.0,зима,да,да
2018-01-01,1,230,-3.3,41,0.7,20000,-14.7,0.0,0.0,0.0,зима,да,да
2018-01-01,2,178,-3.7,42,0.9,20000,-14.7,0.0,0.0,0.0,зима,да,да
2018-01-01,3,119,-4.0,44,1.0,20000,-14.4,0.0,0.0,0.0,зима,да,да
2018-01-01,4,62,-4.2,53,1.1,19940,-12.3,0.0,0.0,0.0,зима,да,да
2018-01-01,5,61,-4.4,54,0.8,17860,-12.3,0.0,0.0,0.0,зима,да,да
2018-01-01,6,65,-4.5,51,1.1,20000,-13.1,0.0,0.0,0.0,зима,да,да
2018-01-01,7,81,-4.7,56,1.1,20000,-12.1,0.0,0.0,0.0,зима,да,да
2018-01-01,8,89,-5.0,55,1.0,20000,-12.6,0.0,0.0,0.0,зима,да,да
2018-01-01,9,121,-4.3,39,0.7,19730,-16.2,0.15,0.0,0.0,зима,да,да
2018-01-01,10,139,-1.6,32,0.8,17660,-16.1,0.53,0.0,0.0,зима,да,да
2018-01-01,11,169,0.1,27,2.2,18740,-16.7,0.84,0.0,0.0,зима,да,да
2018-01-01,12,225,1.5,20,2.8,19920,-19.0,1.03,0.0,0.0,зима,да,да
2018-01-01,13,248,2.4,22,2.3,19210,-17.2,1.1,0.0,0.0,зима,да,да
2018-01-01,14,298,3.7,24,2.1,19060,-15.0,1.01,0.0,0.0,зима,да,да
2018-01-01,15,344,3.0,27,2.9,17150,-14.2,0.78,0.0,0.0,зима,да,да
2018-01-01,16,310,3.0,28,2.5,18640,-13.7,0.51,0.0,0.0,зима,да,да
2018-01-01,17,271,1.8,33,3.3,19130,-12.8,0.18,0.0,0.0,зима,да,да
2018-01-01,18,218,0.8,34,1.9,18870,-13.3,0.01,0.0,0.0,зима,да,да
2018-01-01,19,125,-0.1,39,1.3,19110,-12.4,0.0,0.0,0.0,зима,да,да
2018-01-01,20,206,-0.3,40,1.2,19360,-12.2,0.0,0.0,0.0,зима,да,да
2018-01-01,21,203,-0.9,44,1.2,18710,-11.6,0.0,0.0,0.0,зима,да,да
2018-01-01,22,168,-1.3,48,0.8,19270,-10.9,0.0,0.0,0.0,зима,да,да
2018-01-01,23,154,-1.6,51,0.7,18820,-10.4,0.0,0.0,0.0,зима,да,да
2018-01-02,0,148,-1.8,54,1.1,17720,-9.8,0.0,0.0,0.0,зима,нет,да
2018-01-02,1,108,-2.1,56,0.8,17320,-9.7,0.0,0.0,0.0,зима,нет,да
2018-01-02,2,69,-2.3,62,0.9,15600,-8.6,0.0,0.0,0.0,зима,нет,да
2018-01-02,3,41,-2.5,62,0.4,16260,-8.7,0.0,0.0,0.0,зима,нет,да
2018-01-02,4,31,-2.7,67,0.5,13020,-7.9,0.0,0.0,0.0,зима,нет,да
2018-01-02,5,58,-3.1,67,0.6,13840,-8.3,0.0,0.0,0.0,зима,нет,да
2018-01-02,6,139,-3.2,67,0.4,14090,-8.4,0.0,0.0,0.0,зима,нет,да
2018-01-02,7,344,-3.2,69,0.5,12490,-8.0,0.0,0.0,0.0,зима,нет,да
2018-01-02,8,655,-3.4,71,0.8,11790,-7.9,0.0,0.0,0.0,зима,нет,да
2018-01-02,9,315,-3.1,66,0.2,11680,-8.5,0.12,0.0,0.0,зима,нет,да
2018-01-02,10,208,-1.4,50,1.9,13550,-10.5,0.38,0.0,0.0,зима,нет,да
2018-01-02,11,269,-0.4,40,2.3,16330,-12.3,0.66,0.0,0.0,зима,нет,да
2018-01-02,12,293,0.9,29,1.9,17610,-15.1,0.88,0.0,0.0,зима,нет,да
2018-01-02,13,273,1.5,23,3.6,19700,-17.4,0.95,0.0,0.0,зима,нет,да
2018-01-02,14,302,1.7,20,4.4,19950,-18.9,0.91,0.0,0.0,зима,нет,да
2018-01-02,15,295,1.5,22,3.0,19980,-17.9,0.76,0.0,0.0,зима,нет,да
2018-01-02,16,320,1.3,23,2.9,20000,-17.6,0.51,0.0,0.0,зима,нет,да
2018-01-02,17,373,0.3,27,2.6,20000,-16.5,0.18,0.0,0.0,зима,нет,да
2018-01-02,18,675,-0.8,24,2.3,20000,-18.9,0.01,0.0,0.0,зима,нет,да
2018-01-02,19,403,-1.3,28,2.4,20000,-17.5,0.0,0.0,0.0,зима,нет,да
2018-01-02,20,364,-1.9,26,2.2,20000,-18.9,0.0,0.0,0.0,зима,нет,да
2018-01-02,21,304,-2.6,28,2.0,20000,-18.6,0.0,0.0,0.0,зима,нет,да
2018-01-02,22,273,-3.4,33,2.4,20000,-17.4,0.0,0.0,0.0,зима,нет,да
2018-01-02,23,186,-3.8,35,2.3,20000,-17.0,0.0,0.0,0.0,зима,нет,да
2018-01-03,0,160,-4.3,38,1.4,20000,-16.5,0.0,0.0,0.0,зима,нет,да
2018-01-03,1,130,-5.0,42,1.2,19930,-15.9,0.0,0.0,0.0,зима,нет,да
2018-01-03,2,110,-5.5,43,2.0,20000,-16.1,0.0,0.0,0.0,зима,нет,да
2018-01-03,3,67,-6.1,45,1.3,19990,-16.1,0.0,0.0,0.0,зима,нет,да
2018-01-03,4,43,-6.1,45,2.3,20000,-16.1,0.0,0.0,0.0,зима,нет,да
2018-01-03,5,67,-6.4,47,2.4,19810,-15.8,0.0,0.0,0.0,зима,нет,да
2018-01-03,6,137,-6.7,48,2.4,19910,-15.9,0.0,0.0,0.0,зима,нет,да
2018-01-03,7,308,-6.9,48,2.4,19740,-16.0,0.0,0.0,0.0,зима,нет,да
2018-01-03,8,670,-7.0,49,1.5,19710,-15.9,0.0,0.0,0.0,зима,нет,да
2018-01-03,9,342,-6.8,44,1.7,18580,-17.0,0.16,0.0,0.0,зима,нет,да
2018-01-03,10,213,-5.6,38,2.9,17520,-17.6,0.55,0.0,0.0,зима,нет,да
2018-01-03,11,267,-4.5,36,3.2,17360,-17.3,0.77,0.0,0.0,зима,нет,да
2018-01-03,12,297,-3.4,32,3.1,17060,-17.7,1.02,0.0,0.0,зима,нет,да
2018-01-03,13,279,-2.2,31,2.3,19100,-17.0,1.13,0.0,0.0,зима,нет,да
2018-01-03,14,270,-1.5,30,2.8,19030,-16.8,1.1,0.0,0.0,зима,нет,да
2018-01-03,15,286,-1.1,29,2.8,19760,-16.9,0.96,0.0,0.0,зима,нет,да
2018-01-03,16,299,-0.4,30,2.0,20000,-15.9,0.62,0.0,0.0,зима,нет,да
2018-01-03,17,382,-1.9,35,1.8,20000,-15.3,0.25,0.0,0.0,зима,нет,да
2018-01-03,18,637,-3.1,39,2.1,20000,-15.1,0.0,0.0,0.0,зима,нет,да
2018-01-03,19,431,-3.7,41,2.0,20000,-15.0,0.0,0.0,0.0,зима,нет,да
2018-01-03,20,294,-3.9,44,2.5,20000,-14.3,0.0,0.0,0.0,зима,нет,да
2018-01-03,21,335,-4.3,47,2.8,19970,-13.9,0.0,0.0,0.0,зима,нет,да
2018-01-03,22,291,-5.2,53,1.3,19690,-13.3,0.0,0.0,0.0,зима,нет,да
2018-01-03,23,197,-5.9,54,0.8,19680,-13.7,0.0,0.0,0.0,зима,нет,да
2018-01-04,0,159,-6.3,54,1.4,19900,-14.1,0.0,0.0,0.0,зима,нет,да
2018-01-04,1,150,-6.9,56,2.3,19940,-14.2,0.0,0.0,0.0,зима,нет,да
2018-01-04,2,123,-7.3,57,2.0,19780,-14.3,0.0,0.0,0.0,зима,нет,да
2018-01-04,3,57,-7.4,54,1.7,19680,-15.1,0.0,0.0,0.0,зима,нет,да
2018-01-04,4,38,-7.5,55,1.3,19840,-15.0,0.0,0.0,0.0,зима,нет,да
2018-01-04,5,66,-7.6,49,1.3,20000,-16.4,0.0,0.0,0.0,зима,нет,да
2018-01-04,6,120,-7.6,47,2.3,20000,-16.9,0.0,0.0,0.0,зима,нет,да
2018-01-04,7,302,-8.1,51,0.5,19870,-16.4,0.0,0.0,0.0,зима,нет,да
2018-01-04,8,646,-8.6,55,0.6,19840,-16.0,0.0,0.0,0.0,зима,нет,да
2018-01-04,9,340,-7.9,48,1.2,19260,-17.0,0.14,0.0,0.0,зима,нет,да
2018-01-04,10,197,-6.4,43,1.0,18720,-16.9,0.43,0.0,0.0,зима,нет,да
2018-01-04,11,264,-4.4,40,0.8,16710,-16.0,0.69,0.0,0.0,зима,нет,да
2018-01-04,12,290,-2.9,33,0.9,18130,-16.9,0.92,0.0,0.0,зима,нет,да
2018-01-04,13,284,-2.0,32,1.0,18640,-16.5,0.91,0.0,0.0,зима,нет,да
2018-01-04,14,262,-0.8,32,1.4,18460,-15.4,0.78,0.0,0.0,зима,нет,да
2018-01-04,15,281,-1.2,31,0.8,17320,-16.2,0.47,0.0,0.0,зима,нет,да
2018-01-04,16,309,-1.4,34,1.8,17190,-15.2,0.3,0.0,0.0,зима,нет,да
2018-01-04,17,397,-2.1,37,1.4,15910,-14.8,0.09,0.0,0.0,зима,нет,да
2018-01-04,18,603,-2.6,38,1.4,16040,-14.9,0.0,0.0,0.0,зима,нет,да
2018-01-04,19,417,-2.7,39,1.4,16160,-14.7,0.0,0.0,0.0,зима,нет,да
2018-01-04,20,311,-2.8,39,1.7,17020,-14.8,0.0,0.0,0.0,зима,нет,да
2018-01-04,21,310,-3.1,41,2.0,17420,-14.5,0.0,0.0,0.0,зима,нет,да
2018-01-04,22,306,-3.6,46,1.3,16890,-13.5,0.0,0.0,0.0,зима,нет,да
2018-01-04,23,221,-4.0,48,1.5,15360,-13.4,0.0,0.0,0.0,зима,нет,да
2018-01-05,0,202,-4.7,52,1.8,16110,-13.0,0.0,0.0,0.0,зима,нет,да
2018-01-05,1,170,-5.1,51,1.5,15500,-13.6,0.0,0.0,0.0,зима,нет,да
2018-01-05,2,118,-5.3,52,1.6,14810,-13.6,0.0,0.0,0.0,зима,нет,да
2018-01-05,3,67,-5.5,56,1.1,14530,-12.9,0.0,0.0,0.0,зима,нет,да
2018-01-05,4,47,-5.1,55,1.7,12660,-12.7,0.0,0.0,0.0,зима,нет,да
2018-01-05,5,75,-5.1,55,1.5,14520,-12.7,0.0,0.0,0.0,зима,нет,да
2018-01-05,6,123,-5.1,54,1.3,13460,-12.9,0.0,0.0,0.0,зима,нет,да
2018-01-05,7,327,-5.3,53,1.1,13000,-13.4,0.0,0.0,0.0,зима,нет,да
2018-01-05,8,665,-5.3,51,1.0,13190,-13.8,0.0,0.0,0.0,зима,нет,да
2018-01-05,9,354,-4.7,49,1.2,15500,-13.8,0.12,0.0,0.0,зима,нет,да
2018-01-05,10,232,-3.3,50,1.3,14070,-12.2,0.4,0.0,0.0,зима,нет,да
2018-01-05,11,308,-0.7,45,1.5,14290,-11.1,0.76,0.0,0.0,зима,нет,да
2018-01-05,12,362,-0.3,45,2.2,10660,-10.8,1.01,0.0,0.0,зима,нет,да
2018-01-05,13,312,0.9,43,2.0,11120,-10.2,0.98,0.0,0.0,зима,нет,да
2018-01-05,14,343,1.4,41,2.0,10030,-10.4,0.99,0.0,0.0,зима,нет,да
2018-01-05,15,333,1.5,34,2.8,17760,-12.6,0.84,0.0,0.0,зима,нет,да
2018-01-05,16,329,1.0,34,2.9,20000,-13.1,0.61,0.0,0.0,зима,нет,да
2018-01-05,17,446,-0.6,45,3.3,18270,-11.0,0.24,0.0,0.0,зима,нет,да
2018-01-05,18,635,-1.8,44,2.2,17090,-12.4,0.01,0.0,0.0,зима,нет,да
2018-01-05,19,443,-2.5,49,0.6,14360,-11.7,0.0,0.0,0.0,зима,нет,да
2018-01-05,20,322,-3.4,51,1.1,13910,-12.1,0.0,0.0,0.0,зима,нет,да
2018-01-05,21,284,-3.5,53,0.9,13530,-11.7,0.0,0.0,0.0,зима,нет,да
2018-01-05,22,281,-3.8,53,1.3,13000,-12.0,0.0,0.0,0.0,зима,нет,да
2018-01-05,23,189,-3.6,50,1.9,12840,-12.5,0.0,0.0,0.0,зима,нет,да
2018-01-06,0,184,-4.3,52,1.6,12470,-12.7,0.0,0.0,0.0,зима,нет,да
2018-01-06,1,222,-4.8,54,1.2,12190,-12.7,0.0,0.0,0.0,зима,нет,да
2018-01-06,2,176,-5.5,56,1.4,12850,-12.9,0.0,0.0,0.0,зима,нет,да
2018-01-06,3,103,-5.6,56,1.0,13670,-13.0,0.0,0.0,0.0,зима,нет,да
2018-01-06,4,61,-5.9,61,1.1,12600,-12.2,0.0,0.0,0.0,зима,нет,да
2018-01-06,5,48,-6.1,64,1.0,12310,-11.8,0.0,0.0,0.0,зима,нет,да
2018-01-06,6,69,-6.5,67,0.7,11750,-11.6,0.0,0.0,0.0,зима,нет,да
2018-01-06,7,105,-6.6,65,1.0,13200,-12.0,0.0,0.0,0.0,зима,нет,да
2018-01-06,8,186,-6.5,62,1.1,15030,-12.5,0.0,0.0,0.0,зима,нет,да
2018-01-06,9,221,-5.8,49,1.4,17280,-14.8,0.16,0.0,0.0,зима,нет,да
2018-01-06,10,204,-3.5,39,2.0,19460,-15.4,0.54,0.0,0.0,зима,нет,да
2018-01-06,11,245,-1.6,35,2.1,18120,-15.1,0.87,0.0,0.0,зима,нет,да
2018-01-06,12,283,0.0,35,2.3,16720,-13.6,1.07,0.0,0.0,зима,нет,да
2018-01-06,13,356,0.9,28,2.4,18950,-15.6,1.18,0.0,0.0,зима,нет,да
2018-01-06,14,370,1.8,29,2.0,16930,-14.3,1.14,0.0,0.0,зима,нет,да
2018-01-06,15,373,2.3,27,2.2,18770,-14.8,0.92,0.0,0.0,зима,нет,да
2018-01-06,16,352,2.7,27,2.2,18110,-14.4,0.64,0.0,0.0,зима,нет,да
2018-01-06,17,354,1.1,31,1.7,19890,-14.1,0.26,0.0,0.0,зима,нет,да
2018-01-06,18,271,-0.6,37,1.6,17970,-13.5,0.01,0.0,0.0,зима,нет,да
2018-01-06,19,207,-1.2,37,1.2,16630,-14.0,0.0,0.0,0.0,зима,нет,да
2018-01-06,20,189,-2.1,41,1.1,15780,-13.6,0.0,0.0,0.0,зима,нет,да
2018-01-06,21,214,-2.5,47,0.8,14950,-12.2,0.0,0.0,0.0,зима,нет,да
2018-01-06,22,218,-2.6,47,1.6,14920,-12.3,0.0,0.0,0.0,зима,нет,да
2018-01-06,23,169,-3.2,50,0.8,14290,-12.1,0.0,0.0,0.0,зима,нет,да
2018-01-07,0,192,-3.8,48,0.7,15740,-13.2,0.0,0.0,0.0,зима,нет,да
2018-01-07,1,162,-3.9,51,0.2,15350,-12.5,0.0,0.0,0.0,зима,нет,да
2018-01-07,2,128,-4.4,53,0.3,15940,-12.5,0.0,0.0,0.0,зима,нет,да
2018-01-07,3,102,-4.8,56,0.6,15050,-12.2,0.0,0.0,0.0,зима,нет,да
2018-01-07,4,62,-5.1,60,0.7,13770,-11.6,0.0,0.0,0.0,зима,нет,да
2018-01-07,5,40,-5.6,58,0.7,13500,-12.5,0.0,0.0,0.0,зима,нет,да
2018-01-07,6,38,-5.5,52,0.7,15030,-13.8,0.0,0.0,0.0,зима,нет,да
2018-01-07,7,60,-5.6,58,0.9,13680,-12.5,0.0,0.0,0.0,зима,нет,да
2018-01-07,8,122,-5.3,53,1.1,14110,-13.4,0.0,0.0,0.0,зима,нет,да
2018-01-07,9,143,-3.8,49,1.6,13710,-12.9,0.18,0.0,0.0,зима,нет,да
2018-01-07,10,179,-1.8,40,1.8,15550,-13.6,0.48,0.0,0.0,зима,нет,да
2018-01-07,11,214,0.5,35,1.4,15580,-13.2,0.75,0.0,0.0,зима,нет,да
2018-01-07,12,278,1.1,34,0.9,14550,-13.0,0.6,0.0,0.0,зима,нет,да
2018-01-07,13,265,1.4,34,0.8,13940,-12.7,0.5,0.0,0.0,зима,нет,да
2018-01-07,14,331,1.9,32,0.7,13680,-13.0,0.41,0.0,0.0,зима,нет,да
2018-01-07,15,368,2.7,31,0.9,16030,-12.7,0.43,0.0,0.0,зима,нет,да
2018-01-07,16,333,2.6,32,1.0,13810,-12.4,0.27,0.0,0.0,зима,нет,да
2018-01-07,17,349,2.3,33,0.2,15150,-12.3,0.13,0.0,0.0,зима,нет,да
2018-01-07,18,270,1.8,34,1.2,15180,-12.4,0.0,0.0,0.0,зима,нет,да
2018-01-07,19,246,1.6,35,1.0,14190,-12.2,0.0,0.0,0.0,зима,нет,да
2018-01-07,20,233,1.3,38,0.4,13860,-11.4,0.0,0.0,0.0,зима,нет,да
2018-01-07,21,236,1.2,39,0.6,13780,-11.2,0.0,0.0,0.0,зима,нет,да
2018-01-07,22,214,1.1,40,0.5,13050,-11.0,0.0,0.0,0.0,зима,нет,да
2018-01-07,23,149,1.1,39,0.6,14220,-11.3,0.0,0.0,0.0,зима,нет,да
2018-01-08,0,149,0.9,42,1.1,12710,-10.5,0.0,0.0,0.0,зима,нет,да
2018-01-08,1,109,0.9,42,0.2,13330,-10.5,0.0,0.0,0.0,зима,нет,да
2018-01-08,2,77,0.8,42,0.5,12750,-10.6,0.0,0.0,0.0,зима,нет,да
2018-01-08,3,53,0.9,43,0.4,12610,-10.2,0.0,0.0,0.0,зима,нет,да
2018-01-08,4,46,1.0,43,0.8,12530,-10.2,0.0,0.0,0.0,зима,нет,да
2018-01-08,5,67,0.8,42,1.0,13940,-10.6,0.0,0.0,0.0,зима,нет,да
2018-01-08,6,159,0.8,45,0.7,12680,-9.8,0.0,0.0,0.0,зима,нет,да
2018-01-08,7,374,0.7,44,0.8,13570,-10.1,0.0,0.0,0.0,зима,нет,да
2018-01-08,8,701,0.7,45,0.7,13390,-9.9,0.0,0.0,0.0,зима,нет,да
2018-01-08,9,387,0.8,47,0.9,10700,-9.2,0.05,0.0,0.0,зима,нет,да
2018-01-08,10,253,1.3,43,0.8,9710,-9.9,0.16,0.0,0.0,зима,нет,да
2018-01-08,11,278,1.7,37,0.6,10620,-11.4,0.23,0.0,0.0,зима,нет,да
2018-01-08,12,356,2.7,33,2.7,12810,-12.0,0.6,0.0,0.0,зима,нет,да
2018-01-08,13,303,3.0,32,1.6,15180,-12.1,0.38,0.0,0.0,зима,нет,да
2018-01-08,14,349,3.4,31,1.4,12670,-12.1,0.36,0.0,0.0,зима,нет,да
2018-01-08,15,318,3.9,33,1.8,12930,-10.9,0.39,0.0,0.0,зима,нет,да
2018-01-08,16,353,3.5,36,1.7,17020,-10.2,0.16,0.0,0.0,зима,нет,да
2018-01-08,17,385,2.7,50,2.8,19570,-6.7,0.06,0.0,0.0,зима,нет,да
2018-01-08,18,316,1.5,70,2.5,6380,-3.3,0.0,0.0,0.0,зима,нет,да
2018-01-08,19,127,0.9,88,1.6,2900,-0.8,0.0,0.0,0.5,зима,нет,да
2018-01-08,20,144,1.0,89,1.9,4070,-0.6,0.0,0.0,1.0,зима,нет,да
2018-01-08,21,146,0.7,77,6.7,6920,-2.8,0.0,0.9,1.0,зима,нет,да
2018-01-08,22,149,0.1,68,4.6,7400,-5.1,0.0,0.0,1.0,зима,нет,да
2018-01-08,23,112,-0.6,62,4.2,9360,-6.9,0.0,0.0,1.0,зима,нет,да
2018-01-09,0,100,-1.2,67,4.6,9830,-6.5,0.0,0.0,1.0,зима,нет,да
2018-01-09,1,107,-1.9,69,5.0,7910,-6.8,0.0,0.0,1.0,зима,нет,да
2018-01-09,2,75,-2.9,66,3.3,15150,-8.3,0.0,0.0,1.0,зима,нет,да
2018-01-09,3,52,-3.4,67,3.2,14200,-8.6,0.0,0.0,0.9,зима,нет,да
2018-01-09,4,38,-4.3,59,4.4,14510,-11.1,0.0,0.0,0.9,зима,нет,да
2018-01-09,5,52,-5.1,48,3.2,18210,-14.4,0.0,0.0,0.9,зима,нет,да
2018-01-09,6,126,-5.6,52,3.7,17850,-13.9,0.0,0.0,0.9,зима,нет,да
2018-01-09,7,245,-5.9,57,3.1,16860,-13.0,0.0,0.0,0.8,зима,нет,да
2018-01-09,8,554,-6.0,64,3.2,13840,-11.7,0.0,0.0,0.7,зима,нет,да
2018-01-09,9,320,-6.0,61,2.5,15470,-12.3,0.13,0.0,0.6,зима,нет,да
2018-01-09,10,190,-4.8,57,3.0,15590,-12.0,0.47,0.0,0.5,зима,нет,да
2018-01-09,11,247,-3.9,51,4.5,17460,-12.5,0.73,0.0,0.5,зима,нет,да
2018-01-09,12,262,-2.7,45,2.4,17070,-13.0,1.05,0.0,0.4,зима,нет,да
2018-01-09,13,265,-2.6,45,4.0,16630,-12.9,1.11,0.0,0.3,зима,нет,да
2018-01-09,14,265,-1.8,45,3.7,19220,-12.1,1.06,0.0,0.2,зима,нет,да
2018-01-09,15,257,-2.4,51,4.6,14580,-11.1,0.46,0.0,0.0,зима,нет,да
2018-01-09,16,262,-2.4,56,3.3,15410,-9.9,0.35,0.0,0.0,зима,нет,да
2018-01-09,17,332,-2.9,66,3.6,7430,-8.3,0.23,0.0,0.0,зима,нет,да
2018-01-09,18,558,-3.8,58,1.7,19960,-10.8,0.01,0.0,0.0,зима,нет,да
2018-01-09,19,364,-4.5,57,0.6,20000,-11.7,0.0,0.0,0.0,зима,нет,да
2018-01-09,20,302,-4.9,59,0.6,19920,-11.6,0.0,0.0,0.0,зима,нет,да
2018-01-09,21,281,-4.8,59,0.9,20000,-11.6,0.0,0.0,0.0,зима,нет,да
2018-01-09,22,166,-4.2,67,1.6,5030,-9.4,0.0,0.0,0.0,зима,нет,да
2018-01-09,23,80,-4.9,80,0.7,6900,-7.8,0.0,0.0,0.2,зима,нет,да
2018-01-10,0,61,-5.2,82,0.8,1520,-7.7,0.0,0.5,0.5,зима,нет,да
2018-01-10,1,78,-5.6,75,1.7,19820,-9.3,0.0,0.0,0.8,зима,нет,да
2018-01-10,2,63,-5.7,72,1.2,19250,-9.9,0.0,0.0,0.8,зима,нет,да
2018-01-10,3,40,-6.1,70,1.1,20000,-10.6,0.0,0.3,0.8,зима,нет,да
2018-01-10,4,31,-6.6,72,2.2,20000,-10.8,0.0,0.0,0.8,зима,нет,да
2018-01-10,5,39,-7.3,75,1.6,20000,-10.9,0.0,0.0,0.8,зима,нет,да
2018-01-10,6,84,-7.7,74,1.1,20000,-11.5,0.0,0.0,0.8,зима,нет,да
2018-01-10,7,158,-8.0,70,1.8,20000,-12.5,0.0,0.0,0.7,зима,нет,да
2018-01-10,8,387,-7.9,67,2.6,18960,-12.9,0.0,0.0,0.7,зима,нет,да
2018-01-10,9,225,-7.7,62,3.6,16370,-13.7,0.13,0.0,0.7,зима,нет,да
2018-01-10,10,150,-6.9,53,3.2,15760,-14.8,0.52,0.0,0.6,зима,нет,да
2018-01-10,11,168,-6.4,49,4.5,17590,-15.3,0.86,0.0,0.5,зима,нет,да
2018-01-10,12,217,-5.6,44,4.5,18300,-15.9,1.1,0.0,0.5,зима,нет,да
2018-01-10,13,207,-5.1,43,4.7,19010,-15.7,1.18,0.0,0.4,зима,нет,да
2018-01-10,14,177,-5.3,37,5.3,20000,-17.7,1.05,0.0,0.3,зима,нет,да
2018-01-10,15,193,-5.3,33,4.8,20000,-19.0,0.99,0.0,0.3,зима,нет,да
2018-01-10,16,196,-5.4,30,3.9,20000,-20.2,0.69,0.0,0.2,зима,нет,да
2018-01-10,17,266,-6.5,34,4.0,20000,-19.8,0.31,0.0,0.0,зима,нет,да
2018-01-10,18,437,-7.8,32,4.5,20000,-21.6,0.02,0.0,0.0,зима,нет,да
2018-01-10,19,259,-8.5,35,2.9,20000,-21.2,0.0,0.0,0.0,зима,нет,да
2018-01-10,20,207,-8.9,41,2.3,20000,-19.7,0.0,0.0,0.0,зима,нет,да
2018-01-10,21,214,-9.4,47,2.0,20000,-18.6,0.0,0.0,0.0,зима,нет,да
2018-01-10,22,165,-9.7,51,2.8,20000,-17.9,0.0,0.0,0.0,зима,нет,да
2018-01-10,23,139,-10.2,53,3.3,19970,-17.9,0.0,0.0,0.0,зима,нет,да
2018-01-11,0,98,-10.3,54,2.4,19880,-17.8,0.0,0.0,0.0,зима,нет,да
2018-01-11,1,100,-10.6,55,2.9,19870,-17.9,0.0,0.0,0.0,зима,нет,да
2018-01-11,2,89,-10.9,57,2.7,19000,-17.7,0.0,0.0,0.0,зима,нет,да
2018-01-11,3,38,-11.2,59,2.9,18720,-17.6,0.0,0.0,0.0,зима,нет,да
2018-01-11,4,33,-11.5,57,2.3,18990,-18.3,0.0,0.0,0.0,зима,нет,да
2018-01-11,5,42,-11.9,61,1.8,17590,-17.9,0.0,0.0,0.0,зима,нет,да
2018-01-11,6,82,-12.0,61,2.3,17090,-18.0,0.0,0.0,0.0,зима,нет,да
2018-01-11,7,203,-12.3,59,2.3,17380,-18.6,0.0,0.0,0.0,зима,нет,да
2018-01-11,8,443,-12.6,61,1.6,16100,-18.5,0.0,0.0,0.0,зима,нет,да
2018-01-11,9,227,-12.0,53,2.6,17810,-19.6,0.16,0.0,0.0,зима,нет,да
2018-01-11,10,152,-11.1,46,3.7,16380,-20.4,0.48,0.0,0.0,зима,нет,да
2018-01-11,11,146,-10.2,41,3.5,16290,-20.9,0.84,0.0,0.0,зима,нет,да
2018-01-11,12,187,-8.6,40,2.6,17000,-19.8,1.11,0.0,0.0,зима,нет,да
2018-01-11,13,178,-8.6,41,3.4,15930,-19.5,1.2,0.0,0.0,зима,нет,да
2018-01-11,14,187,-7.4,38,3.3,17180,-19.3,1.15,0.0,0.0,зима,нет,да
2018-01-11,15,181,-8.3,42,3.8,17450,-18.9,0.93,0.0,0.0,зима,нет,да
2018-01-11,16,179,-8.2,39,2.8,18070,-19.7,0.63,0.0,0.0,зима,нет,да
2018-01-11,17,219,-9.3,43,2.8,19000,-19.6,0.28,0.0,0.0,зима,нет,да
2018-01-11,18,352,-10.4,43,2.3,19850,-20.6,0.02,0.0,0.0,зима,нет,да
2018-01-11,19,251,-10.9,44,3.0,20000,-20.7,0.0,0.0,0.0,зима,нет,да
2018-01-11,20,177,-11.6,49,1.8,19530,-20.1,0.0,0.0,0.0,зима,нет,да
2018-01-11,21,162,-12.4,51,2.2,19920,-20.4,0.0,0.0,0.0,зима,нет,да
2018-01-11,22,172,-12.9,52,2.8,20000,-20.7,0.0,0.0,0.0,зима,нет,да
2018-01-11,23,119,-13.2,51,1.5,19720,-21.2,0.0,0.0,0.0,зима,нет,да
2018-01-12,0,105,-13.6,49,1.6,20000,-22.0,0.0,0.0,0.0,зима,нет,да
2018-01-12,1,99,-13.7,47,3.0,20000,-22.6,0.0,0.0,0.0,зима,нет,да
2018-01-12,2,83,-13.8,43,2.6,20000,-23.7,0.0,0.0,0.0,зима,нет,да
2018-01-12,3,42,-14.1,45,1.8,20000,-23.4,0.0,0.0,0.0,зима,нет,да
2018-01-12,4,30,-14.3,45,2.0,20000,-23.6,0.0,0.0,0.0,зима,нет,да
2018-01-12,5,35,-14.6,45,1.1,20000,-23.9,0.0,0.0,0.0,зима,нет,да
2018-01-12,6,92,-14.9,45,2.3,20000,-24.2,0.0,0.0,0.0,зима,нет,да
2018-01-12,7,189,-15.1,45,0.9,20000,-24.4,0.0,0.0,0.0,зима,нет,да
2018-01-12,8,419,-15.1,44,1.2,20000,-24.6,0.0,0.0,0.0,зима,нет,да
2018-01-12,9,196,-14.9,40,1.2,19990,-25.5,0.16,0.0,0.0,зима,нет,да
2018-01-12,10,119,-13.0,37,2.2,19600,-24.6,0.59,0.0,0.0,зима,нет,да
2018-01-12,11,140,-11.2,31,2.4,19440,-25.0,0.94,0.0,0.0,зима,нет,да
2018-01-12,12,178,-9.6,27,2.0,19450,-25.1,1.17,0.0,0.0,зима,нет,да
2018-01-12,13,177,-8.2,29,2.0,19200,-23.1,1.19,0.0,0.0,зима,нет,да
2018-01-12,14,173,-7.2,28,2.3,19900,-22.6,1.14,0.0,0.0,зима,нет,да
2018-01-12,15,177,-6.5,26,2.4,19870,-22.8,0.96,0.0,0.0,зима,нет,да
2018-01-12,16,196,-5.8,21,1.1,20000,-24.6,0.66,0.0,0.0,зима,нет,да
2018-01-12,17,259,-6.5,22,1.5,20000,-24.7,0.28,0.0,0.0,зима,нет,да
2018-01-12,18,405,-7.5,28,2.0,20000,-22.9,0.02,0.0,0.0,зима,нет,да
2018-01-12,19,273,-8.2,32,1.1,20000,-22.0,0.0,0.0,0.0,зима,нет,да
2018-01-12,20,210,-7.9,31,1.4,20000,-22.1,0.0,0.0,0.0,зима,нет,да
2018-01-12,21,184,-7.4,33,1.4,20000,-20.9,0.0,0.0,0.0,зима,нет,да
2018-01-12,22,186,-6.9,39,1.6,20000,-18.5,0.0,0.0,0.0,зима,нет,да
2018-01-12,23,144,-6.7,36,1.3,18210,-19.3,0.0,0.0,0.0,зима,нет,да
2018-01-13,0,152,-6.6,39,1.6,19300,-18.2,0.0,0.0,0.0,зима,нет,да
2018-01-13,1,168,-6.5,45,0.5,19640,-16.4,0.0,0.0,0.0,зима,нет,да
2018-01-13,2,145,-6.4,40,0.9,20000,-17.8,0.0,0.0,0.0,зима,нет,да
2018-01-13,3,77,-6.5,42,0.7,19960,-17.3,0.0,0.0,0.0,зима,нет,да
2018-01-13,4,47,-6.4,46,0.8,19930,-16.1,0.0,0.0,0.0,зима,нет,да
2018-01-13,5,40,-6.3,51,0.8,20000,-14.8,0.0,0.0,0.0,зима,нет,да
2018-01-13,6,42,-6.4,59,0.6,8870,-13.1,0.0,0.0,0.0,зима,нет,да
2018-01-13,7,43,-6.5,68,0.6,5710,-11.4,0.0,0.0,0.0,зима,нет,да
2018-01-13,8,67,-6.5,72,0.8,6700,-10.7,0.0,0.0,0.2,зима,нет,да
2018-01-13,9,102,-6.3,76,0.6,3300,-9.8,0.05,0.2,0.4,зима,нет,да
2018-01-13,10,106,-5.5,72,0.7,13540,-9.7,0.29,0.0,0.6,зима,нет,да
2018-01-13,11,133,-4.8,70,1.0,12440,-9.4,0.21,0.0,0.6,зима,нет,да
2018-01-13,12,174,-3.7,66,1.1,11400,-9.1,0.45,0.2,0.4,зима,нет,да
2018-01-13,13,212,-2.5,62,1.4,10870,-8.7,0.66,0.0,0.0,зима,нет,да
2018-01-13,14,215,-1.8,62,0.7,9360,-8.1,0.55,0.0,0.0,зима,нет,да
2018-01-13,15,251,-1.5,62,0.9,9570,-7.8,0.28,0.0,0.0,зима,нет,да
2018-01-13,16,249,-1.2,63,0.9,8760,-7.3,0.19,0.0,0.0,зима,нет,да
2018-01-13,17,277,-1.4,68,1.0,7610,-6.5,0.11,0.0,0.0,зима,нет,да
2018-01-13,18,223,-2.6,73,1.0,6840,-6.7,0.01,0.0,0.0,зима,нет,да
2018-01-13,19,167,-3.3,76,0.8,6330,-6.9,0.0,0.0,0.0,зима,нет,да
2018-01-13,20,158,-3.9,78,1.1,5960,-7.1,0.0,0.0,0.0,зима,нет,да
2018-01-13,21,156,-4.1,79,0.7,5220,-7.2,0.0,0.0,0.0,зима,нет,да
2018-01-13,22,168,-4.3,81,0.4,4350,-7.0,0.0,0.0,0.0,зима,нет,да
2018-01-13,23,131,-4.4,81,0.7,4200,-7.1,0.0,0.0,0.0,зима,нет,да
2018-01-14,0,149,-4.4,81,0.7,4140,-7.1,0.0,0.0,0.0,зима,нет,да
2018-01-14,1,150,-3.7,79,0.9,4380,-6.8,0.0,0.0,0.0,зима,нет,да
2018-01-14,2,111,-3.5,78,1.0,4440,-6.7,0.0,0.0,0.0,зима,нет,да
2018-01-14,3,79,-3.6,78,1.6,4710,-6.8,0.0,0.0,0.0,зима,нет,да
2018-01-14,4,48,-4.0,79,1.2,4530,-7.1,0.0,0.0,0.0,зима,нет,да
2018-01-14,5,29,-4.2,79,1.2,4420,-7.3,0.0,0.0,0.0,зима,нет,да
2018-01-14,6,49,-4.3,79,1.1,4330,-7.4,0.0,0.0,0.0,зима,нет,да
2018-01-14,7,59,-4.4,80,1.4,4110,-7.3,0.0,0.0,0.0,зима,нет,да
2018-01-14,8,81,-3.8,79,0.8,4120,-6.9,0.0,0.0,0.0,зима,нет,да
2018-01-14,9,118,-3.4,77,1.6,4320,-6.8,0.12,0.0,0.0,зима,нет,да
2018-01-14,10,134,-2.1,72,1.7,4890,-6.4,0.34,0.0,0.0,зима,нет,да
2018-01-14,11,174,-0.5,64,0.7,5370,-6.4,0.49,0.0,0.0,зима,нет,да
2018-01-14,12,226,1.2,58,0.8,5500,-6.1,0.74,0.0,0.0,зима,нет,да
2018-01-14,13,272,3.0,52,1.4,5680,-5.9,0.9,0.0,0.0,зима,нет,да
2018-01-14,14,304,3.7,53,0.6,5920,-5.0,0.74,0.0,0.0,зима,нет,да
2018-01-14,15,353,4.6,50,0.9,8240,-4.9,0.62,0.0,0.0,зима,нет,да
2018-01-14,16,366,5.3,49,1.8,9820,-4.5,0.43,0.0,0.0,зима,нет,да
2018-01-14,17,302,4.5,51,1.1,12440,-4.7,0.17,0.0,0.0,зима,нет,да
2018-01-14,18,250,4.1,53,1.3,11320,-4.6,0.0,0.0,0.0,зима,нет,да
2018-01-14,19,208,3.9,54,1.1,11020,-4.5,0.0,0.0,0.0,зима,нет,да
2018-01-14,20,210,3.5,55,1.0,11000,-4.7,0.0,0.0,0.0,зима,нет,да
2018-01-14,21,213,3.1,58,0.4,9360,-4.3,0.0,0.0,0.0,зима,нет,да
2018-01-14,22,196,2.8,60,0.6,8290,-4.2,0.0,0.0,0.0,зима,нет,да
2018-01-14,23,144,2.7,60,0.6,7940,-4.3,0.0,0.0,0.0,зима,нет,да
2018-01-15,0,171,3.0,60,0.5,8420,-4.0,0.0,0.0,0.0,зима,нет,да
2018-01-15,1,122,3.0,62,0.9,8350,-3.5,0.0,0.0,0.0,зима,нет,да
2018-01-15,2,74,3.6,65,0.9,9590,-2.3,0.0,0.0,0.0,зима,нет,да
2018-01-15,3,58,4.4,70,1.7,9280,-0.6,0.0,0.0,0.0,зима,нет,да
2018-01-15,4,38,4.9,73,1.8,8810,0.4,0.0,0.0,0.0,зима,нет,да
2018-01-15,5,55,5.0,76,1.9,8080,1.1,0.0,0.0,0.0,зима,нет,да
2018-01-15,6,82,4.9,83,3.0,5820,2.2,0.0,0.0,0.0,зима,нет,да
2018-01-15,7,209,4.4,87,1.0,3570,2.4,0.0,0.0,0.0,зима,нет,да
2018-01-15,8,444,4.1,85,1.1,4700,1.7,0.0,0.0,0.0,зима,нет,да
2018-01-15,9,303,3.9,86,1.7,3990,1.7,0.11,0.2,0.0,зима,нет,да
2018-01-15,10,212,4.2,82,2.2,5600,1.3,0.22,0.0,0.0,зима,нет,да
2018-01-15,11,254,4.7,75,2.3,5330,0.6,0.54,0.0,0.0,зима,нет,да
2018-01-15,12,311,6.2,64,1.9,5490,-0.1,0.79,0.0,0.0,зима,нет,да
2018-01-15,13,309,6.1,61,2.3,5340,-0.8,0.91,0.0,0.0,зима,нет,да
2018-01-15,14,306,7.1,52,2.1,6460,-2.1,0.76,0.0,0.0,зима,нет,да
2018-01-15,15,349,7.4,38,1.7,8170,-6.0,0.63,0.0,0.0,зима,нет,да
2018-01-15,16,365,7.5,37,0.9,8130,-6.2,0.48,0.0,0.0,зима,нет,да
2018-01-15,17,455,6.5,40,0.8,8040,-6.1,0.23,0.0,0.0,зима,нет,да
2018-01-15,18,555,5.2,44,1.3,6470,-6.0,0.0,0.0,0.0,зима,нет,да
2018-01-15,19,444,4.4,53,1.2,5380,-4.3,0.0,0.0,0.0,зима,нет,да
2018-01-15,20,321,3.7,58,1.3,4740,-3.8,0.0,0.0,0.0,зима,нет,да
2018-01-15,21,334,3.4,59,0.8,4710,-3.8,0.0,0.0,0.0,зима,нет,да
2018-01-15,22,333,3.0,61,1.6,4600,-3.8,0.0,0.0,0.0,зима,нет,да
2018-01-15,23,230,2.4,63,0.6,4430,-3.9,0.0,0.0,0.0,зима,нет,да
2018-01-16,0,212,1.8,67,1.2,3870,-3.6,0.0,0.0,0.0,зима,нет,да
2018-01-16,1,207,1.2,64,0.7,4550,-4.8,0.0,0.0,0.0,зима,нет,да
2018-01-16,2,141,0.5,72,0.7,3850,-3.9,0.0,0.0,0.0,зима,нет,да
2018-01-16,3,81,0.3,70,0.6,4380,-4.5,0.0,0.0,0.0,зима,нет,да
2018-01-16,4,51,0.8,65,0.7,5020,-5.0,0.0,0.0,0.0,зима,нет,да
2018-01-16,5,58,1.1,64,0.5,5050,-4.9,0.0,0.0,0.0,зима,нет,да
2018-01-16,6,140,1.2,69,0.6,4360,-3.8,0.0,0.0,0.0,зима,нет,да
2018-01-16,7,318,1.1,69,0.6,4180,-3.9,0.0,0.0,0.0,зима,нет,да
2018-01-16,8,650,1.2,68,0.6,4110,-4.0,0.0,0.0,0.0,зима,нет,да
2018-01-16,9,376,1.9,65,0.8,4020,-3.9,0.06,0.0,0.0,зима,нет,да
2018-01-16,10,221,2.7,60,0.5,3920,-4.3,0.18,0.0,0.0,зима,нет,да
2018-01-16,11,256,3.9,57,0.8,3630,-3.8,0.28,0.0,0.0,зима,нет,да
2018-01-16,12,276,5.2,52,1.2,3490,-3.8,0.45,0.0,0.0,зима,нет,да
2018-01-16,13,296,5.8,47,0.8,3820,-4.6,0.53,0.0,0.0,зима,нет,да
2018-01-16,14,276,6.5,43,0.8,4680,-5.2,0.52,0.0,0.0,зима,нет,да
2018-01-16,15,250,6.3,40,0.3,4980,-6.3,0.19,0.0,0.0,зима,нет,да
2018-01-16,16,277,5.8,50,0.9,5470,-3.8,0.11,0.0,0.0,зима,нет,да
2018-01-16,17,381,5.2,58,0.8,4620,-2.4,0.08,0.0,0.0,зима,нет,да
2018-01-16,18,592,4.9,59,1.4,4270,-2.4,0.0,0.0,0.0,зима,нет,да
2018-01-16,19,409,4.6,57,1.0,4320,-3.2,0.0,0.0,0.0,зима,нет,да
2018-01-16,20,332,4.5,58,0.8,3830,-3.0,0.0,0.0,0.0,зима,нет,да
2018-01-16,21,342,4.3,56,0.7,4340,-3.7,0.0,0.0,0.0,зима,нет,да
2018-01-16,22,321,4.0,57,0.3,4300,-3.7,0.0,0.0,0.0,зима,нет,да
2018-01-16,23,242,3.9,60,0.9,3790,-3.1,0.0,0.0,0.0,зима,нет,да
2018-01-17,0,204,3.5,62,0.4,3820,-3.1,0.0,0.0,0.0,зима,нет,да
2018-01-17,1,183,3.3,64,0.4,3390,-2.8,0.0,0.0,0.0,зима,нет,да
2018-01-17,2,140,3.1,65,0.8,3100,-2.8,0.0,0.0,0.0,зима,нет,да
2018-01-17,3,75,3.0,67,0.8,2970,-2.5,0.0,0.0,0.0,зима,нет,да
2018-01-17,4,55,3.0,68,0.5,3220,-2.3,0.0,0.0,0.0,зима,нет,да
2018-01-17,5,72,2.9,66,0.8,3250,-2.8,0.0,0.0,0.0,зима,нет,да
2018-01-17,6,115,2.7,71,1.1,2700,-2.0,0.0,0.0,0.0,зима,нет,да
2018-01-17,7,272,2.5,71,0.9,2890,-2.2,0.0,0.0,0.0,зима,нет,да
2018-01-17,8,537,2.6,70,0.6,2960,-2.3,0.0,0.0,0.0,зима,нет,да
2018-01-17,9,337,3.0,66,0.7,3060,-2.7,0.12,0.0,0.0,зима,нет,да
2018-01-17,10,212,4.3,58,0.5,4010,-3.2,0.23,0.0,0.0,зима,нет,да
2018-01-17,11,270,6.0,51,1.0,4360,-3.3,0.55,0.0,0.0,зима,нет,да
2018-01-17,12,310,8.1,51,1.4,3670,-1.4,0.75,0.0,0.0,зима,нет,да
2018-01-17,13,273,8.0,54,1.8,4350,-0.7,0.57,0.0,0.0,зима,нет,да
2018-01-17,14,258,7.7,54,2.6,3130,-1.0,0.58,0.0,0.0,зима,нет,да
2018-01-17,15,278,8.5,49,1.3,4000,-1.6,0.73,0.0,0.0,зима,нет,да
2018-01-17,16,314,8.3,54,1.2,3300,-0.4,0.44,0.0,0.0,зима,нет,да
2018-01-17,17,380,7.2,57,3.3,3420,-0.7,0.19,0.0,0.0,зима,нет,да
2018-01-17,18,501,5.2,62,2.9,5030,-1.5,0.01,0.0,0.0,зима,нет,да
2018-01-17,19,360,4.2,68,2.4,4460,-1.1,0.0,0.0,0.0,зима,нет,да
2018-01-17,20,286,3.5,72,1.7,3610,-1.0,0.0,0.0,0.0,зима,нет,да
2018-01-17,21,320,3.1,74,1.1,3330,-1.0,0.0,0.0,0.0,зима,нет,да
2018-01-17,22,313,2.8,74,0.5,3090,-1.3,0.0,0.0,0.0,зима,нет,да
2018-01-17,23,227,2.7,74,0.8,2910,-1.4,0.0,0.0,0.0,зима,нет,да
2018-01-18,0,215,2.7,73,1.0,2900,-1.6,0.0,0.0,0.0,зима,нет,да
2018-01-18,1,190,3.2,72,1.9,3060,-1.3,0.0,0.0,0.0,зима,нет,да
2018-01-18,2,137,3.3,73,1.2,2880,-1.0,0.0,0.0,0.0,зима,нет,да
2018-01-18,3,95,3.6,74,1.7,2730,-0.6,0.0,0.0,0.0,зима,нет,да
2018-01-18,4,50,3.3,80,2.1,2320,0.1,0.0,0.0,0.0,зима,нет,да
2018-01-18,5,68,2.6,82,2.0,2290,-0.1,0.0,0.0,0.0,зима,нет,да
2018-01-18,6,107,2.2,82,2.0,2110,-0.5,0.0,0.0,0.0,зима,нет,да
2018-01-18,7,279,1.5,86,1.1,1890,-0.5,0.0,0.0,0.0,зима,нет,да
2018-01-18,8,537,1.1,86,1.2,1970,-0.9,0.0,0.0,0.0,зима,нет,да
2018-01-18,9,305,1.2,84,2.1,2100,-1.2,0.07,0.0,0.0,зима,нет,да
2018-01-18,10,188,1.4,81,2.1,2550,-1.5,0.21,0.0,0.0,зима,нет,да
2018-01-18,11,261,1.8,75,1.8,3010,-2.1,0.35,0.0,0.0,зима,нет,да
2018-01-18,12,267,2.5,72,2.4,2560,-2.0,0.0,0.0,0.0,зима,нет,да
2018-01-18,13,307,3.5,54,3.2,4630,-4.9,0.68,0.0,0.0,зима,нет,да
2018-01-18,14,301,4.4,42,2.3,7190,-7.4,0.72,0.0,0.0,зима,нет,да
2018-01-18,15,269,4.2,36,2.3,9570,-9.5,0.57,0.0,0.0,зима,нет,да
2018-01-18,16,328,3.6,42,2.4,8830,-8.1,0.29,0.0,0.0,зима,нет,да
2018-01-18,17,416,2.8,46,2.1,8580,-7.6,0.14,0.0,0.0,зима,нет,да
2018-01-18,18,506,2.0,39,2.1,12590,-10.5,0.01,0.0,0.0,зима,нет,да
2018-01-18,19,365,1.5,41,1.0,12100,-10.3,0.0,0.0,0.0,зима,нет,да
2018-01-18,20,303,1.1,44,1.2,11710,-9.8,0.0,0.0,0.0,зима,нет,да
2018-01-18,21,339,0.8,45,1.5,11840,-9.8,0.0,0.0,0.0,зима,нет,да
2018-01-18,22,318,0.7,45,2.0,10840,-9.9,0.0,0.0,0.0,зима,нет,да
2018-01-18,23,232,0.6,47,2.3,10460,-9.4,0.0,0.0,0.0,зима,нет,да
2018-01-19,0,211,0.3,45,1.8,11540,-10.2,0.0,0.0,0.0,зима,нет,да
2018-01-19,1,207,0.0,43,1.7,12500,-11.1,0.0,0.0,0.0,зима,нет,да
2018-01-19,2,140,-0.3,44,1.7,12950,-11.1,0.0,0.0,0.0,зима,нет,да
2018-01-19,3,93,-0.6,43,1.7,13160,-11.6,0.0,0.0,0.0,зима,нет,да
2018-01-19,4,58,-0.7,45,1.4,12410,-11.1,0.0,0.0,0.0,зима,нет,да
2018-01-19,5,61,-1.4,47,1.4,13010,-11.2,0.0,0.0,0.0,зима,нет,да
2018-01-19,6,151,-1.8,49,1.4,13590,-11.1,0.0,0.0,0.0,зима,нет,да
2018-01-19,7,334,-2.0,49,1.9,12810,-11.3,0.0,0.0,0.0,зима,нет,да
2018-01-19,8,648,-2.5,50,1.0,12810,-11.5,0.0,0.0,0.0,зима,нет,да
2018-01-19,9,387,-2.1,42,1.3,15190,-13.3,0.17,0.0,0.0,зима,нет,да
2018-01-19,10,255,0.0,29,1.3,15920,-15.9,0.52,0.0,0.0,зима,нет,да
2018-01-19,11,283,2.2,20,0.6,17940,-18.5,0.83,0.0,0.0,зима,нет,да
2018-01-19,12,341,4.3,28,1.5,18580,-12.6,0.98,0.0,0.0,зима,нет,да
2018-01-19,13,341,4.7,26,2.6,13700,-13.2,1.11,0.0,0.0,зима,нет,да
2018-01-19,14,349,4.7,24,3.6,15520,-14.2,1.08,0.0,0.0,зима,нет,да
2018-01-19,15,381,5.4,25,2.4,16860,-13.1,0.9,0.0,0.0,зима,нет,да
2018-01-19,16,390,4.9,27,2.8,16480,-12.5,0.65,0.0,0.0,зима,нет,да
2018-01-19,17,468,4.1,34,3.1,18100,-10.3,0.28,0.0,0.0,зима,нет,да
2018-01-19,18,702,2.9,45,1.6,16290,-7.8,0.04,0.0,0.0,зима,нет,да
2018-01-19,19,471,2.0,48,1.8,15190,-7.8,0.0,0.0,0.0,зима,нет,да
2018-01-19,20,342,1.2,51,0.6,15440,-7.8,0.0,0.0,0.0,зима,нет,да
2018-01-19,21,331,0.5,52,0.8,15950,-8.2,0.0,0.0,0.0,зима,нет,да
2018-01-19,22,292,0.0,56,0.8,15440,-7.7,0.0,0.0,0.0,зима,нет,да
2018-01-19,23,236,-0.5,59,0.9,14870,-7.5,0.0,0.0,0.0,зима,нет,да
2018-01-20,0,228,-0.6,60,0.6,14330,-7.4,0.0,0.0,0.0,зима,нет,да
2018-01-20,1,258,-0.9,64,0.4,12730,-6.8,0.0,0.0,0.0,зима,нет,да
2018-01-20,2,216,-0.9,65,0.6,13690,-6.6,0.0,0.0,0.0,зима,нет,да
2018-01-20,3,118,-0.9,65,0.2,13590,-6.6,0.0,0.0,0.0,зима,нет,да
2018-01-20,4,89,-0.7,65,0.6,12260,-6.4,0.0,0.0,0.0,зима,нет,да
2018-01-20,5,56,-0.3,62,0.6,8620,-6.7,0.0,0.0,0.0,зима,нет,да
2018-01-20,6,50,-0.1,60,0.4,10800,-6.9,0.0,0.0,0.0,зима,нет,да
2018-01-20,7,101,0.2,60,0.3,11450,-6.6,0.0,0.0,0.0,зима,нет,да
2018-01-20,8,191,0.3,63,0.4,11400,-5.9,0.0,0.0,0.0,зима,нет,да
2018-01-20,9,234,0.9,63,0.9,10900,-5.3,0.07,0.0,0.0,зима,нет,да
2018-01-20,10,259,2.1,60,1.2,10050,-4.8,0.3,0.0,0.0,зима,нет,да
2018-01-20,11,285,3.7,59,1.8,9780,-3.5,0.51,0.0,0.0,зима,нет,да
2018-01-20,12,325,5.3,55,2.6,9040,-3.0,0.85,0.0,0.0,зима,нет,да
2018-01-20,13,356,6.3,55,3.0,7920,-2.0,0.85,0.0,0.0,зима,нет,да
2018-01-20,14,334,5.9,61,3.2,6230,-1.0,0.52,0.0,0.0,зима,нет,да
2018-01-20,15,406,6.3,55,3.0,3550,-2.0,0.68,0.0,0.0,зима,нет,да
2018-01-20,16,352,6.6,42,3.0,3550,-5.4,0.48,0.0,0.0,зима,нет,да
2018-01-20,17,377,5.7,53,1.8,2760,-3.1,0.22,0.0,0.0,зима,нет,да
2018-01-20,18,283,4.6,55,3.2,2320,-3.6,0.03,0.0,0.0,зима,нет,да
2018-01-20,19,223,3.5,66,1.7,1870,-2.2,0.0,0.0,0.0,зима,нет,да
2018-01-20,20,219,2.9,66,1.2,1730,-2.8,0.0,0.0,0.0,зима,нет,да
2018-01-20,21,220,2.1,48,2.8,3460,-7.7,0.0,0.0,0.0,зима,нет,да
2018-01-20,22,232,1.5,48,2.4,4220,-8.3,0.0,0.0,0.0,зима,нет,да
2018-01-20,23,164,0.8,53,1.7,3820,-7.7,0.0,0.0,0.0,зима,нет,да
2018-01-21,0,196,-0.3,60,1.9,3400,-7.1,0.0,0.0,0.0,зима,нет,да
2018-01-21,1,177,-0.8,58,0.4,4000,-8.0,0.0,0.0,0.0,зима,нет,да
2018-01-21,2,107,-1.5,63,1.0,3800,-7.6,0.0,0.0,0.0,зима,нет,да
2018-01-21,3,107,-2.0,60,0.5,4740,-8.7,0.0,0.0,0.0,зима,нет,да
2018-01-21,4,73,-2.3,47,0.7,9840,-12.1,0.0,0.0,0.0,зима,нет,да
2018-01-21,5,32,-2.6,49,1.1,10650,-11.8,0.0,0.0,0.0,зима,нет,да
2018-01-21,6,36,-3.1,54,1.4,10370,-11.1,0.0,0.0,0.0,зима,нет,да
2018-01-21,7,61,-3.2,54,1.2,11130,-11.2,0.0,0.0,0.0,зима,нет,да
2018-01-21,8,115,-3.6,53,0.5,12270,-11.8,0.0,0.0,0.0,зима,нет,да
2018-01-21,9,152,-3.2,46,0.8,10910,-13.2,0.15,0.0,0.0,зима,нет,да
2018-01-21,10,189,-1.3,37,0.8,10700,-14.1,0.47,0.0,0.0,зима,нет,да
2018-01-21,11,216,1.9,25,1.0,14930,-16.1,0.78,0.0,0.0,зима,нет,да
2018-01-21,12,271,3.9,30,1.6,10850,-12.1,0.91,0.0,0.0,зима,нет,да
2018-01-21,13,343,4.9,22,2.0,14460,-15.0,1.0,0.0,0.0,зима,нет,да
2018-01-21,14,340,5.4,18,1.2,19230,-17.0,0.96,0.0,0.0,зима,нет,да
2018-01-21,15,389,5.4,20,2.2,18900,-15.8,0.8,0.0,0.0,зима,нет,да
2018-01-21,16,396,4.7,17,2.1,20000,-18.3,0.55,0.0,0.0,зима,нет,да
2018-01-21,17,383,3.8,20,1.3,20000,-17.1,0.24,0.0,0.0,зима,нет,да
2018-01-21,18,295,2.5,24,2.0,20000,-16.0,0.02,0.0,0.0,зима,нет,да
2018-01-21,19,223,1.3,25,1.3,20000,-16.6,0.0,0.0,0.0,зима,нет,да
2018-01-21,20,258,0.3,27,0.4,20000,-16.5,0.0,0.0,0.0,зима,нет,да
2018-01-21,21,237,-0.1,29,0.5,20000,-16.0,0.0,0.0,0.0,зима,нет,да
2018-01-21,22,207,-0.3,32,0.7,20000,-15.0,0.0,0.0,0.0,зима,нет,да
2018-01-21,23,170,-0.4,32,0.6,20000,-15.1,0.0,0.0,0.0,зима,нет,да
2018-01-22,0,171,-0.2,30,0.4,20000,-15.7,0.0,0.0,0.0,зима,нет,да
2018-01-22,1,97,-0.2,32,0.7,20000,-14.9,0.0,0.0,0.0,зима,нет,да
2018-01-22,2,73,-0.2,33,1.4,20000,-14.5,0.0,0.0,0.0,зима,нет,да
2018-01-22,3,53,-0.3,31,0.3,20000,-15.4,0.0,0.0,0.0,зима,нет,да
2018-01-22,4,31,0.0,32,0.4,20000,-14.7,0.0,0.0,0.0,зима,нет,да
2018-01-22,5,60,0.0,32,0.7,20000,-14.7,0.0,0.0,0.0,зима,нет,да
2018-01-22,6,165,0.0,33,0.4,20000,-14.3,0.0,0.0,0.0,зима,нет,да
2018-01-22,7,316,-0.4,34,1.0,19890,-14.3,0.0,0.0,0.0,зима,нет,да
2018-01-22,8,683,-0.7,32,0.5,19910,-15.3,0.0,0.0,0.0,зима,нет,да
2018-01-22,9,365,0.1,33,0.8,19010,-14.3,0.06,0.0,0.0,зима,нет,да
2018-01-22,10,221,1.1,31,0.7,18980,-14.1,0.25,0.0,0.0,зима,нет,да
2018-01-22,11,277,2.4,27,0.9,17960,-14.7,0.47,0.0,0.0,зима,нет,да
2018-01-22,12,323,3.9,28,0.9,13830,-12.9,0.6,0.0,0.0,зима,нет,да
2018-01-22,13,281,3.9,33,0.6,12490,-10.9,0.19,0.0,0.0,зима,нет,да
2018-01-22,14,249,3.3,73,0.4,7440,-1.0,0.11,0.0,0.0,зима,нет,да
2018-01-22,15,63,3.6,69,1.8,6550,-1.5,0.17,0.0,0.0,зима,нет,да
2018-01-22,16,18,2.0,87,1.9,1400,0.0,0.03,0.0,0.0,зима,нет,да
2018-01-22,17,43,1.3,93,1.2,810,0.2,0.03,0.0,0.2,зима,нет,да
2018-01-22,18,170,1.1,96,3.0,1870,0.5,0.0,3.3,1.0,зима,нет,да
2018-01-22,19,167,-0.1,88,3.2,5820,-1.8,0.0,0.0,1.0,зима,нет,да
2018-01-22,20,181,-0.8,85,2.9,8360,-3.0,0.0,0.0,1.0,зима,нет,да
2018-01-22,21,187,-1.8,85,2.9,5900,-3.9,0.0,0.0,1.0,зима,нет,да
2018-01-22,22,170,-3.2,81,3.9,4920,-6.0,0.0,0.0,1.0,зима,нет,да
2018-01-22,23,139,-4.2,79,2.9,5540,-7.3,0.0,0.0,1.0,зима,нет,да
2018-01-23,0,96,-5.3,77,3.8,8940,-8.7,0.0,0.0,1.0,зима,нет,да
2018-01-23,1,120,-6.0,76,3.1,11780,-9.5,0.0,0.0,1.0,зима,нет,да
2018-01-23,2,75,-7.5,65,3.9,20000,-12.9,0.0,0.0,1.0,зима,нет,да
2018-01-23,3,55,-8.6,68,3.3,20000,-13.4,0.0,0.0,1.0,зима,нет,да
2018-01-23,4,45,-9.5,49,4.3,20000,-18.2,0.0,0.0,1.0,зима,нет,да
2018-01-23,5,44,-10.5,46,3.0,20000,-19.9,0.0,0.0,1.0,зима,нет,да
2018-01-23,6,84,-11.5,47,3.2,20000,-20.5,0.0,0.0,1.0,зима,нет,да
2018-01-23,7,211,-12.5,41,4.5,20000,-23.0,0.0,0.0,1.0,зима,нет,да
2018-01-23,8,423,-13.0,41,4.0,20000,-23.5,0.0,0.0,1.0,зима,нет,да
2018-01-23,9,228,-13.3,36,3.5,20000,-25.2,0.19,0.0,1.0,зима,нет,да
2018-01-23,10,132,-12.1,34,3.5,19680,-24.8,0.62,0.0,1.0,зима,нет,да
2018-01-23,11,184,-11.7,27,4.0,19350,-26.9,0.94,0.0,1.0,зима,нет,да
2018-01-23,12,180,-11.3,27,3.7,19550,-26.6,1.18,0.0,1.0,зима,нет,да
2018-01-23,13,189,-11.0,27,4.0,19590,-26.3,1.26,0.0,1.0,зима,нет,да
2018-01-23,14,169,-10.4,30,4.3,20000,-24.6,1.22,0.0,1.0,зима,нет,да
2018-01-23,15,181,-9.7,32,3.6,20000,-23.3,1.04,0.0,1.0,зима,нет,да
2018-01-23,16,181,-10.1,34,4.3,20000,-23.0,0.74,0.0,1.0,зима,нет,да
2018-01-23,17,239,-10.6,38,3.5,20000,-22.2,0.38,0.0,0.9,зима,нет,да
2018-01-23,18,351,-11.5,43,2.4,20000,-21.6,0.05,0.0,0.9,зима,нет,да
2018-01-23,19,248,-12.0,47,3.2,20000,-21.0,0.0,0.0,0.9,зима,нет,да
2018-01-23,20,178,-12.5,52,3.0,20000,-20.3,0.0,0.0,0.9,зима,нет,да
2018-01-23,21,145,-13.2,49,4.1,20000,-21.6,0.0,0.0,0.9,зима,нет,да
2018-01-23,22,117,-13.9,45,4.0,20000,-23.2,0.0,0.0,0.9,зима,нет,да
2018-01-23,23,106,-14.3,38,4.0,20000,-25.5,0.0,0.0,0.9,зима,нет,да
2018-01-24,0,90,-14.6,34,3.9,20000,-27.0,0.0,0.0,0.9,зима,нет,да
2018-01-24,1,89,-15.0,31,2.5,20000,-28.3,0.0,0.0,0.9,зима,нет,да
2018-01-24,2,50,-15.2,32,3.1,20000,-28.2,0.0,0.0,0.9,зима,нет,да
2018-01-24,3,32,-15.2,30,3.4,20000,-28.9,0.0,0.0,0.9,зима,нет,да
2018-01-24,4,24,-15.4,30,2.5,20000,-29.1,0.0,0.0,0.9,зима,нет,да
2018-01-24,5,34,-15.6,29,3.7,20000,-29.6,0.0,0.0,0.9,зима,нет,да
2018-01-24,6,71,-15.7,29,2.5,20000,-29.7,0.0,0.0,0.9,зима,нет,да
2018-01-24,7,164,-15.9,30,3.0,20000,-29.5,0.0,0.0,0.9,зима,нет,да
2018-01-24,8,364,-16.2,30,1.6,20000,-29.8,0.0,0.0,0.9,зима,нет,да
2018-01-24,9,192,-15.8,27,3.4,20000,-30.5,0.2,0.0,0.9,зима,нет,да
2018-01-24,10,90,-14.5,24,4.6,19020,-30.6,0.61,0.0,0.9,зима,нет,да
2018-01-24,11,124,-13.1,25,3.8,19640,-29.0,0.96,0.0,0.9,зима,нет,да
2018-01-24,12,121,-12.2,26,4.0,20000,-27.8,1.17,0.0,0.9,зима,нет,да
2018-01-24,13,140,-12.0,25,6.0,18870,-28.0,1.27,0.0,0.9,зима,нет,да
2018-01-24,14,125,-11.1,26,3.8,19800,-26.8,1.25,0.0,0.8,зима,нет,да
2018-01-24,15,149,-10.8,29,3.8,20000,-25.4,1.06,0.0,0.7,зима,нет,да
2018-01-24,16,124,-11.2,30,4.7,20000,-25.3,0.77,0.0,0.7,зима,нет,да
2018-01-24,17,203,-11.8,26,3.5,20000,-27.4,0.39,0.0,0.7,зима,нет,да
2018-01-24,18,297,-13.0,29,3.4,20000,-27.3,0.05,0.0,0.7,зима,нет,да
2018-01-24,19,211,-13.8,32,2.2,20000,-26.9,0.0,0.0,0.7,зима,нет,да
2018-01-24,20,125,-14.3,37,1.3,20000,-25.8,0.0,0.0,0.7,зима,нет,да
2018-01-24,21,132,-14.7,40,3.2,19330,-25.3,0.0,0.0,0.7,зима,нет,да
2018-01-24,22,121,-15.2,45,4.0,20000,-24.4,0.0,0.0,0.7,зима,нет,да
2018-01-24,23,82,-15.7,43,3.6,20000,-25.4,0.0,0.0,0.7,зима,нет,да
2018-01-25,0,78,-15.9,43,3.8,20000,-25.6,0.0,0.0,0.7,зима,нет,да
2018-01-25,1,68,-16.1,42,2.2,20000,-26.0,0.0,0.0,0.7,зима,нет,да
2018-01-25,2,60,-16.0,42,1.3,20000,-25.9,0.0,0.0,0.7,зима,нет,да
2018-01-25,3,32,-16.0,40,1.9,20000,-26.5,0.0,0.0,0.7,зима,нет,да
2018-01-25,4,22,-15.9,37,2.4,19850,-27.2,0.0,0.0,0.7,зима,нет,да
2018-01-25,5,34,-15.8,37,2.7,20000,-27.1,0.0,0.0,0.7,зима,нет,да
2018-01-25,6,71,-16.1,33,3.0,20000,-28.7,0.0,0.0,0.7,зима,нет,да
2018-01-25,7,165,-16.2,33,2.2,20000,-28.7,0.0,0.0,0.7,зима,нет,да
2018-01-25,8,349,-16.4,32,3.3,20000,-29.2,0.01,0.0,0.6,зима,нет,да
2018-01-25,9,187,-16.2,33,2.9,20000,-28.7,0.19,0.0,0.6,зима,нет,да
2018-01-25,10,105,-15.3,33,2.4,20000,-27.9,0.56,0.0,0.6,зима,нет,да
2018-01-25,11,122,-13.8,25,3.5,19960,-29.6,0.91,0.0,0.6,зима,нет,да
2018-01-25,12,142,-12.8,25,3.2,19810,-28.7,1.16,0.0,0.6,зима,нет,да
2018-01-25,13,130,-11.4,27,3.9,20000,-26.7,1.26,0.0,0.6,зима,нет,да
2018-01-25,14,160,-10.4,25,2.3,19810,-26.7,1.21,0.0,0.5,зима,нет,да
2018-01-25,15,130,-9.7,28,3.7,20000,-24.8,1.0,0.0,0.5,зима,нет,да
2018-01-25,16,152,-9.6,31,2.6,19730,-23.6,0.66,0.0,0.5,зима,нет,да
2018-01-25,17,170,-10.9,32,4.0,20000,-24.4,0.28,0.0,0.5,зима,нет,да
2018-01-25,18,288,-11.8,33,4.0,20000,-24.8,0.04,0.0,0.5,зима,нет,да
2018-01-25,19,178,-12.7,33,3.7,20000,-25.6,0.0,0.0,0.5,зима,нет,да
2018-01-25,20,141,-13.5,33,2.4,20000,-26.3,0.0,0.0,0.5,зима,нет,да
2018-01-25,21,137,-14.1,35,2.2,20000,-26.2,0.0,0.0,0.5,зима,нет,да
2018-01-25,22,113,-14.6,35,2.5,20000,-26.7,0.0,0.0,0.5,зима,нет,да
2018-01-25,23,79,-14.9,35,2.8,20000,-26.9,0.0,0.0,0.5,зима,нет,да
2018-01-26,0,68,-15.1,34,1.7,20000,-27.4,0.0,0.0,0.5,зима,нет,да
2018-01-26,1,93,-15.3,34,1.7,20000,-27.6,0.0,0.0,0.5,зима,нет,да
2018-01-26,2,54,-15.6,33,2.2,20000,-28.2,0.0,0.0,0.5,зима,нет,да
2018-01-26,3,41,-15.9,34,2.9,20000,-28.2,0.0,0.0,0.5,зима,нет,да
2018-01-26,4,24,-16.4,36,1.5,20000,-28.0,0.0,0.0,0.5,зима,нет,да
2018-01-26,5,36,-16.9,38,2.3,20000,-27.9,0.0,0.0,0.5,зима,нет,да
2018-01-26,6,64,-17.4,40,1.6,20000,-27.7,0.0,0.0,0.5,зима,нет,да
2018-01-26,7,142,-17.5,38,3.4,20000,-28.4,0.0,0.0,0.5,зима,нет,да
2018-01-26,8,322,-17.8,40,2.5,20000,-28.1,0.0,0.0,0.5,зима,нет,да
2018-01-26,9,149,-17.5,37,3.8,19410,-28.7,0.21,0.0,0.5,зима,нет,да
2018-01-26,10,96,-16.5,33,3.4,17030,-29.0,0.62,0.0,0.5,зима,нет,да
2018-01-26,11,93,-15.6,31,3.3,18080,-28.9,0.93,0.0,0.5,зима,нет,да
2018-01-26,12,111,-14.4,30,2.7,19060,-28.2,1.17,0.0,0.5,зима,нет,да
2018-01-26,13,115,-13.3,28,2.7,18890,-27.9,1.26,0.0,0.5,зима,нет,да
2018-01-26,14,116,-12.1,27,2.5,18790,-27.3,1.25,0.0,0.4,зима,нет,да
2018-01-26,15,140,-11.4,27,3.3,18050,-26.7,0.0,0.0,0.4,зима,нет,да
2018-01-26,16,147,-10.8,28,2.7,17780,-25.8,0.77,0.0,0.4,зима,нет,да
2018-01-26,17,196,-11.5,31,3.3,17450,-25.2,0.41,0.0,0.3,зима,нет,да
2018-01-26,18,305,-12.7,33,2.5,18350,-25.6,0.05,0.0,0.3,зима,нет,да
2018-01-26,19,171,-13.2,33,2.4,18630,-26.1,0.0,0.0,0.3,зима,нет,да
2018-01-26,20,121,-13.7,35,1.7,18780,-25.9,0.0,0.0,0.3,зима,нет,да
2018-01-26,21,130,-14.1,36,1.8,18690,-25.9,0.0,0.0,0.3,зима,нет,да
2018-01-26,22,108,-14.6,40,1.8,17460,-25.2,0.0,0.0,0.3,зима,нет,да
2018-01-26,23,89,-14.4,38,2.7,17380,-25.6,0.0,0.0,0.3,зима,нет,да
2018-01-27,0,80,-15.0,42,1.2,17660,-25.0,0.0,0.0,0.3,зима,нет,да
2018-01-27,1,94,-15.1,43,0.8,19050,-24.9,0.0,0.0,0.3,зима,нет,да
2018-01-27,2,75,-15.3,43,0.6,18670,-25.0,0.0,0.0,0.3,зима,нет,да
2018-01-27,3,41,-15.3,43,0.8,19630,-25.0,0.0,0.0,0.3,зима,нет,да
2018-01-27,4,36,-15.3,47,0.8,18680,-24.0,0.0,0.0,0.3,зима,нет,да
2018-01-27,5,25,-15.4,45,0.8,20000,-24.6,0.0,0.0,0.3,зима,нет,да
2018-01-27,6,33,-15.3,47,0.7,19210,-24.0,0.0,0.0,0.3,зима,нет,да
2018-01-27,7,57,-15.7,53,1.3,16290,-23.1,0.0,0.0,0.3,зима,нет,да
2018-01-27,8,84,-15.9,58,0.9,13690,-22.2,0.0,0.0,0.3,зима,нет,да
2018-01-27,9,105,-15.1,49,1.1,14010,-23.4,0.2,0.0,0.3,зима,нет,да
2018-01-27,10,96,-12.3,35,0.6,14970,-24.6,0.6,0.0,0.3,зима,нет,да
2018-01-27,11,125,-9.6,33,1.1,17480,-22.9,0.9,0.0,0.3,зима,нет,да
2018-01-27,12,145,-7.7,32,2.5,17630,-21.5,1.13,0.0,0.3,зима,нет,да
2018-01-27,13,189,-6.6,27,2.1,18890,-22.5,1.24,0.0,0.3,зима,нет,да
2018-01-27,14,193,-4.1,25,2.0,17300,-21.2,1.2,0.0,0.2,зима,нет,да
2018-01-27,15,192,-3.7,26,2.2,17390,-20.4,1.04,0.0,0.0,зима,нет,да
2018-01-27,16,195,-3.7,25,2.6,18390,-20.9,0.74,0.0,0.0,зима,нет,да
2018-01-27,17,207,-4.6,26,1.9,20000,-21.2,0.39,0.0,0.0,зима,нет,да
2018-01-27,18,162,-6.6,31,3.0,19880,-20.9,0.06,0.0,0.0,зима,нет,да
2018-01-27,19,122,-7.1,33,2.0,18870,-20.6,0.0,0.0,0.0,зима,нет,да
2018-01-27,20,117,-7.6,36,1.7,18580,-20.1,0.0,0.0,0.0,зима,нет,да
2018-01-27,21,103,-7.9,35,2.6,18780,-20.7,0.0,0.0,0.0,зима,нет,да
2018-01-27,22,114,-7.8,43,2.3,18040,-18.2,0.0,0.0,0.0,зима,нет,да
2018-01-27,23,103,-7.6,42,1.2,17600,-18.3,0.0,0.0,0.0,зима,нет,да
2018-01-28,0,125,-7.5,36,2.3,19720,-20.0,0.0,0.0,0.0,зима,нет,да
2018-01-28,1,103,-7.5,45,2.4,18530,-17.4,0.0,0.0,0.0,зима,нет,да
2018-01-28,2,72,-7.8,51,1.9,16270,-16.1,0.0,0.0,0.0,зима,нет,да
2018-01-28,3,67,-7.7,49,1.8,15730,-16.5,0.0,0.0,0.0,зима,нет,да
2018-01-28,4,38,-7.6,37,1.6,19660,-19.8,0.0,0.0,0.0,зима,нет,да
2018-01-28,5,21,-7.5,33,1.5,20000,-21.0,0.0,0.0,0.0,зима,нет,да
2018-01-28,6,30,-7.8,35,1.9,20000,-20.6,0.0,0.0,0.0,зима,нет,да
2018-01-28,7,42,-8.0,39,1.9,20000,-19.5,0.0,0.0,0.0,зима,нет,да
2018-01-28,8,72,-8.1,43,1.7,19430,-18.5,0.0,0.0,0.0,зима,нет,да
2018-01-28,9,104,-7.8,41,1.8,19230,-18.7,0.17,0.0,0.0,зима,нет,да
2018-01-28,10,111,-5.9,35,1.9,19400,-18.9,0.53,0.0,0.0,зима,нет,да
2018-01-28,11,145,-4.6,27,2.6,18870,-20.8,0.85,0.0,0.0,зима,нет,да
2018-01-28,12,189,-3.5,26,2.5,17560,-20.2,1.07,0.0,0.0,зима,нет,да
2018-01-28,13,206,-2.4,22,2.5,18660,-21.2,1.16,0.0,0.0,зима,нет,да
2018-01-28,14,225,-1.5,20,3.0,19920,-21.6,1.09,0.0,0.0,зима,нет,да
2018-01-28,15,217,-1.9,23,4.3,20000,-20.3,0.7,0.0,0.0,зима,нет,да
2018-01-28,16,187,-2.1,27,4.0,20000,-18.6,0.52,0.0,0.0,зима,нет,да
2018-01-28,17,178,-3.8,32,5.2,20000,-18.1,0.25,0.0,0.0,зима,нет,да
2018-01-28,18,157,-4.9,35,3.7,20000,-18.0,0.04,0.0,0.0,зима,нет,да
2018-01-28,19,134,-6.0,31,3.6,20000,-20.4,0.0,0.0,0.0,зима,нет,да
2018-01-28,20,113,-7.0,30,2.8,20000,-21.6,0.0,0.0,0.0,зима,нет,да
2018-01-28,21,106,-7.3,34,3.5,20000,-20.5,0.0,0.0,0.0,зима,нет,да
2018-01-28,22,105,-7.9,40,2.5,19970,-19.1,0.0,0.0,0.0,зима,нет,да
2018-01-28,23,81,-8.7,42,2.1,19810,-19.3,0.0,0.0,0.0,зима,нет,да
2018-01-29,0,80,-9.3,45,0.7,19760,-19.0,0.0,0.0,0.0,зима,нет,да
2018-01-29,1,62,-9.8,47,1.3,19340,-19.0,0.0,0.0,0.0,зима,нет,да
2018-01-29,2,49,-10.2,47,0.9,18080,-19.3,0.0,0.0,0.0,зима,нет,да
2018-01-29,3,27,-9.8,43,2.8,19630,-20.0,0.0,0.0,0.0,зима,нет,да
2018-01-29,4,26,-9.9,45,2.5,19670,-19.6,0.0,0.0,0.0,зима,нет,да
2018-01-29,5,50,-10.4,47,1.0,19210,-19.5,0.0,0.0,0.0,зима,нет,да
2018-01-29,6,94,-10.9,43,1.0,19670,-21.0,0.0,0.0,0.0,зима,нет,да
2018-01-29,7,231,-11.1,37,1.6,20000,-22.9,0.0,0.0,0.0,зима,нет,да
2018-01-29,8,450,-11.5,38,1.0,19980,-23.0,0.01,0.0,0.0,зима,нет,да
2018-01-29,9,217,-10.8,34,2.9,19750,-23.6,0.17,0.0,0.0,зима,нет,да
2018-01-29,10,135,-9.5,28,3.7,18930,-24.6,0.59,0.0,0.0,зима,нет,да
2018-01-29,11,166,-8.1,24,3.6,17610,-25.1,0.91,0.0,0.0,зима,нет,да
2018-01-29,12,186,-7.3,23,3.8,19030,-24.9,1.17,0.0,0.0,зима,нет,да
2018-01-29,13,166,-6.9,23,4.6,19630,-24.6,1.28,0.0,0.0,зима,нет,да
2018-01-29,14,168,-5.7,23,4.5,19560,-23.5,1.25,0.0,0.0,зима,нет,да
2018-01-29,15,177,-5.2,27,4.5,19270,-21.3,1.06,0.0,0.0,зима,нет,да
2018-01-29,16,195,-5.5,28,4.3,19260,-21.1,0.78,0.0,0.0,зима,нет,да
2018-01-29,17,239,-5.7,30,3.6,19780,-20.5,0.4,0.0,0.0,зима,нет,да
2018-01-29,18,438,-6.6,34,2.5,20000,-19.8,0.06,0.0,0.0,зима,нет,да
2018-01-29,19,282,-7.1,40,3.2,20000,-18.4,0.0,0.0,0.0,зима,нет,да
2018-01-29,20,197,-7.4,41,3.8,20000,-18.4,0.0,0.0,0.0,зима,нет,да
2018-01-29,21,182,-7.7,42,2.9,19050,-18.4,0.0,0.0,0.0,зима,нет,да
2018-01-29,22,172,-8.8,40,3.0,19850,-19.9,0.0,0.0,0.0,зима,нет,да
2018-01-29,23,99,-9.4,41,1.6,20000,-20.2,0.0,0.0,0.0,зима,нет,да
2018-01-30,0,108,-10.0,34,1.1,20000,-22.9,0.0,0.0,0.0,зима,нет,да
2018-01-30,1,129,-10.4,37,0.3,20000,-22.3,0.0,0.0,0.0,зима,нет,да
2018-01-30,2,84,-10.6,40,1.0,20000,-21.6,0.0,0.0,0.0,зима,нет,да
2018-01-30,3,54,-10.7,42,1.4,20000,-21.1,0.0,0.0,0.0,зима,нет,да
2018-01-30,4,33,-11.1,50,1.2,19860,-19.4,0.0,0.0,0.0,зима,нет,да
2018-01-30,5,47,-11.3,53,1.6,19790,-19.0,0.0,0.0,0.0,зима,нет,да
2018-01-30,6,94,-11.2,53,0.9,20000,-18.9,0.0,0.0,0.0,зима,нет,да
2018-01-30,7,214,-11.3,57,0.9,19840,-18.1,0.0,0.0,0.0,зима,нет,да
2018-01-30,8,491,-11.1,61,0.7,19630,-17.1,0.01,0.0,0.0,зима,нет,да
2018-01-30,9,254,-9.9,49,0.8,16240,-18.6,0.2,0.0,0.0,зима,нет,да
2018-01-30,10,170,-7.5,42,0.9,17050,-18.2,0.55,0.0,0.0,зима,нет,да
2018-01-30,11,220,-4.5,29,1.3,19120,-19.8,0.79,0.0,0.0,зима,нет,да
2018-01-30,12,253,-3.2,32,2.7,19000,-17.5,1.01,0.0,0.0,зима,нет,да
2018-01-30,13,225,-1.3,35,2.0,18930,-14.8,1.18,0.0,0.0,зима,нет,да
2018-01-30,14,238,-1.1,46,2.1,14370,-11.2,0.72,0.0,0.0,зима,нет,да
2018-01-30,15,173,-1.6,55,2.5,18910,-9.4,0.64,0.0,0.0,зима,нет,да
2018-01-30,16,94,-2.2,76,1.7,2330,-5.8,0.25,0.0,0.0,зима,нет,да
2018-01-30,17,53,-2.4,85,0.3,1740,-4.5,0.06,0.0,0.6,зима,нет,да
2018-01-30,18,100,-2.3,91,0.4,2020,-3.5,0.0,1.4,2.0,зима,нет,да
2018-01-30,19,59,-1.7,91,1.1,1670,-2.9,0.0,0.0,3.0,зима,нет,да
2018-01-30,20,72,-1.5,91,1.7,2700,-2.7,0.0,0.0,3.3,зима,нет,да
2018-01-30,21,60,-1.6,91,1.3,5080,-2.8,0.0,1.5,3.5,зима,нет,да
2018-01-30,22,73,-1.7,85,1.2,10060,-3.8,0.0,0.0,3.5,зима,нет,да
2018-01-30,23,62,-1.7,83,1.0,10930,-4.2,0.0,0.0,3.5,зима,нет,да
2018-01-31,0,69,-1.7,83,0.8,11130,-4.2,0.0,0.0,3.5,зима,нет,да
2018-01-31,1,96,-1.6,81,1.1,11410,-4.4,0.0,0.0,3.5,зима,нет,да
2018-01-31,2,60,-1.6,80,1.4,10970,-4.6,0.0,0.0,3.5,зима,нет,да
2018-01-31,3,47,-2.2,83,1.0,9770,-4.7,0.0,0.0,3.5,зима,нет,да
2018-01-31,4,34,-2.4,82,1.5,8770,-5.0,0.0,0.0,3.5,зима,нет,да
2018-01-31,5,34,-2.8,83,0.6,9460,-5.2,0.0,0.0,3.5,зима,нет,да
2018-01-31,6,63,-3.1,80,0.7,12150,-6.0,0.0,0.0,3.5,зима,нет,да
2018-01-31,7,124,-3.5,83,1.6,9530,-5.9,0.0,0.0,3.5,зима,нет,да
2018-01-31,8,273,-3.6,83,1.7,9150,-6.0,0.0,0.0,3.5,зима,нет,да
2018-01-31,9,137,-3.3,77,1.2,9160,-6.7,0.1,0.0,3.4,зима,нет,да
2018-01-31,10,102,-2.3,63,1.7,12860,-8.4,0.22,0.0,3.2,зима,нет,да
2018-01-31,11,144,-1.5,46,2.5,19060,-11.6,0.56,0.0,3.0,зима,нет,да
2018-01-31,12,160,-1.0,35,2.7,19210,-14.5,0.64,0.0,3.0,зима,нет,да
2018-01-31,13,171,-0.8,39,2.6,18530,-13.0,0.54,0.0,2.8,зима,нет,да
2018-01-31,14,156,-0.7,33,2.7,19840,-15.0,0.56,0.0,2.5,зима,нет,да
2018-01-31,15,214,-0.5,30,2.3,19970,-15.9,0.45,0.0,2.2,зима,нет,да
2018-01-31,16,216,-0.1,29,1.6,20000,-16.0,0.5,0.0,1.8,зима,нет,да
2018-01-31,17,279,-0.9,34,2.8,20000,-14.8,0.28,0.0,1.8,зима,нет,да
2018-01-31,18,403,-1.8,35,2.1,20000,-15.2,0.05,0.0,1.6,зима,нет,да
2018-01-31,19,270,-2.2,36,2.2,20000,-15.2,0.0,0.0,1.6,зима,нет,да
2018-01-31,20,229,-2.6,36,3.1,20000,-15.6,0.0,0.0,1.6,зима,нет,да
2018-01-31,21,229,-3.4,40,0.9,20000,-15.0,0.0,0.0,1.6,зима,нет,да
2018-01-31,22,188,-4.2,48,1.0,20000,-13.5,0.0,0.0,1.6,зима,нет,да
2018-01-31,23,132,-4.7,53,1.3,20000,-12.8,0.0,0.0,1.6,зима,нет,да
2018-02-01,0,122,-5.2,56,1.4,19960,-12.6,0.0,0.0,1.6,зима,нет,да
2018-02-01,1,149,-5.4,54,1.7,19960,-13.2,0.0,0.0,1.6,зима,нет,да
2018-02-01,2,103,-5.5,53,2.1,19800,-13.5,0.0,0.0,1.6,зима,нет,да
2018-02-01,3,81,-6.2,57,1.6,18740,-13.3,0.0,0.0,1.6,зима,нет,да
2018-02-01,4,37,-7.1,56,1.8,18410,-14.4,0.0,0.0,1.6,зима,нет,да
2018-02-01,5,51,-7.8,65,2.3,17370,-13.2,0.0,0.0,1.6,зима,нет,да
2018-02-01,6,95,-8.1,59,0.7,19150,-14.7,0.0,0.0,1.6,зима,нет,да
2018-02-01,7,244,-8.7,64,0.5,19720,-14.2,0.0,0.0,1.6,зима,нет,да
2018-02-01,8,459,-8.6,59,1.0,19480,-15.1,0.01,0.0,1.6,зима,нет,да
2018-02-01,9,259,-7.9,50,0.6,18050,-16.5,0.23,0.0,1.6,зима,нет,да
2018-02-01,10,168,-5.0,41,0.5,17990,-16.2,0.64,0.0,1.5,зима,нет,да
2018-02-01,11,194,-2.6,33,1.5,18300,-16.6,0.95,0.0,1.4,зима,нет,да
2018-02-01,12,240,-1.1,31,1.3,18690,-16.1,1.2,0.0,1.3,зима,нет,да
2018-02-01,13,233,0.3,28,3.1,19880,-16.1,1.3,0.0,1.0,зима,нет,да
2018-02-01,14,256,0.8,23,3.2,20000,-18.0,1.29,0.0,0.5,зима,нет,да
2018-02-01,15,293,0.7,25,3.0,19870,-17.1,1.12,0.0,0.0,зима,нет,да
2018-02-01,16,268,1.1,26,2.1,19570,-16.3,0.82,0.0,0.0,зима,нет,да
2018-02-01,17,341,0.3,26,2.4,19770,-17.0,0.45,0.0,0.0,зима,нет,да
2018-02-01,18,542,-1.0,28,1.9,20000,-17.2,0.08,0.0,0.0,зима,нет,да
2018-02-01,19,344,-1.8,32,1.5,20000,-16.3,0.0,0.0,0.0,зима,нет,да
2018-02-01,20,263,-2.4,36,1.0,20000,-15.4,0.0,0.0,0.0,зима,нет,да
2018-02-01,21,257,-3.2,47,1.8,19170,-12.9,0.0,0.0,0.0,зима,нет,да
2018-02-01,22,235,-3.9,52,1.2,18710,-12.3,0.0,0.0,0.0,зима,нет,да
2018-02-01,23,143,-4.5,55,0.4,19080,-12.1,0.0,0.0,0.0,зима,нет,да
2018-02-02,0,138,-4.9,56,1.1,19820,-12.3,0.0,0.0,0.0,зима,нет,да
2018-02-02,1,159,-5.2,56,0.9,19730,-12.6,0.0,0.0,0.0,зима,нет,да
2018-02-02,2,102,-5.7,59,0.3,19510,-12.4,0.0,0.0,0.0,зима,нет,да
2018-02-02,3,65,-6.3,63,0.9,14250,-12.2,0.0,0.0,0.0,зима,нет,да
2018-02-02,4,47,-6.7,65,1.1,17050,-12.1,0.0,0.0,0.0,зима,нет,да
2018-02-02,5,48,-6.8,61,0.2,17240,-13.0,0.0,0.0,0.0,зима,нет,да
2018-02-02,6,115,-7.0,62,1.3,18300,-13.0,0.0,0.0,0.0,зима,нет,да
2018-02-02,7,267,-7.4,62,1.5,19090,-13.4,0.0,0.0,0.0,зима,нет,да
2018-02-02,8,558,-7.4,58,2.2,18820,-14.2,0.01,0.0,0.0,зима,нет,да
2018-02-02,9,280,-6.5,54,1.2,15410,-14.2,0.22,0.0,0.0,зима,нет,да
2018-02-02,10,187,-4.1,43,1.2,11870,-14.8,0.59,0.0,0.0,зима,нет,да
2018-02-02,11,234,-1.4,37,1.0,13170,-14.2,0.91,0.0,0.0,зима,нет,да
2018-02-02,12,303,0.9,37,1.5,12830,-12.1,1.12,0.0,0.0,зима,нет,да
2018-02-02,13,294,1.6,29,2.2,16620,-14.5,1.2,0.0,0.0,зима,нет,да
2018-02-02,14,293,3.2,26,2.2,14990,-14.5,1.16,0.0,0.0,зима,нет,да
2018-02-02,15,310,3.6,26,2.4,16870,-14.1,0.99,0.0,0.0,зима,нет,да
2018-02-02,16,330,2.9,26,3.0,19680,-14.7,0.69,0.0,0.0,зима,нет,да
2018-02-02,17,382,2.0,25,2.3,19980,-16.0,0.34,0.0,0.0,зима,нет,да
2018-02-02,18,592,0.5,37,3.0,17330,-12.5,0.06,0.0,0.0,зима,нет,да
2018-02-02,19,379,-0.5,43,2.5,16660,-11.5,0.0,0.0,0.0,зима,нет,да
2018-02-02,20,241,-1.3,51,2.4,14810,-10.1,0.0,0.0,0.0,зима,нет,да
2018-02-02,21,225,-2.0,61,1.7,16550,-8.5,0.0,0.0,0.0,зима,нет,да
2018-02-02,22,227,-2.4,63,1.3,15230,-8.4,0.0,0.0,0.0,зима,нет,да
2018-02-02,23,178,-2.6,69,2.0,14340,-7.5,0.0,0.0,0.0,зима,нет,да
2018-02-03,0,182,-2.5,69,2.2,13660,-7.4,0.0,0.0,0.0,зима,нет,да
2018-02-03,1,184,-2.3,71,3.2,10780,-6.8,0.0,0.0,0.0,зима,нет,да
2018-02-03,2,123,-3.4,82,4.2,1840,-6.0,0.0,0.0,0.0,зима,нет,да
2018-02-03,3,60,-4.4,80,4.3,3460,-7.3,0.0,0.1,0.1,зима,нет,да
2018-02-03,4,35,-5.6,74,4.0,3870,-9.5,0.0,0.0,0.2,зима,нет,да
2018-02-03,5,31,-6.3,65,3.9,15210,-11.8,0.0,0.0,0.3,зима,нет,да
2018-02-03,6,33,-7.8,57,4.8,18670,-14.8,0.0,0.4,0.3,зима,нет,да
2018-02-03,7,67,-8.8,58,4.0,19420,-15.5,0.0,0.0,0.3,зима,нет,да
2018-02-03,8,116,-9.5,56,3.5,19790,-16.6,0.01,0.0,0.3,зима,нет,да
2018-02-03,9,168,-9.4,47,3.3,19950,-18.6,0.42,0.0,0.3,зима,нет,да
2018-02-03,10,144,-8.5,43,4.0,17970,-18.8,1.09,0.0,0.2,зима,нет,да
2018-02-03,11,195,-7.7,41,4.6,19840,-18.7,1.65,0.0,0.2,зима,нет,да
2018-02-03,12,192,-6.0,38,3.4,19300,-18.0,2.04,0.0,0.0,зима,нет,да
2018-02-03,13,229,-5.8,38,3.7,19610,-17.8,2.25,0.0,0.0,зима,нет,да
2018-02-03,14,196,-5.0,31,4.0,20000,-19.5,2.18,0.0,0.0,зима,нет,да
2018-02-03,15,210,-4.5,31,4.3,19790,-19.1,1.91,0.0,0.0,зима,нет,да
2018-02-03,16,205,-4.2,31,3.5,19740,-18.8,1.42,0.0,0.0,зима,нет,да
2018-02-03,17,211,-5.6,32,4.6,20000,-19.7,0.53,0.0,0.0,зима,нет,да
2018-02-03,18,175,-6.6,36,4.4,20000,-19.2,0.15,0.0,0.0,зима,нет,да
2018-02-03,19,135,-7.6,32,4.8,20000,-21.4,0.0,0.0,0.0,зима,нет,да
2018-02-03,20,109,-8.5,31,4.1,20000,-22.6,0.0,0.0,0.0,зима,нет,да
2018-02-03,21,107,-9.1,38,2.7,20000,-20.8,0.0,0.0,0.0,зима,нет,да
2018-02-03,22,92,-9.7,45,3.0,20000,-19.4,0.0,0.0,0.0,зима,нет,да
2018-02-03,23,91,-10.0,48,2.6,20000,-18.9,0.0,0.0,0.0,зима,нет,да
2018-02-04,0,98,-10.4,49,2.4,20000,-19.0,0.0,0.0,0.0,зима,нет,да
2018-02-04,1,90,-10.5,48,3.1,20000,-19.4,0.0,0.0,0.0,зима,нет,да
2018-02-04,2,60,-10.5,49,2.0,20000,-19.1,0.0,0.0,0.0,зима,нет,да
2018-02-04,3,54,-10.6,47,3.7,20000,-19.7,0.0,0.0,0.0,зима,нет,да
2018-02-04,4,35,-11.2,47,2.3,20000,-20.3,0.0,0.0,0.0,зима,нет,да
2018-02-04,5,21,-11.5,51,3.3,19960,-19.6,0.0,0.0,0.0,зима,нет,да
2018-02-04,6,23,-11.8,54,2.4,19170,-19.2,0.0,0.0,0.0,зима,нет,да
2018-02-04,7,34,-12.4,54,2.5,17900,-19.8,0.0,0.0,0.0,зима,нет,да
2018-02-04,8,70,-12.8,56,2.4,15070,-19.7,0.02,0.0,0.0,зима,нет,да
2018-02-04,9,97,-12.4,51,3.8,14150,-20.4,0.38,0.0,0.0,зима,нет,да
2018-02-04,10,103,-11.2,43,3.5,13590,-21.3,1.04,0.0,0.0,зима,нет,да
2018-02-04,11,115,-9.7,37,2.8,14360,-21.6,1.57,0.0,0.0,зима,нет,да
2018-02-04,12,165,-8.3,32,1.8,12950,-22.1,1.99,0.0,0.0,зима,нет,да
2018-02-04,13,152,-8.3,34,4.0,15610,-21.4,2.22,0.0,0.0,зима,нет,да
2018-02-04,14,177,-7.4,33,4.0,17130,-20.9,2.17,0.0,0.0,зима,нет,да
2018-02-04,15,190,-6.4,30,4.9,19390,-21.1,1.89,0.0,0.0,зима,нет,да
2018-02-04,16,181,-5.4,29,3.6,19790,-20.6,1.4,0.0,0.0,зима,нет,да
2018-02-04,17,184,-5.9,27,3.6,19740,-21.9,0.81,0.0,0.0,зима,нет,да
2018-02-04,18,154,-7.0,26,4.1,20000,-23.3,0.16,0.0,0.0,зима,нет,да
2018-02-04,19,124,-7.7,31,3.3,20000,-21.9,0.0,0.0,0.0,зима,нет,да
2018-02-04,20,98,-8.2,28,3.5,20000,-23.5,0.0,0.0,0.0,зима,нет,да
2018-02-04,21,107,-8.9,35,3.2,20000,-21.6,0.0,0.0,0.0,зима,нет,да
2018-02-04,22,78,-9.7,45,1.3,20000,-19.4,0.0,0.0,0.0,зима,нет,да
2018-02-04,23,77,-10.3,48,2.0,20000,-19.2,0.0,0.0,0.0,зима,нет,да
2018-02-05,0,82,-10.5,52,2.4,20000,-18.4,0.0,0.0,0.0,зима,нет,да
2018-02-05,1,52,-11.2,54,1.0,20000,-18.6,0.0,0.0,0.0,зима,нет,да
2018-02-05,2,39,-11.2,55,1.5,20000,-18.4,0.0,0.0,0.0,зима,нет,да
2018-02-05,3,33,-11.3,54,0.6,20000,-18.7,0.0,0.0,0.0,зима,нет,да
2018-02-05,4,20,-11.7,51,1.2,20000,-19.8,0.0,0.0,0.0,зима,нет,да
2018-02-05,5,37,-11.6,45,2.4,20000,-21.1,0.0,0.0,0.0,зима,нет,да
2018-02-05,6,110,-11.5,40,2.3,20000,-22.4,0.0,0.0,0.0,зима,нет,да
2018-02-05,7,227,-11.6,44,1.6,20000,-21.4,0.0,0.0,0.0,зима,нет,да
2018-02-05,8,433,-11.5,40,2.8,20000,-22.4,0.02,0.0,0.0,зима,нет,да
2018-02-05,9,216,-11.1,38,2.4,19450,-22.6,0.43,0.0,0.0,зима,нет,да
2018-02-05,10,123,-9.6,32,3.7,20000,-23.2,1.14,0.0,0.0,зима,нет,да
2018-02-05,11,156,-8.5,27,4.7,18940,-24.2,1.73,0.0,0.0,зима,нет,да
2018-02-05,12,157,-7.8,28,4.1,20000,-23.1,2.12,0.0,0.0,зима,нет,да
2018-02-05,13,169,-7.0,25,4.2,19990,-23.7,2.29,0.0,0.0,зима,нет,да
2018-02-05,14,170,-6.4,24,4.6,19700,-23.7,2.23,0.0,0.0,зима,нет,да
2018-02-05,15,169,-5.7,25,4.4,19950,-22.6,1.94,0.0,0.0,зима,нет,да
2018-02-05,16,199,-5.4,25,3.4,19850,-22.3,1.44,0.0,0.0,зима,нет,да
2018-02-05,17,225,-6.4,28,4.5,20000,-21.9,0.81,0.0,0.0,зима,нет,да
2018-02-05,18,388,-7.6,29,3.5,20000,-22.6,0.16,0.0,0.0,зима,нет,да
2018-02-05,19,246,-8.3,29,4.1,20000,-23.2,0.0,0.0,0.0,зима,нет,да
2018-02-05,20,206,-9.1,35,3.8,20000,-21.7,0.0,0.0,0.0,зима,нет,да
2018-02-05,21,177,-9.8,41,3.9,19490,-20.6,0.0,0.0,0.0,зима,нет,да
2018-02-05,22,183,-10.3,43,3.7,18760,-20.5,0.0,0.0,0.0,зима,нет,да
2018-02-05,23,115,-10.5,47,2.8,17940,-19.6,0.0,0.0,0.0,зима,нет,да
2018-02-06,0,126,-10.6,47,3.5,18030,-19.7,0.0,0.0,0.0,зима,нет,да
2018-02-06,1,87,-10.9,36,3.3,20000,-23.0,0.0,0.0,0.0,зима,нет,да
2018-02-06,2,59,-11.2,36,2.9,19810,-23.3,0.0,0.0,0.0,зима,нет,да
2018-02-06,3,36,-11.6,35,3.2,19920,-24.0,0.0,0.0,0.0,зима,нет,да
2018-02-06,4,32,-12.0,36,2.7,19980,-24.0,0.0,0.0,0.0,зима,нет,да
2018-02-06,5,40,-12.3,37,2.9,20000,-24.0,0.0,0.0,0.0,зима,нет,да
2018-02-06,6,94,-12.5,40,3.4,19910,-23.3,0.0,0.0,0.0,зима,нет,да
2018-02-06,7,213,-12.7,41,3.7,19820,-23.2,0.0,0.0,0.0,зима,нет,да
2018-02-06,8,438,-12.7,41,3.1,20000,-23.2,0.02,0.0,0.0,зима,нет,да
2018-02-06,9,217,-12.3,39,3.7,19840,-23.4,0.45,0.0,0.0,зима,нет,да
2018-02-06,10,128,-11.3,35,4.2,18480,-23.7,1.15,0.0,0.0,зима,нет,да
2018-02-06,11,175,-9.9,32,3.3,18630,-23.5,1.72,0.0,0.0,зима,нет,да
2018-02-06,12,172,-8.2,31,2.7,18580,-22.3,2.09,0.0,0.0,зима,нет,да
2018-02-06,13,165,-7.5,28,4.3,19040,-22.9,2.3,0.0,0.0,зима,нет,да
2018-02-06,14,147,-7.0,26,4.4,19860,-23.3,2.24,0.0,0.0,зима,нет,да
2018-02-06,15,171,-5.9,25,3.1,19360,-22.8,1.93,0.0,0.0,зима,нет,да
2018-02-06,16,175,-5.9,24,3.5,20000,-23.2,1.44,0.0,0.0,зима,нет,да
2018-02-06,17,227,-6.6,29,2.5,20000,-21.7,0.68,0.0,0.0,зима,нет,да
2018-02-06,18,392,-7.6,36,3.3,20000,-20.1,0.11,0.0,0.0,зима,нет,да
2018-02-06,19,251,-8.4,37,4.0,20000,-20.5,0.0,0.0,0.0,зима,нет,да
2018-02-06,20,193,-9.6,34,2.6,20000,-22.5,0.0,0.0,0.0,зима,нет,да
2018-02-06,21,175,-10.6,39,3.1,20000,-21.9,0.0,0.0,0.0,зима,нет,да
2018-02-06,22,169,-11.1,43,1.8,19600,-21.2,0.0,0.0,0.0,зима,нет,да
2018-02-06,23,106,-11.8,46,1.1,18600,-21.1,0.0,0.0,0.0,зима,нет,да
2018-02-07,0,116,-12.3,47,0.4,18480,-21.3,0.0,0.0,0.0,зима,нет,да
2018-02-07,1,96,-12.3,47,1.9,18370,-21.3,0.0,0.0,0.0,зима,нет,да
2018-02-07,2,83,-12.5,50,1.0,17220,-20.8,0.0,0.0,0.0,зима,нет,да
2018-02-07,3,51,-12.5,49,1.5,18850,-21.0,0.0,0.0,0.0,зима,нет,да
2018-02-07,4,34,-13.1,54,0.7,13690,-20.4,0.0,0.0,0.0,зима,нет,да
2018-02-07,5,45,-13.0,53,0.7,18100,-20.5,0.0,0.0,0.0,зима,нет,да
2018-02-07,6,92,-13.2,50,0.5,18730,-21.4,0.0,0.0,0.0,зима,нет,да
2018-02-07,7,214,-13.2,56,0.9,16650,-20.1,0.0,0.0,0.0,зима,нет,да
2018-02-07,8,469,-13.3,60,0.6,15980,-19.4,0.02,0.0,0.0,зима,нет,да
2018-02-07,9,237,-12.0,50,1.3,15230,-20.3,0.43,0.0,0.0,зима,нет,да
2018-02-07,10,155,-9.6,39,0.7,15800,-21.0,1.06,0.0,0.0,зима,нет,да
2018-02-07,11,176,-7.0,28,3.3,18290,-22.4,1.56,0.0,0.0,зима,нет,да
2018-02-07,12,188,-6.0,24,2.6,19640,-23.3,1.97,0.0,0.0,зима,нет,да
2018-02-07,13,228,-4.5,23,2.6,19370,-22.5,2.12,0.0,0.0,зима,нет,да
2018-02-07,14,199,-3.5,20,1.5,19760,-23.2,2.02,0.0,0.0,зима,нет,да
2018-02-07,15,221,-2.1,20,2.3,19610,-22.1,1.87,0.0,0.0,зима,нет,да
2018-02-07,16,240,-1.7,18,2.0,19190,-22.9,1.41,0.0,0.0,зима,нет,да
2018-02-07,17,320,-2.3,20,2.2,19940,-22.2,0.77,0.0,0.0,зима,нет,да
2018-02-07,18,448,-4.0,27,2.5,20000,-20.2,0.16,0.0,0.0,зима,нет,да
2018-02-07,19,280,-5.2,33,2.6,20000,-19.0,0.0,0.0,0.0,зима,нет,да
2018-02-07,20,218,-5.8,44,2.1,19940,-16.1,0.0,0.0,0.0,зима,нет,да
2018-02-07,21,223,-6.3,48,2.2,19650,-15.5,0.0,0.0,0.0,зима,нет,да
2018-02-07,22,200,-6.8,50,1.7,18560,-15.5,0.0,0.0,0.0,зима,нет,да
2018-02-07,23,164,-7.6,50,1.0,18390,-16.2,0.0,0.0,0.0,зима,нет,да
2018-02-08,0,136,-8.2,50,1.1,18500,-16.8,0.0,0.0,0.0,зима,нет,да
2018-02-08,1,126,-8.5,60,1.2,19080,-14.8,0.0,0.0,0.0,зима,нет,да
2018-02-08,2,103,-8.3,65,0.4,17500,-13.7,0.0,0.0,0.0,зима,нет,да
2018-02-08,3,57,-8.6,64,0.9,17540,-14.1,0.0,0.0,0.0,зима,нет,да
2018-02-08,4,46,-9.0,54,0.6,18330,-16.6,0.0,0.0,0.0,зима,нет,да
2018-02-08,5,39,-9.0,56,0.4,16780,-16.1,0.0,0.0,0.0,зима,нет,да
2018-02-08,6,99,-9.3,61,0.7,16840,-15.4,0.0,0.0,0.0,зима,нет,да
2018-02-08,7,255,-9.6,67,1.0,15030,-14.5,0.0,0.0,0.0,зима,нет,да
2018-02-08,8,507,-9.7,65,0.8,15080,-15.0,0.02,0.0,0.0,зима,нет,да
2018-02-08,9,270,-8.5,55,1.0,14820,-15.9,0.4,0.0,0.0,зима,нет,да
2018-02-08,10,160,-6.3,46,1.3,13460,-16.0,1.01,0.0,0.0,зима,нет,да
2018-02-08,11,217,-3.1,39,1.2,14950,-15.1,1.54,0.0,0.0,зима,нет,да
2018-02-08,12,253,-1.5,35,1.2,15510,-15.0,1.9,0.0,0.0,зима,нет,да
2018-02-08,13,270,0.3,30,1.4,16970,-15.2,2.11,0.0,0.0,зима,нет,да
2018-02-08,14,253,0.9,25,2.4,17300,-16.9,2.09,0.0,0.0,зима,нет,да
2018-02-08,15,286,1.4,25,2.2,16860,-16.5,1.81,0.0,0.0,зима,нет,да
2018-02-08,16,284,2.0,25,2.3,17550,-16.0,1.3,0.0,0.0,зима,нет,да
2018-02-08,17,337,1.5,24,1.9,17880,-16.9,0.72,0.0,0.0,зима,нет,да
2018-02-08,18,564,-0.5,26,1.7,19990,-17.7,0.15,0.0,0.0,зима,нет,да
2018-02-08,19,378,-1.8,35,1.4,15580,-15.2,0.0,0.0,0.0,зима,нет,да
2018-02-08,20,277,-2.8,40,1.5,15930,-14.5,0.0,0.0,0.0,зима,нет,да
2018-02-08,21,268,-3.3,42,1.1,15960,-14.4,0.0,0.0,0.0,зима,нет,да
2018-02-08,22,233,-3.9,41,0.4,14620,-15.2,0.0,0.0,0.0,зима,нет,да
2018-02-08,23,195,-4.3,44,0.7,12470,-14.7,0.0,0.0,0.0,зима,нет,да
2018-02-09,0,178,-4.6,38,0.1,15510,-16.7,0.0,0.0,0.0,зима,нет,да
2018-02-09,1,159,-4.8,44,1.1,14320,-15.2,0.0,0.0,0.0,зима,нет,да
2018-02-09,2,107,-5.1,47,0.9,14600,-14.6,0.0,0.0,0.0,зима,нет,да
2018-02-09,3,78,-5.2,48,0.7,13090,-14.5,0.0,0.0,0.0,зима,нет,да
2018-02-09,4,46,-4.4,47,0.9,13430,-14.0,0.0,0.0,0.0,зима,нет,да
2018-02-09,5,36,-4.2,44,1.1,11960,-14.6,0.0,0.0,0.0,зима,нет,да
2018-02-09,6,117,-4.0,41,0.8,12420,-15.3,0.0,0.0,0.0,зима,нет,да
2018-02-09,7,273,-3.6,42,0.9,12580,-14.6,0.0,0.0,0.0,зима,нет,да
2018-02-09,8,589,-3.3,39,0.9,12790,-15.3,0.02,0.0,0.0,зима,нет,да
2018-02-09,9,308,-2.4,36,1.2,12760,-15.4,0.2,0.0,0.0,зима,нет,да
2018-02-09,10,199,-1.3,34,0.5,11920,-15.1,0.32,0.0,0.0,зима,нет,да
2018-02-09,11,238,-0.2,31,0.8,12690,-15.3,0.5,0.0,0.0,зима,нет,да
2018-02-09,12,260,1.6,28,0.5,11930,-14.9,0.88,0.0,0.0,зима,нет,да
2018-02-09,13,268,2.6,27,0.8,11200,-14.5,0.82,0.0,0.0,зима,нет,да
2018-02-09,14,283,4.0,25,0.9,10090,-14.3,1.06,0.0,0.0,зима,нет,да
2018-02-09,15,315,5.0,24,1.0,10370,-13.9,1.16,0.0,0.0,зима,нет,да
2018-02-09,16,319,6.0,28,1.7,11830,-11.1,1.03,0.0,0.0,зима,нет,да
2018-02-09,17,422,4.8,38,3.0,15820,-8.3,0.47,0.0,0.0,зима,нет,да
2018-02-09,18,659,4.1,40,2.1,13270,-8.3,0.1,0.0,0.0,зима,нет,да
2018-02-09,19,407,3.3,58,1.7,10240,-4.1,0.0,0.0,0.0,зима,нет,да
2018-02-09,20,308,3.0,61,1.9,8420,-3.8,0.0,0.0,0.0,зима,нет,да
2018-02-09,21,243,2.9,63,1.0,7860,-3.4,0.0,0.0,0.0,зима,нет,да
2018-02-09,22,263,2.5,66,1.1,7590,-3.2,0.0,0.0,0.0,зима,нет,да
2018-02-09,23,193,2.0,70,0.7,6890,-2.9,0.0,0.0,0.0,зима,нет,да
2018-02-10,0,197,1.5,71,1.1,5900,-3.1,0.0,0.0,0.0,зима,нет,да
2018-02-10,1,237,1.7,71,1.2,5840,-3.0,0.0,0.0,0.0,зима,нет,да
2018-02-10,2,169,1.9,71,1.5,5840,-2.8,0.0,0.0,0.0,зима,нет,да
2018-02-10,3,145,2.0,71,1.2,5340,-2.7,0.0,0.0,0.0,зима,нет,да
2018-02-10,4,79,1.9,74,1.2,5140,-2.2,0.0,0.0,0.0,зима,нет,да
2018-02-10,5,41,1.8,75,2.0,4840,-2.1,0.0,0.0,0.0,зима,нет,да
2018-02-10,6,48,1.6,78,1.6,4480,-1.8,0.0,0.0,0.0,зима,нет,да
2018-02-10,7,97,1.6,81,1.4,3930,-1.3,0.0,0.0,0.0,зима,нет,да
2018-02-10,8,188,1.6,82,1.3,3490,-1.1,0.01,0.0,0.0,зима,нет,да
2018-02-10,9,222,1.6,78,2.0,2600,-1.8,0.17,0.0,0.0,зима,нет,да
2018-02-10,10,223,1.8,73,2.8,2700,-2.5,0.69,0.0,0.0,зима,нет,да
2018-02-10,11,235,2.6,62,2.9,2940,-3.9,1.12,0.0,0.0,зима,нет,да
2018-02-10,12,248,2.9,53,4.7,3540,-5.7,1.37,0.0,0.0,зима,нет,да
2018-02-10,13,296,2.8,31,4.0,9670,-12.6,1.42,0.0,0.0,зима,нет,да
2018-02-10,14,286,2.2,24,4.5,17000,-16.3,1.66,0.0,0.0,зима,нет,да
2018-02-10,15,277,2.0,20,4.1,19420,-18.6,1.49,0.0,0.0,зима,нет,да
2018-02-10,16,291,0.3,17,4.9,20000,-21.9,0.87,0.0,0.0,зима,нет,да
2018-02-10,17,277,-0.9,19,5.0,20000,-21.6,0.48,0.0,0.0,зима,нет,да
2018-02-10,18,216,-2.0,15,5.6,20000,-25.2,0.13,0.0,0.0,зима,нет,да
2018-02-10,19,151,-3.1,14,5.1,20000,-26.9,0.0,0.0,0.0,зима,нет,да
2018-02-10,20,132,-4.4,19,5.8,20000,-24.6,0.0,0.0,0.0,зима,нет,да
2018-02-10,21,124,-5.6,28,4.1,20000,-21.2,0.0,0.0,0.0,зима,нет,да
2018-02-10,22,128,-6.2,32,3.5,20000,-20.2,0.0,0.0,0.0,зима,нет,да
2018-02-10,23,118,-6.7,35,2.1,20000,-19.6,0.0,0.0,0.0,зима,нет,да
2018-02-11,0,112,-6.9,36,2.1,20000,-19.5,0.0,0.0,0.0,зима,нет,да
2018-02-11,1,95,-7.0,38,2.6,20000,-18.9,0.0,0.0,0.0,зима,нет,да
2018-02-11,2,93,-7.0,42,1.6,20000,-17.7,0.0,0.0,0.0,зима,нет,да
2018-02-11,3,58,-7.2,43,2.0,20000,-17.6,0.0,0.0,0.0,зима,нет,да
2018-02-11,4,34,-7.5,42,2.4,19980,-18.2,0.0,0.0,0.0,зима,нет,да
2018-02-11,5,19,-7.8,39,2.8,20000,-19.3,0.0,0.0,0.0,зима,нет,да
2018-02-11,6,39,-8.4,33,1.4,19630,-21.8,0.0,0.0,0.0,зима,нет,да
2018-02-11,7,40,-9.2,34,2.0,19450,-22.2,0.0,0.0,0.0,зима,нет,да
2018-02-11,8,81,-9.4,29,1.9,19670,-24.1,0.03,0.0,0.0,зима,нет,да
2018-02-11,9,126,-8.6,28,1.5,17860,-23.8,0.49,0.0,0.0,зима,нет,да
2018-02-11,10,130,-6.9,21,3.4,18270,-25.6,1.16,0.0,0.0,зима,нет,да
2018-02-11,11,155,-5.0,25,3.2,18530,-22.0,1.75,0.0,0.0,зима,нет,да
2018-02-11,12,174,-3.9,28,2.9,19210,-19.7,2.12,0.0,0.0,зима,нет,да
2018-02-11,13,212,-2.4,28,3.0,19530,-18.4,2.35,0.0,0.0,зима,нет,да
2018-02-11,14,191,-2.2,29,4.1,19830,-17.8,1.93,0.0,0.0,зима,нет,да
2018-02-11,15,181,-2.6,31,2.7,19870,-17.4,1.36,0.0,0.0,зима,нет,да
2018-02-11,16,175,-3.6,36,4.4,20000,-16.5,0.67,0.0,0.0,зима,нет,да
2018-02-11,17,198,-4.2,47,2.7,20000,-13.8,0.31,0.0,0.0,зима,нет,да
2018-02-11,18,150,-4.6,56,3.6,20000,-12.0,0.09,0.0,0.0,зима,нет,да
2018-02-11,19,147,-5.2,66,3.1,20000,-10.5,0.0,0.0,0.0,зима,нет,да
2018-02-11,20,127,-5.7,67,2.6,20000,-10.8,0.0,0.0,0.0,зима,нет,да
2018-02-11,21,119,-5.6,69,2.2,19840,-10.3,0.0,0.0,0.0,зима,нет,да
2018-02-11,22,103,-5.8,57,3.2,19800,-12.9,0.0,0.0,0.0,зима,нет,да
2018-02-11,23,91,-7.0,49,3.4,19840,-15.9,0.0,0.0,0.0,зима,нет,да
2018-02-12,0,103,-7.7,52,3.2,19820,-15.8,0.0,0.0,0.0,зима,нет,да
2018-02-12,1,69,-7.9,52,3.7,19610,-16.0,0.0,0.0,0.0,зима,нет,да
2018-02-12,2,45,-8.3,49,2.7,20000,-17.1,0.0,0.0,0.0,зима,нет,да
2018-02-12,3,21,-8.5,35,2.7,20000,-21.2,0.0,0.0,0.0,зима,нет,да
2018-02-12,4,33,-8.6,31,3.5,20000,-22.7,0.0,0.0,0.0,зима,нет,да
2018-02-12,5,30,-9.2,37,1.1,20000,-21.2,0.0,0.0,0.0,зима,нет,да
2018-02-12,6,109,-9.5,36,1.5,20000,-21.8,0.0,0.0,0.0,зима,нет,да
2018-02-12,7,236,-9.5,35,1.1,20000,-22.1,0.0,0.0,0.0,зима,нет,да
2018-02-12,8,517,-9.1,33,2.1,19980,-22.4,0.03,0.0,0.0,зима,нет,да
2018-02-12,9,262,-8.4,28,2.2,19470,-23.7,0.49,0.0,0.0,зима,нет,да
2018-02-12,10,161,-6.7,23,2.4,19380,-24.4,1.25,0.0,0.0,зима,нет,да
2018-02-12,11,190,-6.1,25,2.8,19760,-22.9,1.28,0.0,0.0,зима,нет,да
2018-02-12,12,202,-4.6,32,4.2,18740,-18.8,1.43,0.0,0.0,зима,нет,да
2018-02-12,13,246,-2.7,29,2.9,19610,-18.3,2.29,0.0,0.0,зима,нет,да
2018-02-12,14,182,-2.4,30,3.4,18240,-17.6,2.08,0.0,0.0,зима,нет,да
2018-02-12,15,228,-2.1,30,3.9,19330,-17.3,2.22,0.0,0.0,зима,нет,да
2018-02-12,16,239,-2.4,33,4.5,18150,-16.5,1.55,0.0,0.0,зима,нет,да
2018-02-12,17,288,-3.1,36,4.4,19880,-16.0,0.89,0.0,0.0,зима,нет,да
2018-02-12,18,475,-4.4,46,3.5,20000,-14.3,0.23,0.0,0.0,зима,нет,да
2018-02-12,19,340,-4.9,52,2.0,20000,-13.2,0.0,0.0,0.0,зима,нет,да
2018-02-12,20,244,-4.7,55,1.7,20000,-12.3,0.0,0.0,0.0,зима,нет,да
2018-02-12,21,253,-4.3,59,3.0,12390,-11.1,0.0,0.0,0.0,зима,нет,да
2018-02-12,22,200,-4.2,57,1.7,20000,-11.4,0.0,0.0,0.0,зима,нет,да
2018-02-12,23,140,-4.4,58,2.4,20000,-11.4,0.0,0.0,0.0,зима,нет,да
2018-02-13,0,158,-5.0,60,1.8,19950,-11.5,0.0,0.0,0.0,зима,нет,да
2018-02-13,1,146,-5.5,60,1.3,19940,-12.0,0.0,0.0,0.0,зима,нет,да
2018-02-13,2,106,-6.0,58,2.0,20000,-12.9,0.0,0.0,0.0,зима,нет,да
2018-02-13,3,70,-6.2,61,1.3,19920,-12.5,0.0,0.0,0.0,зима,нет,да
2018-02-13,4,46,-6.4,62,1.8,19780,-12.4,0.0,0.0,0.0,зима,нет,да
2018-02-13,5,51,-6.7,64,1.6,19810,-12.3,0.0,0.0,0.0,зима,нет,да
2018-02-13,6,96,-7.1,70,1.0,19770,-11.6,0.0,0.0,0.0,зима,нет,да
2018-02-13,7,294,-7.2,70,1.9,19460,-11.7,0.0,0.0,0.0,зима,нет,да
2018-02-13,8,568,-7.1,68,0.6,19310,-12.0,0.03,0.0,0.0,зима,нет,да
2018-02-13,9,285,-5.9,52,1.4,19350,-14.1,0.53,0.0,0.0,зима,нет,да
2018-02-13,10,200,-2.4,41,1.5,19050,-13.8,1.19,0.0,0.0,зима,нет,да
2018-02-13,11,252,-0.3,40,3.4,17280,-12.2,1.73,0.0,0.0,зима,нет,да
2018-02-13,12,281,1.0,41,3.3,17940,-10.8,2.11,0.0,0.0,зима,нет,да
2018-02-13,13,256,2.6,40,3.5,18540,-9.6,2.28,0.0,0.0,зима,нет,да
2018-02-13,14,300,3.7,39,3.8,19080,-9.0,2.19,0.0,0.0,зима,нет,да
2018-02-13,15,295,3.7,40,5.3,19500,-8.6,1.96,0.0,0.0,зима,нет,да
2018-02-13,16,328,3.9,41,4.0,19730,-8.1,1.24,0.0,0.0,зима,нет,да
2018-02-13,17,410,3.5,46,3.1,19920,-7.0,0.39,0.0,0.0,зима,нет,да
2018-02-13,18,604,3.1,50,3.7,20000,-6.3,0.07,0.0,0.0,зима,нет,да
2018-02-13,19,406,2.4,57,3.2,19950,-5.2,0.0,0.0,0.0,зима,нет,да
2018-02-13,20,323,2.3,59,3.8,19810,-4.9,0.0,0.0,0.0,зима,нет,да
2018-02-13,21,290,2.6,57,3.8,20000,-5.0,0.0,0.0,0.0,зима,нет,да
2018-02-13,22,291,2.6,57,3.1,20000,-5.0,0.0,0.0,0.0,зима,нет,да
2018-02-13,23,211,2.4,59,3.2,20000,-4.8,0.0,0.0,0.0,зима,нет,да
2018-02-14,0,178,2.0,65,2.2,18850,-3.9,0.0,0.0,0.0,зима,нет,да
2018-02-14,1,213,1.3,67,1.2,17380,-4.1,0.0,0.0,0.0,зима,нет,да
2018-02-14,2,129,1.2,64,0.9,16800,-4.8,0.0,0.0,0.0,зима,нет,да
2018-02-14,3,101,1.1,65,1.0,15960,-4.7,0.0,0.0,0.0,зима,нет,да
2018-02-14,4,51,1.1,67,1.7,15060,-4.3,0.0,0.0,0.0,зима,нет,да
2018-02-14,5,56,1.0,68,0.6,15190,-4.2,0.0,0.0,0.0,зима,нет,да
2018-02-14,6,108,1.1,66,0.9,15500,-4.5,0.0,0.0,0.0,зима,нет,да
2018-02-14,7,292,1.3,66,1.1,15340,-4.3,0.0,0.0,0.0,зима,нет,да
2018-02-14,8,606,2.1,65,1.1,15590,-3.8,0.01,0.0,0.0,зима,нет,да
2018-02-14,9,326,3.9,64,2.9,14830,-2.3,0.18,0.0,0.0,зима,нет,да
2018-02-14,10,241,5.2,65,3.9,13130,-0.8,0.56,0.0,0.0,зима,нет,да
2018-02-14,11,288,6.3,67,3.5,11790,0.6,0.52,0.0,0.0,зима,нет,да
2018-02-14,12,312,6.9,67,3.9,9860,1.1,0.42,0.0,0.0,зима,нет,да
2018-02-14,13,349,7.2,65,3.8,7730,1.0,0.61,0.0,0.0,зима,нет,да
2018-02-14,14,398,7.8,57,3.5,6750,-0.2,1.34,0.0,0.0,зима,нет,да
2018-02-14,15,461,8.7,48,4.1,7670,-1.7,1.68,0.0,0.0,зима,нет,да
2018-02-14,16,447,8.0,36,3.5,10130,-6.1,1.09,0.0,0.0,зима,нет,да
2018-02-14,17,484,6.6,34,2.8,13000,-8.1,0.42,0.0,0.0,зима,нет,да
2018-02-14,18,559,5.1,34,2.3,14400,-9.5,0.09,0.0,0.0,зима,нет,да
2018-02-14,19,316,3.9,37,1.4,14170,-9.4,0.0,0.0,0.0,зима,нет,да
2018-02-14,20,262,2.8,29,2.8,14730,-13.5,0.0,0.0,0.0,зима,нет,да
2018-02-14,21,216,1.7,27,3.1,17340,-15.3,0.0,0.0,0.0,зима,нет,да
2018-02-14,22,218,0.3,33,4.0,14360,-14.1,0.0,0.0,0.0,зима,нет,да
2018-02-14,23,160,-0.3,35,2.1,15770,-13.9,0.0,0.0,0.0,зима,нет,да
2018-02-15,0,126,-0.7,37,3.5,17160,-13.6,0.0,0.0,0.0,зима,да,да
2018-02-15,1,123,-1.1,38,2.8,19990,-13.6,0.0,0.0,0.0,зима,да,да
2018-02-15,2,112,-1.2,35,2.2,20000,-14.7,0.0,0.0,0.0,зима,да,да
2018-02-15,3,74,-1.4,34,2.1,20000,-15.2,0.0,0.0,0.0,зима,да,да
2018-02-15,4,58,-1.9,34,3.0,20000,-15.7,0.0,0.0,0.0,зима,да,да
2018-02-15,5,32,-2.4,33,3.1,20000,-16.5,0.0,0.0,0.0,зима,да,да
2018-02-15,6,39,-2.6,38,1.0,20000,-15.0,0.0,0.0,0.0,зима,да,да
2018-02-15,7,55,-3.0,40,0.9,20000,-14.7,0.0,0.0,0.0,зима,да,да
2018-02-15,8,112,-3.0,38,1.0,20000,-15.4,0.0,0.0,0.0,зима,да,да
2018-02-15,9,112,-3.5,30,1.5,19800,-18.6,0.0,0.0,0.0,зима,да,да
2018-02-15,10,127,-1.6,26,1.9,19800,-18.6,1.29,0.0,0.0,зима,да,да
2018-02-15,11,170,0.1,22,2.0,20000,-19.1,1.84,0.0,0.0,зима,да,да
2018-02-15,12,174,1.7,20,3.0,19830,-18.9,2.28,0.0,0.0,зима,да,да
2018-02-15,13,240,2.2,18,3.4,19420,-19.7,2.3,0.0,0.0,зима,да,да
2018-02-15,14,270,2.9,14,4.3,20000,-22.0,2.29,0.0,0.0,зима,да,да
2018-02-15,15,276,3.8,17,3.2,20000,-19.0,1.97,0.0,0.0,зима,да,да
2018-02-15,16,273,3.2,16,3.0,20000,-20.2,1.45,0.0,0.0,зима,да,да
2018-02-15,17,236,2.4,17,3.1,19900,-20.2,0.78,0.0,0.0,зима,да,да
2018-02-15,18,190,1.1,18,2.5,20000,-20.6,0.2,0.0,0.0,зима,да,да
2018-02-15,19,166,0.1,21,2.9,20000,-19.7,0.0,0.0,0.0,зима,да,да
2018-02-15,20,148,-0.4,27,2.2,20000,-17.1,0.0,0.0,0.0,зима,да,да
2018-02-15,21,134,-1.1,32,2.4,20000,-15.7,0.0,0.0,0.0,зима,да,да
2018-02-15,22,145,-1.9,30,0.8,20000,-17.2,0.0,0.0,0.0,зима,да,да
2018-02-15,23,92,-2.5,31,1.4,19960,-17.3,0.0,0.0,0.0,зима,да,да
2018-02-16,0,105,-3.3,35,1.8,19770,-16.6,0.0,0.0,0.0,зима,да,да
2018-02-16,1,77,-3.6,35,2.0,19430,-16.8,0.0,0.0,0.0,зима,да,да
2018-02-16,2,47,-4.1,38,1.2,19960,-16.3,0.0,0.0,0.0,зима,да,да
2018-02-16,3,36,-4.4,37,1.7,19890,-16.9,0.0,0.0,0.0,зима,да,да
2018-02-16,4,35,-4.5,42,1.4,19440,-15.5,0.0,0.0,0.0,зима,да,да
2018-02-16,5,28,-5.0,44,0.9,19760,-15.3,0.0,0.0,0.0,зима,да,да
2018-02-16,6,30,-5.2,42,0.7,19800,-16.1,0.0,0.0,0.0,зима,да,да
2018-02-16,7,49,-5.4,41,0.3,20000,-16.6,0.0,0.0,0.0,зима,да,да
2018-02-16,8,68,-5.4,38,0.7,20000,-17.5,0.04,0.0,0.0,зима,да,да
2018-02-16,9,48,-4.3,33,0.7,19230,-18.2,0.6,0.0,0.0,зима,да,да
2018-02-16,10,78,-1.3,32,1.5,19330,-15.9,1.24,0.0,0.0,зима,да,да
2018-02-16,11,93,1.0,25,1.4,17820,-16.8,1.7,0.0,0.0,зима,да,да
2018-02-16,12,137,2.2,19,1.4,19460,-19.1,2.01,0.0,0.0,зима,да,да
2018-02-16,13,169,3.5,17,3.2,19710,-19.3,2.2,0.0,0.0,зима,да,да
2018-02-16,14,196,4.2,18,3.3,19760,-18.0,2.25,0.0,0.0,зима,да,да
2018-02-16,15,243,4.0,26,3.5,20000,-13.8,1.75,0.0,0.0,зима,да,да
2018-02-16,16,189,3.3,38,3.8,19210,-9.6,1.33,0.0,0.0,зима,да,да
2018-02-16,17,210,2.5,48,4.2,19790,-7.4,0.76,0.0,0.0,зима,да,да
2018-02-16,18,165,1.4,56,3.2,19320,-6.4,0.22,0.0,0.0,зима,да,да
2018-02-16,19,126,0.6,59,2.3,19390,-6.5,0.0,0.0,0.0,зима,да,да
2018-02-16,20,150,0.2,61,1.9,19560,-6.4,0.0,0.0,0.0,зима,да,да
2018-02-16,21,114,0.1,67,2.5,14510,-5.3,0.0,0.0,0.0,зима,да,да
2018-02-16,22,116,-0.6,70,3.4,12040,-5.4,0.0,0.0,0.0,зима,да,да
2018-02-16,23,84,-2.0,51,3.2,13360,-10.8,0.0,0.0,0.0,зима,да,да
2018-02-17,0,79,-2.7,41,3.2,16950,-14.1,0.0,0.0,0.0,зима,да,да
2018-02-17,1,71,-3.1,36,3.5,20000,-16.0,0.0,0.0,0.0,зима,да,да
2018-02-17,2,56,-3.8,30,3.9,20000,-18.8,0.0,0.0,0.0,зима,да,да
2018-02-17,3,34,-4.5,28,3.0,20000,-20.3,0.0,0.0,0.0,зима,да,да
2018-02-17,4,20,-5.2,28,2.5,20000,-20.9,0.0,0.0,0.0,зима,да,да
2018-02-17,5,14,-5.7,31,2.3,19990,-20.1,0.0,0.0,0.0,зима,да,да
2018-02-17,6,39,-6.2,32,2.5,20000,-20.2,0.0,0.0,0.0,зима,да,да
2018-02-17,7,35,-6.8,32,1.6,20000,-20.7,0.0,0.0,0.0,зима,да,да
2018-02-17,8,80,-7.1,30,1.7,19910,-21.7,0.04,0.0,0.0,зима,да,да
2018-02-17,9,98,-6.5,26,2.4,18740,-22.8,0.64,0.0,0.0,зима,да,да
2018-02-17,10,103,-4.3,21,1.4,19080,-23.4,1.34,0.0,0.0,зима,да,да
2018-02-17,11,155,-2.8,19,2.6,19570,-23.2,1.91,0.0,0.0,зима,да,да
2018-02-17,12,183,-1.3,17,1.5,19980,-23.2,2.28,0.0,0.0,зима,да,да
2018-02-17,13,193,-0.4,15,2.4,19380,-23.9,2.46,0.0,0.0,зима,да,да
2018-02-17,14,258,-0.1,15,4.0,20000,-23.7,2.39,0.0,0.0,зима,да,да
2018-02-17,15,273,1.0,14,4.6,20000,-23.5,2.12,0.0,0.0,зима,да,да
2018-02-17,16,267,1.3,15,4.2,20000,-22.5,1.63,0.0,0.0,зима,да,да
2018-02-17,17,250,0.6,17,3.3,20000,-21.7,0.79,0.0,0.0,зима,да,да
2018-02-17,18,223,-0.3,17,1.9,20000,-22.4,0.2,0.0,0.0,зима,да,да
2018-02-17,19,169,-1.5,32,2.5,20000,-16.0,0.0,0.0,0.0,зима,да,да
2018-02-17,20,145,-2.1,38,2.0,20000,-14.5,0.0,0.0,0.0,зима,да,да
2018-02-17,21,133,-2.3,38,2.3,20000,-14.7,0.0,0.0,0.0,зима,да,да
2018-02-17,22,123,-2.7,42,2.2,20000,-13.8,0.0,0.0,0.0,зима,да,да
2018-02-17,23,117,-2.9,31,3.8,20000,-17.7,0.0,0.0,0.0,зима,да,да
2018-02-18,0,99,-3.6,33,1.7,20000,-17.5,0.0,0.0,0.0,зима,нет,да
2018-02-18,1,103,-4.4,33,1.4,20000,-18.2,0.0,0.0,0.0,зима,нет,да
2018-02-18,2,86,-4.7,33,0.1,20000,-18.5,0.0,0.0,0.0,зима,нет,да
2018-02-18,3,56,-4.5,26,0.0,20000,-21.1,0.0,0.0,0.0,зима,нет,да
2018-02-18,4,37,-4.1,27,0.6,20000,-20.3,0.0,0.0,0.0,зима,нет,да
2018-02-18,5,22,-4.0,28,0.5,20000,-19.8,0.0,0.0,0.0,зима,нет,да
2018-02-18,6,38,-4.1,30,1.1,20000,-19.1,0.0,0.0,0.0,зима,нет,да
2018-02-18,7,52,-4.6,31,1.2,20000,-19.2,0.0,0.0,0.0,зима,нет,да
2018-02-18,8,92,-4.8,31,0.8,20000,-19.3,0.02,0.0,0.0,зима,нет,да
2018-02-18,9,137,-4.1,30,0.5,20000,-19.1,0.28,0.0,0.0,зима,нет,да
2018-02-18,10,156,-1.8,23,0.6,20000,-20.2,0.8,0.0,0.0,зима,нет,да
2018-02-18,11,183,0.0,20,0.8,19750,-20.3,1.05,0.0,0.0,зима,нет,да
2018-02-18,12,263,2.2,17,1.0,19790,-20.4,1.75,0.0,0.0,зима,нет,да
2018-02-18,13,337,3.7,17,1.4,20000,-19.1,1.98,0.0,0.0,зима,нет,да
2018-02-18,14,372,4.1,17,1.8,19960,-18.8,1.87,0.0,0.0,зима,нет,да
2018-02-18,15,440,5.0,16,2.0,19700,-18.8,1.42,0.0,0.0,зима,нет,да
2018-02-18,16,404,5.1,16,1.8,19980,-18.7,1.17,0.0,0.0,зима,нет,да
2018-02-18,17,354,4.2,17,2.5,19900,-18.7,0.66,0.0,0.0,зима,нет,да
2018-02-18,18,310,2.8,25,3.0,20000,-15.3,0.22,0.0,0.0,зима,нет,да
2018-02-18,19,238,1.5,30,2.6,20000,-14.2,0.0,0.0,0.0,зима,нет,да
2018-02-18,20,213,0.6,33,1.9,20000,-13.8,0.0,0.0,0.0,зима,нет,да
2018-02-18,21,226,0.2,32,1.1,19510,-14.5,0.0,0.0,0.0,зима,нет,да
2018-02-18,22,191,-0.3,34,1.6,19810,-14.2,0.0,0.0,0.0,зима,нет,да
2018-02-18,23,153,-0.7,37,0.9,18140,-13.6,0.0,0.0,0.0,зима,нет,да
2018-02-19,0,148,-1.1,39,1.7,18320,-13.3,0.0,0.0,0.0,зима,нет,да
2018-02-19,1,101,-1.4,42,1.1,18050,-12.6,0.0,0.0,0.0,зима,нет,да
2018-02-19,2,59,-1.4,41,1.1,15820,-12.9,0.0,0.0,0.0,зима,нет,да
2018-02-19,3,42,-1.4,41,1.6,18700,-12.9,0.0,0.0,0.0,зима,нет,да
2018-02-19,4,50,-1.9,44,0.7,19070,-12.5,0.0,0.0,0.0,зима,нет,да
2018-02-19,5,59,-1.8,44,0.5,18620,-12.4,0.0,0.0,0.0,зима,нет,да
2018-02-19,6,139,-1.4,46,0.3,16510,-11.5,0.0,0.0,0.0,зима,нет,да
2018-02-19,7,349,-0.9,45,0.9,18200,-11.3,0.0,0.0,0.0,зима,нет,да
2018-02-19,8,646,-1.2,51,0.8,18000,-10.0,0.05,0.0,0.0,зима,нет,да
2018-02-19,9,347,-0.6,43,0.5,15960,-11.6,0.52,0.0,0.0,зима,нет,да
2018-02-19,10,235,2.6,45,1.2,12300,-8.1,1.17,0.0,0.0,зима,нет,да
2018-02-19,11,314,4.3,44,2.3,10910,-6.9,1.77,0.0,0.0,зима,нет,да
2018-02-19,12,361,4.7,43,2.1,11310,-6.8,1.38,0.0,0.0,зима,нет,да
2018-02-19,13,332,5.1,41,1.8,10970,-7.0,1.03,0.0,0.0,зима,нет,да
2018-02-19,14,373,5.6,38,1.6,10870,-7.6,1.1,0.0,0.0,зима,нет,да
2018-02-19,15,392,6.3,35,2.6,9910,-8.0,1.2,0.0,0.0,зима,нет,да
2018-02-19,16,403,6.3,35,2.9,11170,-8.0,1.1,0.0,0.0,зима,нет,да
2018-02-19,17,522,5.7,36,3.0,10730,-8.2,0.57,0.0,0.0,зима,нет,да
2018-02-19,18,819,4.7,43,2.4,9380,-6.8,0.19,0.0,0.0,зима,нет,да
2018-02-19,19,533,3.6,55,1.6,7280,-4.6,0.0,0.0,0.0,зима,нет,да
2018-02-19,20,417,2.4,60,1.9,6610,-4.5,0.0,0.0,0.0,зима,нет,да
2018-02-19,21,388,1.8,63,1.2,6040,-4.5,0.0,0.0,0.0,зима,нет,да
2018-02-19,22,357,1.0,69,0.7,5250,-4.0,0.0,0.0,0.0,зима,нет,да
2018-02-19,23,218,0.5,73,1.5,4650,-3.7,0.0,0.0,0.0,зима,нет,да
2018-02-20,0,177,0.0,75,2.3,3940,-3.9,0.0,0.0,0.0,зима,нет,да
2018-02-20,1,172,-0.5,76,1.6,4020,-4.2,0.0,0.0,0.0,зима,нет,да
2018-02-20,2,115,-0.8,76,0.8,4210,-4.5,0.0,0.0,0.0,зима,нет,да
2018-02-20,3,63,-1.3,80,0.7,3920,-4.3,0.0,0.0,0.0,зима,нет,да
2018-02-20,4,64,-1.6,83,0.6,3680,-4.1,0.0,0.0,0.0,зима,нет,да
2018-02-20,5,79,-1.8,82,1.3,3750,-4.4,0.0,0.0,0.0,зима,нет,да
2018-02-20,6,164,-2.1,82,1.8,3810,-4.7,0.0,0.0,0.0,зима,нет,да
2018-02-20,7,404,-2.2,76,1.9,5270,-5.8,0.0,0.0,0.0,зима,нет,да
2018-02-20,8,727,-2.1,71,1.7,6100,-6.6,0.06,0.0,0.0,зима,нет,да
2018-02-20,9,384,-1.4,56,1.4,7090,-9.0,0.54,0.0,0.0,зима,нет,да
2018-02-20,10,265,1.1,38,3.1,11840,-11.6,1.13,0.0,0.0,зима,нет,да
2018-02-20,11,322,2.8,35,3.9,12650,-11.1,1.71,0.0,0.0,зима,нет,да
2018-02-20,12,356,4.0,23,3.5,17850,-15.3,2.03,0.0,0.0,зима,нет,да
2018-02-20,13,370,4.2,22,3.9,18120,-15.6,2.21,0.0,0.0,зима,нет,да
2018-02-20,14,335,5.0,20,3.7,18660,-16.1,2.12,0.0,0.0,зима,нет,да
2018-02-20,15,431,5.4,18,3.7,19400,-17.0,1.82,0.0,0.0,зима,нет,да
2018-02-20,16,393,5.1,17,3.4,20000,-18.0,1.2,0.0,0.0,зима,нет,да
2018-02-20,17,514,3.9,19,3.6,20000,-17.6,0.58,0.0,0.0,зима,нет,да
2018-02-20,18,764,3.2,20,2.9,20000,-17.6,0.16,0.0,0.0,зима,нет,да
2018-02-20,19,522,2.5,21,2.2,20000,-17.6,0.0,0.0,0.0,зима,нет,да
2018-02-20,20,358,1.8,19,3.1,20000,-19.4,0.0,0.0,0.0,зима,нет,да
2018-02-20,21,415,1.1,21,1.6,20000,-18.8,0.0,0.0,0.0,зима,нет,да
2018-02-20,22,319,0.5,22,2.9,20000,-18.8,0.0,0.0,0.0,зима,нет,да
2018-02-20,23,242,-0.5,26,3.3,20000,-17.7,0.0,0.0,0.0,зима,нет,да
2018-02-21,0,171,-1.4,28,3.4,19900,-17.6,0.0,0.0,0.0,зима,нет,да
2018-02-21,1,162,-2.2,31,1.1,19700,-17.0,0.0,0.0,0.0,зима,нет,да
2018-02-21,2,105,-2.9,31,1.6,19310,-17.7,0.0,0.0,0.0,зима,нет,да
2018-02-21,3,59,-3.4,32,0.9,19770,-17.7,0.0,0.0,0.0,зима,нет,да
2018-02-21,4,50,-3.8,32,1.1,20000,-18.1,0.0,0.0,0.0,зима,нет,да
2018-02-21,5,63,-4.0,35,1.8,20000,-17.2,0.0,0.0,0.0,зима,нет,да
2018-02-21,6,159,-4.0,34,3.4,20000,-17.5,0.0,0.0,0.0,зима,нет,да
2018-02-21,7,385,-4.1,35,3.5,19800,-17.3,0.0,0.0,0.0,зима,нет,да
2018-02-21,8,718,-4.3,36,1.9,19550,-17.1,0.06,0.0,0.0,зима,нет,да
2018-02-21,9,373,-3.8,28,1.7,19040,-19.6,0.63,0.0,0.0,зима,нет,да
2018-02-21,10,244,-1.8,25,2.6,19130,-19.2,1.17,0.0,0.0,зима,нет,да
2018-02-21,11,276,0.2,22,2.2,19070,-19.0,1.57,0.0,0.0,зима,нет,да
2018-02-21,12,351,2.2,17,2.0,18240,-20.4,1.99,0.0,0.0,зима,нет,да
2018-02-21,13,299,2.9,14,3.3,20000,-22.0,2.14,0.0,0.0,зима,нет,да
2018-02-21,14,365,3.3,14,2.9,19850,-21.7,2.49,0.0,0.0,зима,нет,да
2018-02-21,15,366,4.2,15,2.7,19950,-20.2,2.21,0.0,0.0,зима,нет,да
2018-02-21,16,409,3.7,14,3.9,20000,-21.4,1.71,0.0,0.0,зима,нет,да
2018-02-21,17,469,3.1,14,3.7,20000,-21.9,1.0,0.0,0.0,зима,нет,да
2018-02-21,18,784,1.8,16,3.4,20000,-21.4,0.31,0.0,0.0,зима,нет,да
2018-02-21,19,460,-0.1,39,2.8,20000,-12.4,0.0,0.0,0.0,зима,нет,да
2018-02-21,20,356,-1.1,43,1.5,20000,-12.1,0.0,0.0,0.0,зима,нет,да
2018-02-21,21,345,-1.6,52,2.2,20000,-10.1,0.0,0.0,0.0,зима,нет,да
2018-02-21,22,299,-2.2,55,1.4,20000,-10.0,0.0,0.0,0.0,зима,нет,да
2018-02-21,23,223,-2.7,58,1.1,20000,-9.8,0.0,0.0,0.0,зима,нет,да
2018-02-22,0,195,-2.7,58,1.7,20000,-9.8,0.0,0.0,0.0,зима,нет,да
2018-02-22,1,190,-2.2,58,1.0,20000,-9.3,0.0,0.0,0.0,зима,нет,да
2018-02-22,2,116,-2.9,57,0.0,19850,-10.2,0.0,0.0,0.0,зима,нет,да
2018-02-22,3,71,-2.8,57,0.5,19950,-10.1,0.0,0.0,0.0,зима,нет,да
2018-02-22,4,66,-2.4,58,0.3,20000,-9.5,0.0,0.0,0.0,зима,нет,да
2018-02-22,5,75,-2.4,59,1.1,19840,-9.3,0.0,0.0,0.0,зима,нет,да
2018-02-22,6,151,-3.0,62,0.8,19960,-9.2,0.0,0.0,0.0,зима,нет,да
2018-02-22,7,373,-3.7,64,0.7,18910,-9.5,0.0,0.0,0.0,зима,нет,да
2018-02-22,8,783,-3.6,63,0.9,14730,-9.6,0.07,0.0,0.0,зима,нет,да
2018-02-22,9,383,-1.9,51,0.9,16540,-10.7,0.58,0.0,0.0,зима,нет,да
2018-02-22,10,259,0.9,44,1.1,18260,-10.0,1.16,0.0,0.0,зима,нет,да
2018-02-22,11,308,2.7,44,0.9,17610,-8.3,1.45,0.0,0.0,зима,нет,да
2018-02-22,12,352,4.8,47,2.6,13730,-5.5,1.72,0.0,0.0,зима,нет,да
2018-02-22,13,316,4.5,51,3.8,11080,-4.7,1.08,0.0,0.0,зима,нет,да
2018-02-22,14,331,4.8,50,4.3,11680,-4.7,1.01,0.0,0.0,зима,нет,да
2018-02-22,15,356,5.0,49,4.4,11380,-4.8,0.96,0.0,0.0,зима,нет,да
2018-02-22,16,404,5.0,50,4.3,11210,-4.5,0.74,0.0,0.0,зима,нет,да
2018-02-22,17,465,4.6,52,3.9,10590,-4.4,0.5,0.0,0.0,зима,нет,да
2018-02-22,18,730,3.9,56,4.0,10040,-4.0,0.18,0.0,0.0,зима,нет,да
2018-02-22,19,499,3.5,60,2.7,9360,-3.5,0.0,0.0,0.0,зима,нет,да
2018-02-22,20,348,3.0,62,2.4,9750,-3.5,0.0,0.0,0.0,зима,нет,да
2018-02-22,21,393,2.9,64,2.5,11540,-3.2,0.0,0.0,0.0,зима,нет,да
2018-02-22,22,346,2.9,65,2.3,11500,-3.0,0.0,0.0,0.0,зима,нет,да
2018-02-22,23,202,2.9,63,2.6,12530,-3.4,0.0,0.0,0.0,зима,нет,да
2018-02-23,0,42,1.7,86,2.7,540,-0.3,0.0,0.4,0.4,зима,нет,да
2018-02-23,1,55,0.6,96,2.1,1180,0.0,0.0,0.0,4.0,зима,нет,да
2018-02-23,2,62,0.7,97,1.4,1970,0.2,0.0,0.0,4.1,зима,нет,да
2018-02-23,3,32,0.9,97,1.2,2430,0.4,0.0,3.7,4.1,зима,нет,да
2018-02-23,4,36,1.1,96,2.5,2410,0.5,0.0,0.0,3.9,зима,нет,да
2018-02-23,5,39,1.0,91,0.7,2570,-0.3,0.0,0.0,3.8,зима,нет,да
2018-02-23,6,63,0.4,95,0.3,1970,-0.3,0.0,0.0,3.8,зима,нет,да
2018-02-23,7,174,-0.1,97,0.5,1790,-0.5,0.0,0.0,3.8,зима,нет,да
2018-02-23,8,391,-0.2,97,0.4,1970,-0.6,0.05,0.0,3.7,зима,нет,да
2018-02-23,9,214,0.5,94,0.6,1990,-0.3,0.37,0.0,3.7,зима,нет,да
2018-02-23,10,184,2.2,83,0.8,2210,-0.3,0.92,0.0,3.7,зима,нет,да
2018-02-23,11,230,3.8,72,0.9,2360,-0.7,1.1,0.0,3.4,зима,нет,да
2018-02-23,12,283,5.3,70,0.9,2260,0.2,1.73,0.0,1.7,зима,нет,да
2018-02-23,13,304,6.7,64,2.0,2410,0.3,1.94,0.0,0.6,зима,нет,да
2018-02-23,14,312,7.8,57,2.1,2770,-0.2,1.39,0.0,0.0,зима,нет,да
2018-02-23,15,312,8.2,62,0.6,2910,1.3,1.22,0.0,0.0,зима,нет,да
2018-02-23,16,354,8.3,60,2.7,3540,0.9,0.36,0.0,0.0,зима,нет,да
2018-02-23,17,470,7.9,68,4.2,3520,2.3,0.27,0.0,0.0,зима,нет,да
2018-02-23,18,669,7.5,70,5.0,3740,2.3,0.08,0.0,0.0,зима,нет,да
2018-02-23,19,421,6.9,73,3.7,3690,2.3,0.0,0.0,0.0,зима,нет,да
2018-02-23,20,295,6.4,77,2.8,3160,2.6,0.0,0.0,0.0,зима,нет,да
2018-02-23,21,321,6.0,79,2.7,3060,2.6,0.0,0.0,0.0,зима,нет,да
2018-02-23,22,291,5.7,81,2.5,2920,2.6,0.0,0.0,0.0,зима,нет,да
2018-02-23,23,243,5.5,80,2.7,2580,2.3,0.0,0.0,0.0,зима,нет,да
2018-02-24,0,226,4.6,82,3.0,2400,1.7,0.0,0.0,0.0,зима,нет,да
2018-02-24,1,263,4.0,83,1.7,2350,1.3,0.0,0.0,0.0,зима,нет,да
2018-02-24,2,197,3.7,82,1.6,2290,0.9,0.0,0.0,0.0,зима,нет,да
2018-02-24,3,133,3.5,82,2.9,2170,0.7,0.0,0.0,0.0,зима,нет,да
2018-02-24,4,63,2.7,82,2.8,2220,0.0,0.0,0.0,0.0,зима,нет,да
2018-02-24,5,58,1.8,84,2.7,2140,-0.6,0.0,0.0,0.0,зима,нет,да
2018-02-24,6,72,1.2,83,2.5,2450,-1.3,0.0,0.0,0.0,зима,нет,да
2018-02-24,7,108,0.6,86,1.6,2110,-1.4,0.0,0.0,0.0,зима,нет,да
2018-02-24,8,203,0.0,77,2.8,2890,-3.5,0.06,0.0,0.0,зима,нет,да
2018-02-24,9,253,0.6,64,3.8,4300,-5.4,0.65,0.0,0.0,зима,нет,да
2018-02-24,10,259,0.8,60,2.9,4970,-6.0,0.71,0.0,0.0,зима,нет,да
2018-02-24,11,298,2.2,50,2.4,6080,-7.1,1.1,0.0,0.0,зима,нет,да
2018-02-24,12,363,4.0,37,1.4,7630,-9.4,1.75,0.0,0.0,зима,нет,да
2018-02-24,13,412,5.3,29,2.1,10070,-11.3,2.08,0.0,0.0,зима,нет,да
2018-02-24,14,454,6.9,19,1.9,18430,-15.1,2.36,0.0,0.0,зима,нет,да
2018-02-24,15,467,6.7,24,2.7,15360,-12.4,1.95,0.0,0.0,зима,нет,да
2018-02-24,16,509,5.9,21,3.0,18640,-14.8,1.34,0.0,0.0,зима,нет,да
2018-02-24,17,462,4.9,28,3.1,14770,-12.1,0.77,0.0,0.0,зима,нет,да
2018-02-24,18,379,3.5,30,2.9,17260,-12.4,0.31,0.0,0.0,зима,нет,да
2018-02-24,19,306,2.1,27,2.8,18830,-15.0,0.01,0.0,0.0,зима,нет,да
2018-02-24,20,233,1.1,32,1.4,17850,-13.8,0.0,0.0,0.0,зима,нет,да
2018-02-24,21,232,0.7,31,1.3,19230,-14.5,0.0,0.0,0.0,зима,нет,да
2018-02-24,22,219,0.1,32,0.9,19370,-14.6,0.0,0.0,0.0,зима,нет,да
2018-02-24,23,187,-0.6,39,1.3,17310,-12.8,0.0,0.0,0.0,зима,нет,да
2018-02-25,0,182,-1.1,44,1.2,17410,-11.8,0.0,0.0,0.0,зима,нет,да
2018-02-25,1,189,-1.4,43,0.6,17910,-12.3,0.0,0.0,0.0,зима,нет,да
2018-02-25,2,124,-1.5,46,1.1,17440,-11.6,0.0,0.0,0.0,зима,нет,да
2018-02-25,3,103,-1.3,42,0.8,16480,-12.5,0.0,0.0,0.0,зима,нет,да
2018-02-25,4,52,-1.1,43,0.7,15580,-12.1,0.0,0.0,0.0,зима,нет,да
2018-02-25,5,37,-0.7,41,0.9,14420,-12.3,0.0,0.0,0.0,зима,нет,да
2018-02-25,6,54,-0.8,44,0.6,15410,-11.5,0.0,0.0,0.0,зима,нет,да
2018-02-25,7,77,-1.0,47,0.9,15520,-10.9,0.0,0.0,0.0,зима,нет,да
2018-02-25,8,158,-1.3,54,0.6,15970,-9.4,0.06,0.0,0.0,зима,нет,да
2018-02-25,9,173,-0.3,48,1.1,13940,-10.0,0.43,0.0,0.0,зима,нет,да
2018-02-25,10,195,2.1,42,1.1,15640,-9.5,1.12,0.0,0.0,зима,нет,да
2018-02-25,11,244,4.3,29,2.6,12930,-12.2,1.87,0.0,0.0,зима,нет,да
2018-02-25,12,396,5.5,25,3.1,16520,-13.0,2.28,0.0,0.0,зима,нет,да
2018-02-25,13,482,6.1,22,2.4,17100,-14.0,2.5,0.0,0.0,зима,нет,да
2018-02-25,14,572,7.0,23,2.4,16450,-12.7,2.52,0.0,0.0,зима,нет,да
2018-02-25,15,612,7.5,21,2.7,19000,-13.4,2.22,0.0,0.0,зима,нет,да
2018-02-25,16,688,7.6,18,3.2,19300,-15.2,1.73,0.0,0.0,зима,нет,да
2018-02-25,17,589,6.9,25,2.9,17950,-11.8,1.07,0.0,0.0,зима,нет,да
2018-02-25,18,402,5.2,30,2.8,18770,-11.0,0.36,0.0,0.0,зима,нет,да
2018-02-25,19,297,3.1,40,2.6,18040,-9.2,0.01,0.0,0.0,зима,нет,да
2018-02-25,20,232,1.3,49,2.8,16830,-8.2,0.0,0.0,0.0,зима,нет,да
2018-02-25,21,239,0.2,55,2.5,19420,-7.7,0.0,0.0,0.0,зима,нет,да
2018-02-25,22,230,0.0,54,2.5,19290,-8.2,0.0,0.0,0.0,зима,нет,да
2018-02-25,23,173,-0.3,58,1.0,19450,-7.5,0.0,0.0,0.0,зима,нет,да
2018-02-26,0,135,-0.9,60,0.7,18440,-7.7,0.0,0.0,0.0,зима,нет,да
2018-02-26,1,122,-1.2,63,0.9,18460,-7.3,0.0,0.0,0.0,зима,нет,да
2018-02-26,2,80,-1.7,66,0.8,16310,-7.2,0.0,0.0,0.0,зима,нет,да
2018-02-26,3,46,-1.9,67,1.0,15750,-7.2,0.0,0.0,0.0,зима,нет,да
2018-02-26,4,46,-2.3,69,1.1,14110,-7.2,0.0,0.0,0.0,зима,нет,да
2018-02-26,5,65,-2.5,73,0.8,11340,-6.6,0.0,0.0,0.0,зима,нет,да
2018-02-26,6,161,-2.7,72,0.5,12530,-7.0,0.0,0.0,0.0,зима,нет,да
2018-02-26,7,402,-3.1,68,0.8,14170,-8.1,0.0,0.0,0.0,зима,нет,да
2018-02-26,8,786,-2.9,63,0.7,13860,-8.9,0.11,0.0,0.0,зима,нет,да
2018-02-26,9,416,-1.1,53,0.9,13080,-9.4,0.72,0.0,0.0,зима,нет,да
2018-02-26,10,289,1.9,46,1.1,12330,-8.5,1.39,0.0,0.0,зима,нет,да
2018-02-26,11,356,4.6,37,1.6,13090,-8.8,1.95,0.0,0.0,зима,нет,да
2018-02-26,12,428,6.9,28,1.1,13010,-10.3,2.35,0.0,0.0,зима,нет,да
2018-02-26,13,444,8.1,26,1.2,14220,-10.2,2.48,0.0,0.0,зима,нет,да
2018-02-26,14,455,9.9,25,1.5,14010,-9.2,2.43,0.0,0.0,зима,нет,да
2018-02-26,15,521,10.3,23,2.1,13170,-9.9,2.09,0.0,0.0,зима,нет,да
2018-02-26,16,555,9.5,31,3.1,9730,-6.8,1.54,0.0,0.0,зима,нет,да
2018-02-26,17,646,8.7,30,3.1,11170,-7.9,0.96,0.0,0.0,зима,нет,да
2018-02-26,18,929,7.2,26,2.3,13980,-11.0,0.33,0.0,0.0,зима,нет,да
2018-02-26,19,619,5.5,30,2.7,11500,-10.7,0.01,0.0,0.0,зима,нет,да
2018-02-26,20,483,4.3,32,1.7,11010,-10.9,0.0,0.0,0.0,зима,нет,да
2018-02-26,21,512,3.3,36,1.4,11100,-10.3,0.0,0.0,0.0,зима,нет,да
2018-02-26,22,443,2.7,40,1.0,10890,-9.5,0.0,0.0,0.0,зима,нет,да
2018-02-26,23,308,2.8,39,0.7,10650,-9.8,0.0,0.0,0.0,зима,нет,да
2018-02-27,0,236,2.6,40,1.8,10950,-9.6,0.0,0.0,0.0,зима,нет,да
2018-02-27,1,213,2.1,44,0.9,11070,-8.9,0.0,0.0,0.0,зима,нет,да
2018-02-27,2,145,1.5,44,1.2,10790,-9.4,0.0,0.0,0.0,зима,нет,да
2018-02-27,3,102,1.1,44,1.0,11280,-9.8,0.0,0.0,0.0,зима,нет,да
2018-02-27,4,62,0.9,46,0.8,11400,-9.4,0.0,0.0,0.0,зима,нет,да
2018-02-27,5,72,0.6,50,0.1,10260,-8.6,0.0,0.0,0.0,зима,нет,да
2018-02-27,6,183,0.6,50,0.4,9850,-8.6,0.0,0.0,0.0,зима,нет,да
2018-02-27,7,443,1.3,47,0.7,10840,-8.7,0.0,0.0,0.0,зима,нет,да
2018-02-27,8,767,2.0,51,0.7,9900,-7.0,0.0,0.0,0.0,зима,нет,да
2018-02-27,9,455,2.5,51,1.0,8660,-6.6,0.07,0.0,0.0,зима,нет,да
2018-02-27,10,261,3.3,47,0.7,8180,-6.9,0.22,0.0,0.0,зима,нет,да
2018-02-27,11,342,4.8,41,0.8,7920,-7.3,0.53,0.0,0.0,зима,нет,да
2018-02-27,12,353,5.4,37,0.7,8150,-8.1,0.43,0.0,0.0,зима,нет,да
2018-02-27,13,335,5.8,39,0.6,9310,-7.1,0.35,0.0,0.0,зима,нет,да
2018-02-27,14,357,6.3,40,0.8,9430,-6.3,0.34,0.0,0.0,зима,нет,да
2018-02-27,15,402,6.7,48,0.8,8170,-3.5,0.39,0.0,0.0,зима,нет,да
2018-02-27,16,411,6.9,54,1.1,6920,-1.7,0.32,0.0,0.0,зима,нет,да
2018-02-27,17,529,6.8,57,1.0,6230,-1.1,0.16,0.0,0.0,зима,нет,да
2018-02-27,18,897,6.6,62,0.8,5220,-0.1,0.05,0.0,0.0,зима,нет,да
2018-02-27,19,616,6.1,44,1.0,7500,-5.2,0.0,0.0,0.0,зима,нет,да
2018-02-27,20,461,5.9,44,1.3,7330,-5.4,0.0,0.0,0.0,зима,нет,да
2018-02-27,21,449,5.7,46,0.8,7270,-5.0,0.0,0.0,0.0,зима,нет,да
2018-02-27,22,461,5.4,49,1.1,6870,-4.4,0.0,0.0,0.0,зима,нет,да
2018-02-27,23,310,5.3,53,1.5,5820,-3.5,0.0,0.0,0.0,зима,нет,да
2018-02-28,0,266,5.1,52,1.1,6140,-3.9,0.0,0.0,0.0,зима,нет,да
2018-02-28,1,229,5.0,53,1.4,5570,-3.8,0.0,0.0,0.0,зима,нет,да
2018-02-28,2,174,5.2,54,1.3,5160,-3.3,0.0,0.0,0.0,зима,нет,да
2018-02-28,3,116,5.3,55,1.7,4880,-3.0,0.0,0.0,0.0,зима,нет,да
2018-02-28,4,72,5.4,56,1.7,4720,-2.6,0.0,0.0,0.0,зима,нет,да
2018-02-28,5,62,5.2,59,1.7,4370,-2.1,0.0,0.0,0.0,зима,нет,да
2018-02-28,6,165,5.2,60,1.9,4300,-1.9,0.0,0.0,0.0,зима,нет,да
2018-02-28,7,426,5.5,59,2.8,4480,-1.8,0.0,0.0,0.0,зима,нет,да
2018-02-28,8,816,5.7,57,2.5,4580,-2.1,0.04,0.0,0.0,зима,нет,да
2018-02-28,9,419,6.2,55,2.4,4780,-2.1,0.13,0.0,0.0,зима,нет,да
2018-02-28,10,285,6.5,53,2.0,5180,-2.4,0.21,0.0,0.0,зима,нет,да
2018-02-28,11,332,7.1,50,2.2,5340,-2.6,0.33,0.0,0.0,зима,нет,да
2018-02-28,12,305,7.6,48,2.6,6000,-2.7,0.39,0.0,0.0,зима,нет,да
2018-02-28,13,28,7.6,57,2.3,5540,-0.3,0.33,0.0,0.0,зима,нет,да
2018-02-28,14,17,5.7,80,3.7,3480,2.5,0.13,0.0,0.0,зима,нет,да
2018-02-28,15,7,4.8,87,2.9,3120,2.8,0.08,4.5,0.0,зима,нет,да
2018-02-28,16,9,4.2,89,2.5,4790,2.5,0.07,0.0,0.0,зима,нет,да
2018-02-28,17,8,3.8,90,2.7,6540,2.3,0.0,0.0,0.0,зима,нет,да
2018-02-28,18,11,3.6,90,2.1,8450,2.1,0.0,9.5,0.0,зима,нет,да
2018-02-28,19,19,2.5,95,1.9,8380,1.7,0.0,0.0,0.0,зима,нет,да
2018-02-28,20,8,2.7,96,1.5,14790,2.1,0.0,0.0,0.0,зима,нет,да
2018-02-28,21,10,2.4,95,2.5,13490,1.6,0.0,9.0,0.0,зима,нет,да
2018-02-28,22,13,2.3,96,1.9,12070,1.7,0.0,0.0,0.0,зима,нет,да
2018-02-28,23,23,1.8,96,1.2,7450,1.2,0.0,0.0,0.0,зима,нет,да
2018-03-01,0,71,2.0,96,1.3,18940,1.4,0.0,2.0,0.0,весна,да,да
2018-03-01,1,147,2.1,97,0.2,8590,1.6,0.0,0.0,0.0,весна,да,да
2018-03-01,2,180,2.0,97,1.0,5800,1.5,0.0,0.0,0.0,весна,да,да
2018-03-01,3,92,1.6,97,2.3,4690,1.1,0.0,0.1,0.0,весна,да,да
2018-03-01,4,28,1.6,97,1.1,6360,1.1,0.0,0.0,0.0,весна,да,да
2018-03-01,5,11,2.2,97,2.9,3620,1.7,0.0,0.0,0.0,весна,да,да
2018-03-01,6,33,3.0,96,2.7,3030,2.4,0.0,0.4,0.0,весна,да,да
2018-03-01,7,61,2.6,89,4.3,3200,0.9,0.0,0.0,0.0,весна,да,да
2018-03-01,8,148,1.5,80,3.2,12460,-1.5,0.04,0.0,0.0,весна,да,да
2018-03-01,9,160,0.1,78,4.9,6150,-3.2,0.09,0.0,0.0,весна,да,да
2018-03-01,10,191,0.1,53,5.3,10220,-8.3,1.12,0.0,0.0,весна,да,да
2018-03-01,11,239,0.8,52,4.6,10350,-7.9,2.2,0.0,0.0,весна,да,да
2018-03-01,12,311,0.5,46,4.7,11720,-9.8,2.49,0.0,0.0,весна,да,да
2018-03-01,13,358,1.4,37,4.0,16810,-11.7,2.95,0.0,0.0,весна,да,да
2018-03-01,14,375,1.2,36,6.0,14300,-12.2,2.86,0.0,0.0,весна,да,да
2018-03-01,15,458,1.6,35,4.5,15670,-12.2,2.54,0.0,0.0,весна,да,да
2018-03-01,16,460,1.4,33,4.8,14800,-13.1,1.98,0.0,0.0,весна,да,да
2018-03-01,17,423,0.4,37,5.2,13660,-12.6,1.23,0.0,0.0,весна,да,да
2018-03-01,18,317,-0.8,40,4.7,14290,-12.7,0.43,0.0,0.0,весна,да,да
2018-03-01,19,231,-1.7,45,3.3,13750,-12.1,0.01,0.0,0.0,весна,да,да
2018-03-01,20,246,-2.2,49,3.5,13250,-11.4,0.0,0.0,0.0,весна,да,да
2018-03-01,21,212,-3.0,50,3.7,13010,-11.9,0.0,0.0,0.0,весна,да,да
2018-03-01,22,190,-3.6,52,3.7,12770,-12.0,0.0,0.0,0.0,весна,да,да
2018-03-01,23,190,-4.0,52,3.4,12720,-12.4,0.0,0.0,0.0,весна,да,да
2018-03-02,0,156,-4.3,53,2.6,13340,-12.4,0.0,0.0,0.0,весна,нет,да
2018-03-02,1,108,-4.6,52,2.1,13720,-12.9,0.0,0.0,0.0,весна,нет,да
2018-03-02,2,71,-5.3,52,1.2,14340,-13.6,0.0,0.0,0.0,весна,нет,да
2018-03-02,3,49,-5.7,50,1.7,15590,-14.4,0.0,0.0,0.0,весна,нет,да
2018-03-02,4,47,-5.8,48,1.5,15520,-15.0,0.0,0.0,0.0,весна,нет,да
2018-03-02,5,65,-6.1,49,1.0,16210,-15.1,0.0,0.0,0.0,весна,нет,да
2018-03-02,6,135,-6.4,50,1.5,15930,-15.1,0.0,0.0,0.0,весна,нет,да
2018-03-02,7,401,-6.6,52,0.5,15550,-14.8,0.0,0.0,0.0,весна,нет,да
2018-03-02,8,617,-6.2,45,0.4,16000,-16.2,0.17,0.0,0.0,весна,нет,да
2018-03-02,9,343,-4.6,34,1.2,15830,-18.1,0.87,0.0,0.0,весна,нет,да
2018-03-02,10,274,-1.8,30,2.1,16080,-17.1,1.59,0.0,0.0,весна,нет,да
2018-03-02,11,343,0.1,30,1.8,16400,-15.4,2.19,0.0,0.0,весна,нет,да
2018-03-02,12,388,1.8,26,2.2,15560,-15.7,2.61,0.0,0.0,весна,нет,да
2018-03-02,13,375,2.3,22,3.1,16270,-17.2,2.83,0.0,0.0,весна,нет,да
2018-03-02,14,450,3.4,23,2.4,15450,-15.8,2.74,0.0,0.0,весна,нет,да
2018-03-02,15,463,4.3,22,1.3,18370,-15.6,2.48,0.0,0.0,весна,нет,да
2018-03-02,16,574,5.2,21,2.1,17210,-15.4,1.97,0.0,0.0,весна,нет,да
2018-03-02,17,631,4.3,21,2.5,19610,-16.1,1.13,0.0,0.0,весна,нет,да
2018-03-02,18,854,3.5,22,0.9,19610,-16.2,0.43,0.0,0.0,весна,нет,да
2018-03-02,19,568,2.0,26,2.3,19850,-15.5,0.02,0.0,0.0,весна,нет,да
2018-03-02,20,427,1.2,35,2.5,19770,-12.6,0.0,0.0,0.0,весна,нет,да
2018-03-02,21,396,1.0,34,1.4,18800,-13.1,0.0,0.0,0.0,весна,нет,да
2018-03-02,22,414,0.5,38,0.9,19070,-12.2,0.0,0.0,0.0,весна,нет,да
2018-03-02,23,284,0.3,38,0.2,18950,-12.3,0.0,0.0,0.0,весна,нет,да
2018-03-03,0,218,0.5,34,0.4,18890,-13.5,0.0,0.0,0.0,весна,нет,да
2018-03-03,1,229,0.6,36,0.4,19330,-12.7,0.0,0.0,0.0,весна,нет,да
2018-03-03,2,176,0.9,35,0.5,18560,-12.8,0.0,0.0,0.0,весна,нет,да
2018-03-03,3,149,0.8,38,0.8,15940,-11.9,0.0,0.0,0.0,весна,нет,да
2018-03-03,4,93,0.6,43,0.9,15990,-10.5,0.0,0.0,0.0,весна,нет,да
2018-03-03,5,55,0.8,39,1.0,14630,-11.6,0.0,0.0,0.0,весна,нет,да
2018-03-03,6,71,0.5,42,0.9,15430,-10.9,0.0,0.0,0.0,весна,нет,да
2018-03-03,7,159,0.1,43,1.4,15020,-11.0,0.0,0.0,0.0,весна,нет,да
2018-03-03,8,306,0.4,38,1.8,15640,-12.3,0.16,0.0,0.0,весна,нет,да
2018-03-03,9,329,2.2,30,1.5,15130,-13.6,0.81,0.0,0.0,весна,нет,да
2018-03-03,10,354,5.1,27,1.2,15630,-12.4,1.54,0.0,0.0,весна,нет,да
2018-03-03,11,431,8.1,21,2.1,17380,-12.9,2.15,0.0,0.0,весна,нет,да
2018-03-03,12,605,10.7,16,1.7,16570,-14.1,2.56,0.0,0.0,весна,нет,да
2018-03-03,13,771,12.2,14,1.6,18960,-14.5,2.75,0.0,0.0,весна,нет,да
2018-03-03,14,1025,14.4,14,1.4,18330,-12.8,2.66,0.0,0.0,весна,нет,да
2018-03-03,15,1238,16.0,14,2.2,18280,-11.5,2.33,0.0,0.0,весна,нет,да
2018-03-03,16,1285,15.8,15,2.6,18670,-10.8,1.7,0.0,0.0,весна,нет,да
2018-03-03,17,1197,15.0,22,2.5,19460,-6.5,0.96,0.0,0.0,весна,нет,да
2018-03-03,18,920,13.9,26,1.9,19950,-5.3,0.41,0.0,0.0,весна,нет,да
2018-03-03,19,630,12.7,32,2.3,20000,-3.6,0.01,0.0,0.0,весна,нет,да
2018-03-03,20,631,11.1,51,3.7,19570,1.3,0.0,0.0,0.0,весна,нет,да
2018-03-03,21,588,10.3,52,2.2,18430,0.8,0.0,0.0,0.0,весна,нет,да
2018-03-03,22,516,10.2,49,1.7,19720,0.0,0.0,0.0,0.0,весна,нет,да
2018-03-03,23,215,9.4,74,1.6,5590,4.9,0.0,0.0,0.0,весна,нет,да
2018-03-04,0,161,8.5,87,0.9,3030,6.4,0.0,0.0,0.0,весна,нет,да
2018-03-04,1,118,8.3,91,0.1,2820,6.9,0.0,0.0,0.0,весна,нет,да
2018-03-04,2,95,8.3,95,0.3,2430,7.5,0.0,0.0,0.0,весна,нет,да
2018-03-04,3,90,8.5,96,0.4,2380,7.8,0.0,0.1,0.0,весна,нет,да
2018-03-04,4,34,8.8,95,0.2,2180,8.0,0.0,0.0,0.0,весна,нет,да
2018-03-04,5,15,8.8,96,1.2,1960,8.1,0.0,0.0,0.0,весна,нет,да
2018-03-04,6,20,8.6,96,0.7,2240,7.9,0.0,0.2,0.0,весна,нет,да
2018-03-04,7,23,8.4,97,2.6,1220,7.9,0.0,0.0,0.0,весна,нет,да
2018-03-04,8,70,8.3,97,0.6,1520,7.8,0.01,0.0,0.0,весна,нет,да
2018-03-04,9,157,8.8,97,1.3,1960,8.3,0.2,0.2,0.0,весна,нет,да
2018-03-04,10,239,9.8,90,0.8,3350,8.2,0.64,0.0,0.0,весна,нет,да
2018-03-04,11,273,10.1,88,0.7,4530,8.1,0.34,0.0,0.0,весна,нет,да
2018-03-04,12,358,10.7,85,0.9,3930,8.2,0.52,0.0,0.0,весна,нет,да
2018-03-04,13,429,10.8,84,1.2,4000,8.1,0.44,0.0,0.0,весна,нет,да
2018-03-04,14,475,11.2,83,1.1,5180,8.4,0.45,0.0,0.0,весна,нет,да
2018-03-04,15,468,11.7,81,1.2,6160,8.5,0.53,0.0,0.0,весна,нет,да
2018-03-04,16,396,11.7,82,1.1,7530,8.7,0.32,0.0,0.0,весна,нет,да
2018-03-04,17,492,11.8,82,1.7,9900,8.8,0.4,0.0,0.0,весна,нет,да
2018-03-04,18,436,11.5,81,1.5,14750,8.3,0.07,0.0,0.0,весна,нет,да
2018-03-04,19,289,11.2,81,2.3,16140,8.0,0.0,0.0,0.0,весна,нет,да
2018-03-04,20,26,11.3,80,1.2,19780,7.9,0.0,0.0,0.0,весна,нет,да
2018-03-04,21,7,10.6,89,2.1,6060,8.8,0.0,2.0,0.0,весна,нет,да
2018-03-04,22,8,9.6,92,2.5,7210,8.3,0.0,0.0,0.0,весна,нет,да
2018-03-04,23,9,8.7,91,2.9,9570,7.3,0.0,0.0,0.0,весна,нет,да
2018-03-05,0,22,7.6,88,2.5,19740,5.7,0.0,9.0,0.0,весна,нет,да
2018-03-05,1,23,7.0,88,2.5,20000,5.1,0.0,0.0,0.0,весна,нет,да
2018-03-05,2,9,6.3,89,2.2,14560,4.6,0.0,0.0,0.0,весна,нет,да
2018-03-05,3,2,5.7,92,2.0,4580,4.4,0.0,1.5,0.0,весна,нет,да
2018-03-05,4,4,5.1,90,2.6,10050,3.5,0.0,0.0,0.0,весна,нет,да
2018-03-05,5,22,4.7,89,2.3,12420,3.0,0.0,0.0,0.0,весна,нет,да
2018-03-05,6,20,4.2,87,2.0,19790,2.2,0.0,2.0,0.0,весна,нет,да
2018-03-05,7,85,3.8,87,2.2,20000,1.8,0.0,0.0,0.0,весна,нет,да
2018-03-05,8,184,3.6,88,2.3,20000,1.7,0.03,0.0,0.0,весна,нет,да
2018-03-05,9,211,3.7,85,1.8,20000,1.4,0.17,0.0,0.0,весна,нет,да
2018-03-05,10,232,4.4,80,1.8,20000,1.2,0.56,0.0,0.0,весна,нет,да
2018-03-05,11,322,6.1,66,1.9,20000,0.2,1.42,0.0,0.0,весна,нет,да
2018-03-05,12,438,7.6,58,2.4,20000,-0.1,1.85,0.0,0.0,весна,нет,да
2018-03-05,13,465,8.3,51,2.0,20000,-1.2,1.42,0.0,0.0,весна,нет,да
2018-03-05,14,550,10.0,44,1.9,20000,-1.7,2.46,0.0,0.0,весна,нет,да
2018-03-05,15,637,10.3,43,2.5,20000,-1.7,2.45,0.0,0.0,весна,нет,да
2018-03-05,16,718,11.0,39,1.2,20000,-2.4,1.96,0.0,0.0,весна,нет,да
2018-03-05,17,865,10.0,43,1.4,20000,-2.0,1.12,0.0,0.0,весна,нет,да
2018-03-05,18,1155,8.1,47,1.7,20000,-2.5,0.34,0.0,0.0,весна,нет,да
2018-03-05,19,782,5.8,53,1.7,20000,-3.0,0.02,0.0,0.0,весна,нет,да
2018-03-05,20,578,4.3,57,1.3,20000,-3.4,0.0,0.0,0.0,весна,нет,да
2018-03-05,21,533,3.1,59,1.5,20000,-4.1,0.0,0.0,0.0,весна,нет,да
2018-03-05,22,466,2.3,63,1.0,20000,-4.0,0.0,0.0,0.0,весна,нет,да
2018-03-05,23,274,1.9,60,1.3,20000,-5.0,0.0,0.0,0.0,весна,нет,да
2018-03-06,0,224,1.3,69,0.8,20000,-3.7,0.0,0.0,0.0,весна,нет,да
2018-03-06,1,188,0.8,67,0.8,20000,-4.6,0.0,0.0,0.0,весна,нет,да
2018-03-06,2,122,0.3,71,0.9,19990,-4.3,0.0,0.0,0.0,весна,нет,да
2018-03-06,3,82,0.1,71,0.4,20000,-4.5,0.0,0.0,0.0,весна,нет,да
2018-03-06,4,79,-0.5,75,0.6,19670,-4.3,0.0,0.0,0.0,весна,нет,да
2018-03-06,5,80,-0.9,78,0.6,16870,-4.2,0.0,0.0,0.0,весна,нет,да
2018-03-06,6,214,-1.0,77,0.4,15780,-4.5,0.0,0.0,0.0,весна,нет,да
2018-03-06,7,583,-1.0,78,0.6,14840,-4.3,0.0,0.0,0.0,весна,нет,да
2018-03-06,8,997,-0.7,76,1.0,14610,-4.4,0.2,0.0,0.0,весна,нет,да
2018-03-06,9,556,1.2,62,0.8,13380,-5.2,0.85,0.0,0.0,весна,нет,да
2018-03-06,10,380,3.7,51,1.3,15960,-5.5,1.56,0.0,0.0,весна,нет,да
2018-03-06,11,475,6.3,41,1.3,15190,-6.0,2.12,0.0,0.0,весна,нет,да
2018-03-06,12,504,8.5,34,1.9,18760,-6.4,2.55,0.0,0.0,весна,нет,да
2018-03-06,13,528,9.3,27,2.2,18160,-8.7,2.65,0.0,0.0,весна,нет,да
2018-03-06,14,567,9.2,27,2.9,18800,-8.8,2.32,0.0,0.0,весна,нет,да
2018-03-06,15,616,10.1,24,1.8,18390,-9.6,2.12,0.0,0.0,весна,нет,да
2018-03-06,16,680,10.6,26,1.9,19550,-8.1,1.75,0.0,0.0,весна,нет,да
2018-03-06,17,883,10.2,27,2.8,18260,-8.0,1.22,0.0,0.0,весна,нет,да
2018-03-06,18,1246,8.7,28,3.2,20000,-8.8,0.49,0.0,0.0,весна,нет,да
2018-03-06,19,833,7.1,30,2.7,20000,-9.3,0.02,0.0,0.0,весна,нет,да
2018-03-06,20,666,6.1,31,2.8,20000,-9.8,0.0,0.0,0.0,весна,нет,да
2018-03-06,21,625,5.5,33,3.2,19950,-9.5,0.0,0.0,0.0,весна,нет,да
2018-03-06,22,514,4.5,40,1.3,18710,-7.9,0.0,0.0,0.0,весна,нет,да
2018-03-06,23,361,3.5,44,0.9,19050,-7.6,0.0,0.0,0.0,весна,нет,да
2018-03-07,0,289,2.8,45,1.7,14930,-7.9,0.0,0.0,0.0,весна,нет,да
2018-03-07,1,194,2.8,46,2.0,17090,-7.6,0.0,0.0,0.0,весна,нет,да
2018-03-07,2,134,2.6,50,1.3,19620,-6.8,0.0,0.0,0.0,весна,нет,да
2018-03-07,3,92,2.7,55,1.5,19890,-5.4,0.0,0.0,0.0,весна,нет,да
2018-03-07,4,49,2.6,61,1.7,19980,-4.1,0.0,0.0,0.0,весна,нет,да
2018-03-07,5,97,2.5,63,1.3,19870,-3.8,0.0,0.0,0.0,весна,нет,да
2018-03-07,6,232,2.4,65,1.8,19890,-3.5,0.0,0.0,0.0,весна,нет,да
2018-03-07,7,598,2.2,65,1.9,20000,-3.7,0.0,0.0,0.0,весна,нет,да
2018-03-07,8,1032,2.6,63,1.6,18570,-3.7,0.14,0.0,0.0,весна,нет,да
2018-03-07,9,566,3.8,58,2.0,17850,-3.7,0.49,0.0,0.0,весна,нет,да
2018-03-07,10,410,5.2,52,1.5,18080,-3.8,0.74,0.0,0.0,весна,нет,да
2018-03-07,11,441,8.0,43,1.7,19090,-3.8,1.74,0.0,0.0,весна,нет,да
2018-03-07,12,550,9.6,39,1.8,19820,-3.7,2.09,0.0,0.0,весна,нет,да
2018-03-07,13,509,9.9,39,1.9,19110,-3.4,1.61,0.0,0.0,весна,нет,да
2018-03-07,14,505,9.8,38,0.9,19080,-3.8,0.93,0.0,0.0,весна,нет,да
2018-03-07,15,620,10.2,34,2.3,19190,-4.9,1.19,0.0,0.0,весна,нет,да
2018-03-07,16,646,10.4,36,3.2,19630,-4.0,1.02,0.0,0.0,весна,нет,да
2018-03-07,17,849,10.4,37,1.0,20000,-3.6,0.67,0.0,0.0,весна,нет,да
2018-03-07,18,1365,9.6,42,2.0,20000,-2.7,0.14,0.0,0.0,весна,нет,да
2018-03-07,19,799,8.9,44,2.3,20000,-2.7,0.0,0.0,0.0,весна,нет,да
2018-03-07,20,587,8.5,46,1.0,19770,-2.4,0.0,0.0,0.0,весна,нет,да
2018-03-07,21,411,7.9,56,1.4,19750,-0.3,0.0,0.0,0.0,весна,нет,да
2018-03-07,22,147,7.2,60,1.4,19280,0.0,0.0,0.0,0.0,весна,нет,да
2018-03-07,23,48,6.0,79,2.0,9180,2.6,0.0,0.0,0.0,весна,нет,да
2018-03-08,0,49,5.2,83,1.5,7330,2.5,0.0,0.5,0.0,весна,нет,да
2018-03-08,1,23,4.7,86,0.7,7170,2.5,0.0,0.0,0.0,весна,нет,да
2018-03-08,2,19,4.2,88,0.9,5530,2.3,0.0,0.0,0.0,весна,нет,да
2018-03-08,3,12,3.8,90,0.8,4480,2.3,0.0,2.0,0.0,весна,нет,да
2018-03-08,4,8,3.3,90,1.3,6820,1.8,0.0,0.0,0.0,весна,нет,да
2018-03-08,5,17,3.1,90,1.2,9740,1.6,0.0,0.0,0.0,весна,нет,да
2018-03-08,6,32,3.1,89,0.2,9030,1.4,0.0,1.5,0.0,весна,нет,да
2018-03-08,7,64,3.0,90,0.7,5780,1.5,0.0,0.0,0.0,весна,нет,да
2018-03-08,8,88,3.0,94,0.3,4440,2.1,0.01,0.0,0.0,весна,нет,да
2018-03-08,9,100,3.4,90,1.5,3860,1.9,0.21,0.5,0.0,весна,нет,да
2018-03-08,10,165,3.6,88,2.6,6810,1.7,0.44,0.0,0.0,весна,нет,да
2018-03-08,11,290,4.5,82,2.0,12260,1.6,0.73,0.0,0.0,весна,нет,да
2018-03-08,12,375,5.6,72,3.0,17000,0.9,0.89,0.0,0.0,весна,нет,да
2018-03-08,13,405,6.7,65,3.2,16510,0.5,1.76,0.0,0.0,весна,нет,да
2018-03-08,14,452,7.7,62,2.4,17580,0.8,1.64,0.0,0.0,весна,нет,да
2018-03-08,15,555,9.2,53,3.3,18960,0.1,2.23,0.0,0.0,весна,нет,да
2018-03-08,16,594,9.5,56,3.1,9940,1.1,1.1,0.0,0.0,весна,нет,да
2018-03-08,17,757,7.5,64,4.3,5380,1.1,0.88,0.0,0.0,весна,нет,да
2018-03-08,18,1091,5.9,68,3.4,5430,0.4,0.38,0.0,0.0,весна,нет,да
2018-03-08,19,683,4.5,72,2.7,5290,-0.1,0.03,0.0,0.0,весна,нет,да
2018-03-08,20,586,3.3,74,2.6,4940,-0.8,0.0,0.0,0.0,весна,нет,да
2018-03-08,21,533,3.1,74,3.2,4650,-1.0,0.0,0.0,0.0,весна,нет,да
2018-03-08,22,498,2.8,74,2.1,4690,-1.3,0.0,0.0,0.0,весна,нет,да
2018-03-08,23,315,2.8,73,1.8,4680,-1.5,0.0,0.0,0.0,весна,нет,да
2018-03-09,0,272,3.0,72,2.3,4730,-1.5,0.0,0.0,0.0,весна,нет,да
2018-03-09,1,228,2.8,73,2.6,4130,-1.5,0.0,0.0,0.0,весна,нет,да
2018-03-09,2,155,2.8,74,1.2,4150,-1.3,0.0,0.0,0.0,весна,нет,да
2018-03-09,3,105,2.7,75,0.7,4170,-1.2,0.0,0.0,0.0,весна,нет,да
2018-03-09,4,66,2.5,76,1.0,4030,-1.3,0.0,0.0,0.0,весна,нет,да
2018-03-09,5,88,2.5,76,0.7,5440,-1.3,0.0,0.0,0.0,весна,нет,да
2018-03-09,6,195,2.5,71,1.1,10550,-2.2,0.0,0.0,0.0,весна,нет,да
2018-03-09,7,574,1.6,76,0.7,10240,-2.1,0.0,0.0,0.0,весна,нет,да
2018-03-09,8,1041,1.8,67,0.7,19170,-3.6,0.19,0.0,0.0,весна,нет,да
2018-03-09,9,570,3.5,60,1.3,19690,-3.5,0.71,0.0,0.0,весна,нет,да
2018-03-09,10,361,4.8,54,1.3,19210,-3.7,0.78,0.0,0.0,весна,нет,да
2018-03-09,11,444,5.9,51,0.7,18660,-3.4,0.91,0.0,0.0,весна,нет,да
2018-03-09,12,510,6.8,51,1.0,16170,-2.6,1.13,0.0,0.0,весна,нет,да
2018-03-09,13,509,7.5,44,2.0,15260,-3.9,1.24,0.0,0.0,весна,нет,да
2018-03-09,14,542,8.0,42,1.5,16900,-4.1,1.24,0.0,0.0,весна,нет,да
2018-03-09,15,611,7.7,51,2.9,6700,-1.8,0.94,0.0,0.0,весна,нет,да
2018-03-09,16,686,9.6,38,1.7,10520,-4.0,1.71,0.0,0.0,весна,нет,да
2018-03-09,17,834,8.9,46,1.8,7890,-2.1,1.0,0.0,0.0,весна,нет,да
2018-03-09,18,1231,7.0,55,2.0,7050,-1.4,0.35,0.0,0.0,весна,нет,да
2018-03-09,19,718,5.4,60,3.9,9900,-1.7,0.02,0.0,0.0,весна,нет,да
2018-03-09,20,535,4.3,67,1.1,11250,-1.2,0.0,0.0,0.0,весна,нет,да
2018-03-09,21,537,3.5,69,1.4,11770,-1.6,0.0,0.0,0.0,весна,нет,да
2018-03-09,22,521,2.9,69,1.2,11790,-2.2,0.0,0.0,0.0,весна,нет,да
2018-03-09,23,309,2.5,72,1.5,10710,-2.0,0.0,0.0,0.0,весна,нет,да
2018-03-10,0,328,2.1,74,1.4,9700,-2.0,0.0,0.0,0.0,весна,нет,да
2018-03-10,1,305,2.0,75,1.0,6580,-1.9,0.0,0.0,0.0,весна,нет,да
2018-03-10,2,241,1.6,79,0.9,6850,-1.6,0.0,0.0,0.0,весна,нет,да
2018-03-10,3,139,1.3,80,0.6,7050,-1.7,0.0,0.0,0.0,весна,нет,да
2018-03-10,4,91,0.9,81,0.6,6200,-1.9,0.0,0.0,0.0,весна,нет,да
2018-03-10,5,79,0.8,80,0.3,5650,-2.2,0.0,0.0,0.0,весна,нет,да
2018-03-10,6,74,1.1,78,1.1,5380,-2.3,0.0,0.0,0.0,весна,нет,да
2018-03-10,7,208,0.9,78,1.1,5350,-2.5,0.0,0.0,0.0,весна,нет,да
2018-03-10,8,340,1.5,73,1.2,4660,-2.8,0.11,0.0,0.0,весна,нет,да
2018-03-10,9,381,2.7,71,1.3,4180,-2.0,0.3,0.0,0.0,весна,нет,да
2018-03-10,10,416,3.5,65,2.4,5390,-2.4,0.87,0.0,0.0,весна,нет,да
2018-03-10,11,497,5.7,58,2.3,7000,-1.9,2.08,0.0,0.0,весна,нет,да
2018-03-10,12,650,7.1,50,2.2,9090,-2.6,2.47,0.0,0.0,весна,нет,да
2018-03-10,13,757,8.2,42,3.1,12610,-3.9,2.66,0.0,0.0,весна,нет,да
2018-03-10,14,906,9.2,38,2.6,13770,-4.4,2.53,0.0,0.0,весна,нет,да
2018-03-10,15,931,8.1,36,4.7,19640,-6.1,2.23,0.0,0.0,весна,нет,да
2018-03-10,16,972,8.3,37,3.8,18670,-5.5,1.73,0.0,0.0,весна,нет,да
2018-03-10,17,829,7.7,46,2.8,16350,-3.2,1.05,0.0,0.0,весна,нет,да
2018-03-10,18,664,6.2,61,3.2,14110,-0.7,0.4,0.0,0.0,весна,нет,да
2018-03-10,19,573,5.3,67,2.6,13140,-0.3,0.02,0.0,0.0,весна,нет,да
2018-03-10,20,447,5.2,69,1.8,11960,0.0,0.0,0.0,0.0,весна,нет,да
2018-03-10,21,470,5.0,73,2.2,11730,0.5,0.0,0.0,0.0,весна,нет,да
2018-03-10,22,421,5.0,75,2.2,10840,0.9,0.0,0.0,0.0,весна,нет,да
2018-03-10,23,345,5.1,75,1.4,9500,1.0,0.0,0.0,0.0,весна,нет,да
2018-03-11,0,376,5.1,77,1.9,7180,1.3,0.0,0.0,0.0,весна,нет,да
2018-03-11,1,222,4.8,80,1.3,5830,1.6,0.0,0.0,0.0,весна,нет,да
2018-03-11,2,171,4.7,78,1.5,4660,1.1,0.0,0.0,0.0,весна,нет,да
2018-03-11,3,115,4.4,80,1.6,3930,1.2,0.0,0.0,0.0,весна,нет,да
2018-03-11,4,80,4.2,81,1.3,3330,1.2,0.0,0.0,0.0,весна,нет,да
2018-03-11,5,45,3.9,85,1.6,2640,1.6,0.0,0.0,0.0,весна,нет,да
2018-03-11,6,63,3.4,85,1.5,2340,1.1,0.0,0.0,0.0,весна,нет,да
2018-03-11,7,119,2.9,84,1.9,2410,0.4,0.0,0.0,0.0,весна,нет,да
2018-03-11,8,212,2.8,82,1.2,2400,0.0,0.19,0.0,0.0,весна,нет,да
2018-03-11,9,289,3.9,77,2.0,2630,0.2,0.65,0.0,0.0,весна,нет,да
2018-03-11,10,394,5.9,69,2.6,3300,0.6,1.43,0.0,0.0,весна,нет,да
2018-03-11,11,425,7.6,54,1.6,4300,-1.1,2.06,0.0,0.0,весна,нет,да
2018-03-11,12,666,9.2,40,2.6,5920,-3.7,2.47,0.0,0.0,весна,нет,да
2018-03-11,13,843,10.3,31,2.1,8850,-6.1,2.67,0.0,0.0,весна,нет,да
2018-03-11,14,1154,11.6,20,2.7,16470,-10.6,2.69,0.0,0.0,весна,нет,да
2018-03-11,15,1294,11.9,26,2.8,13380,-7.0,2.34,0.0,0.0,весна,нет,да
2018-03-11,16,1205,11.9,25,2.7,14240,-7.5,1.83,0.0,0.0,весна,нет,да
2018-03-11,17,1028,11.1,25,2.0,17650,-8.2,1.19,0.0,0.0,весна,нет,да
2018-03-11,18,776,9.4,22,2.9,19950,-11.2,0.55,0.0,0.0,весна,нет,да
2018-03-11,19,596,7.8,28,1.9,19820,-9.6,0.04,0.0,0.0,весна,нет,да
2018-03-11,20,530,6.7,32,1.9,17220,-8.8,0.0,0.0,0.0,весна,нет,да
2018-03-11,21,533,5.7,34,1.0,15200,-8.9,0.0,0.0,0.0,весна,нет,да
2018-03-11,22,419,5.3,31,2.3,18420,-10.5,0.0,0.0,0.0,весна,нет,да
2018-03-11,23,288,4.2,34,1.7,14760,-10.3,0.0,0.0,0.0,весна,нет,да
2018-03-12,0,222,3.5,46,1.1,10400,-7.0,0.0,0.0,0.0,весна,нет,да
2018-03-12,1,163,2.9,51,0.8,11190,-6.2,0.0,0.0,0.0,весна,нет,да
2018-03-12,2,95,2.7,46,0.4,13630,-7.7,0.0,0.0,0.0,весна,нет,да
2018-03-12,3,60,2.3,48,0.8,14480,-7.6,0.0,0.0,0.0,весна,нет,да
2018-03-12,4,47,2.8,52,0.6,12490,-6.1,0.0,0.0,0.0,весна,нет,да
2018-03-12,5,106,3.3,53,0.4,12080,-5.3,0.0,0.0,0.0,весна,нет,да
2018-03-12,6,261,2.8,57,0.7,9200,-4.8,0.0,0.0,0.0,весна,нет,да
2018-03-12,7,662,3.0,53,0.5,10940,-5.6,0.0,0.0,0.0,весна,нет,да
2018-03-12,8,1066,3.8,47,0.8,12290,-6.5,0.06,0.0,0.0,весна,нет,да
2018-03-12,9,604,4.8,43,1.0,12000,-6.7,0.18,0.0,0.0,весна,нет,да
2018-03-12,10,406,6.6,40,1.0,10610,-6.0,0.65,0.0,0.0,весна,нет,да
2018-03-12,11,463,9.2,33,1.1,8920,-6.2,1.54,0.0,0.0,весна,нет,да
2018-03-12,12,581,11.7,32,1.6,6900,-4.4,1.99,0.0,0.0,весна,нет,да
2018-03-12,13,588,13.6,34,1.8,4580,-1.9,2.23,0.0,0.0,весна,нет,да
2018-03-12,14,603,14.9,34,2.8,4030,-0.8,2.22,0.0,0.0,весна,нет,да
2018-03-12,15,694,15.3,32,2.9,4580,-1.3,2.02,0.0,0.0,весна,нет,да
2018-03-12,16,752,14.5,34,3.1,4710,-1.2,1.59,0.0,0.0,весна,нет,да
2018-03-12,17,931,13.7,38,2.6,4360,-0.3,1.0,0.0,0.0,весна,нет,да
2018-03-12,18,1425,12.2,43,2.8,4630,0.0,0.41,0.0,0.0,весна,нет,да
2018-03-12,19,946,10.6,47,2.0,4250,-0.2,0.03,0.0,0.0,весна,нет,да
2018-03-12,20,801,9.4,50,2.1,3910,-0.5,0.0,0.0,0.0,весна,нет,да
2018-03-12,21,771,8.7,49,1.7,4640,-1.4,0.0,0.0,0.0,весна,нет,да
2018-03-12,22,695,7.8,49,0.1,5280,-2.2,0.0,0.0,0.0,весна,нет,да
2018-03-12,23,397,6.8,56,0.9,4970,-1.3,0.0,0.0,0.0,весна,нет,да
2018-03-13,0,309,6.4,62,0.7,5060,-0.3,0.0,0.0,0.0,весна,нет,да
2018-03-13,1,231,5.9,65,1.0,5960,-0.1,0.0,0.0,0.0,весна,нет,да
2018-03-13,2,161,5.4,66,0.6,6230,-0.4,0.0,0.0,0.0,весна,нет,да
2018-03-13,3,103,5.5,62,0.6,7220,-1.2,0.0,0.0,0.0,весна,нет,да
2018-03-13,4,88,6.2,59,0.8,4930,-1.2,0.0,0.0,0.0,весна,нет,да
2018-03-13,5,97,6.8,56,0.9,5700,-1.3,0.0,0.0,0.0,весна,нет,да
2018-03-13,6,252,7.0,58,0.7,5370,-0.7,0.0,0.0,0.0,весна,нет,да
2018-03-13,7,668,7.2,56,0.5,5450,-1.0,0.0,0.0,0.0,весна,нет,да
2018-03-13,8,1215,8.0,48,0.4,7110,-2.3,0.12,0.0,0.0,весна,нет,да
2018-03-13,9,616,9.4,44,0.3,7430,-2.2,0.33,0.0,0.0,весна,нет,да
2018-03-13,10,428,10.9,40,0.5,7140,-2.1,0.55,0.0,0.0,весна,нет,да
2018-03-13,11,571,12.6,49,1.4,9880,2.1,0.84,0.0,0.0,весна,нет,да
2018-03-13,12,626,15.5,47,3.3,13030,4.2,2.44,0.0,0.0,весна,нет,да
2018-03-13,13,678,17.1,42,3.2,13050,4.0,2.6,0.0,0.0,весна,нет,да
2018-03-13,14,705,18.3,43,2.2,15090,5.4,2.43,0.0,0.0,весна,нет,да
2018-03-13,15,815,18.6,47,3.3,15600,7.0,2.08,0.0,0.0,весна,нет,да
2018-03-13,16,890,17.6,53,3.7,17350,7.8,1.4,0.0,0.0,весна,нет,да
2018-03-13,17,1085,16.9,62,3.1,15620,9.5,0.95,0.0,0.0,весна,нет,да
2018-03-13,18,1749,15.7,68,3.3,14730,9.8,0.39,0.0,0.0,весна,нет,да
2018-03-13,19,1224,14.1,77,2.0,12400,10.1,0.04,0.0,0.0,весна,нет,да
2018-03-13,20,986,13.9,77,1.5,10100,9.9,0.0,0.0,0.0,весна,нет,да
2018-03-13,21,982,13.7,79,2.0,10350,10.1,0.0,0.0,0.0,весна,нет,да
2018-03-13,22,912,13.5,81,2.8,9330,10.2,0.0,0.0,0.0,весна,нет,да
2018-03-13,23,572,13.4,81,2.6,9580,10.1,0.0,0.0,0.0,весна,нет,да
2018-03-14,0,412,13.6,79,2.2,8620,10.0,0.0,0.0,0.0,весна,нет,да
2018-03-14,1,309,13.7,73,2.2,11820,8.9,0.0,0.0,0.0,весна,нет,да
2018-03-14,2,226,13.8,70,1.3,13630,8.4,0.0,0.0,0.0,весна,нет,да
2018-03-14,3,142,14.0,67,2.3,17330,7.9,0.0,0.0,0.0,весна,нет,да
2018-03-14,4,82,14.0,70,1.5,16480,8.6,0.0,0.0,0.0,весна,нет,да
2018-03-14,5,123,14.1,69,1.3,19230,8.4,0.0,0.0,0.0,весна,нет,да
2018-03-14,6,290,14.1,69,1.6,18820,8.4,0.0,0.0,0.0,весна,нет,да
2018-03-14,7,786,14.1,69,1.1,16920,8.4,0.0,0.0,0.0,весна,нет,да
2018-03-14,8,1371,14.2,67,0.9,18120,8.1,0.06,0.0,0.0,весна,нет,да
2018-03-14,9,761,14.6,62,1.2,17680,7.3,0.19,0.0,0.0,весна,нет,да
2018-03-14,10,552,15.7,58,1.3,19800,7.4,0.69,0.0,0.0,весна,нет,да
2018-03-14,11,643,17.5,55,2.1,18920,8.3,1.35,0.0,0.0,весна,нет,да
2018-03-14,12,813,19.9,44,2.7,18740,7.2,2.22,0.0,0.0,весна,нет,да
2018-03-14,13,789,20.9,44,4.7,17950,8.1,2.66,0.0,0.0,весна,нет,да
2018-03-14,14,878,21.1,42,4.3,20000,7.6,2.49,0.0,0.0,весна,нет,да
2018-03-14,15,1025,21.7,39,3.3,19790,7.1,2.09,0.0,0.0,весна,нет,да
2018-03-14,16,1049,21.7,41,3.2,20000,7.8,1.91,0.0,0.0,весна,нет,да
2018-03-14,17,1325,20.5,49,3.5,20000,9.4,1.18,0.0,0.0,весна,нет,да
2018-03-14,18,2100,19.2,53,2.4,20000,9.3,0.58,0.0,0.0,весна,нет,да
2018-03-14,19,1478,17.9,54,2.9,20000,8.4,0.04,0.0,0.0,весна,нет,да
2018-03-14,20,1275,17.2,60,2.5,19930,9.3,0.0,0.0,0.0,весна,нет,да
2018-03-14,21,1181,16.8,67,2.0,17750,10.6,0.0,0.0,0.0,весна,нет,да
2018-03-14,22,983,16.2,71,2.0,17800,10.9,0.0,0.0,0.0,весна,нет,да
2018-03-14,23,587,16.1,69,1.8,16660,10.4,0.0,0.0,0.0,весна,нет,да
2018-03-15,0,466,16.0,69,2.4,18630,10.3,0.0,0.0,0.0,весна,нет,да
2018-03-15,1,355,16.3,68,2.1,18590,10.3,0.0,0.0,0.0,весна,нет,да
2018-03-15,2,203,16.5,68,1.3,17240,10.5,0.0,0.0,0.0,весна,нет,да
2018-03-15,3,51,16.5,69,2.4,16590,10.7,0.0,0.0,0.0,весна,нет,да
2018-03-15,4,9,15.1,86,2.1,8770,12.7,0.0,0.0,0.0,весна,нет,да
2018-03-15,5,8,14.5,94,2.0,4870,13.5,0.0,0.0,0.0,весна,нет,да
2018-03-15,6,10,14.4,96,0.7,4530,13.7,0.0,8.0,0.0,весна,нет,да
2018-03-15,7,15,14.3,97,0.3,1890,13.8,0.0,0.0,0.0,весна,нет,да
2018-03-15,8,39,14.1,97,1.1,3420,13.6,0.0,0.0,0.0,весна,нет,да
2018-03-15,9,32,14.1,98,1.1,2530,13.7,0.06,17.0,0.0,весна,нет,да
2018-03-15,10,27,14.2,98,1.2,2990,13.8,0.14,0.0,0.0,весна,нет,да
2018-03-15,11,65,13.9,98,1.4,2960,13.5,0.13,0.0,0.0,весна,нет,да
2018-03-15,12,204,13.3,97,2.9,7710,12.8,0.19,2.0,0.0,весна,нет,да
2018-03-15,13,269,12.7,97,2.6,4670,12.2,0.23,0.0,0.0,весна,нет,да
2018-03-15,14,289,12.1,97,2.0,1770,11.6,0.2,0.0,0.0,весна,нет,да
2018-03-15,15,329,11.6,97,3.4,1170,11.1,0.26,0.0,0.0,весна,нет,да
2018-03-15,16,214,10.7,98,1.2,1960,10.3,0.14,0.0,0.0,весна,нет,да
2018-03-15,17,411,10.9,98,1.3,2220,10.5,0.09,0.0,0.0,весна,нет,да
2018-03-15,18,676,10.4,98,2.5,1160,10.0,0.03,0.0,0.0,весна,нет,да
2018-03-15,19,606,10.4,98,2.0,3910,10.0,0.0,0.0,0.0,весна,нет,да
2018-03-15,20,533,10.5,97,1.8,3720,10.0,0.0,0.0,0.0,весна,нет,да
2018-03-15,21,567,10.4,96,2.7,4990,9.7,0.0,0.0,0.0,весна,нет,да
2018-03-15,22,506,9.8,90,3.7,4930,8.2,0.0,0.0,0.0,весна,нет,да
2018-03-15,23,343,9.3,90,4.1,6090,7.7,0.0,0.0,0.0,весна,нет,да
2018-03-16,0,287,8.4,86,2.2,20000,6.1,0.0,0.0,0.0,весна,нет,да
2018-03-16,1,278,7.2,83,2.1,20000,4.4,0.0,0.0,0.0,весна,нет,да
2018-03-16,2,178,6.7,72,2.1,20000,1.9,0.0,0.0,0.0,весна,нет,да
2018-03-16,3,102,6.1,67,2.6,20000,0.4,0.0,0.0,0.0,весна,нет,да
2018-03-16,4,85,5.7,62,2.4,20000,-1.0,0.0,0.0,0.0,весна,нет,да
2018-03-16,5,85,5.2,60,2.0,20000,-1.9,0.0,0.0,0.0,весна,нет,да
2018-03-16,6,222,4.4,61,1.7,20000,-2.4,0.0,0.0,0.0,весна,нет,да
2018-03-16,7,652,3.7,59,2.9,20000,-3.5,0.0,0.0,0.0,весна,нет,да
2018-03-16,8,1176,3.8,56,2.4,20000,-4.1,0.32,0.0,0.0,весна,нет,да
2018-03-16,9,683,5.2,51,1.7,20000,-4.1,1.08,0.0,0.0,весна,нет,да
2018-03-16,10,507,6.7,46,2.2,19360,-4.1,1.79,0.0,0.0,весна,нет,да
2018-03-16,11,557,8.2,45,2.4,19920,-3.0,2.38,0.0,0.0,весна,нет,да
2018-03-16,12,705,9.4,40,2.6,19130,-3.5,2.78,0.0,0.0,весна,нет,да
2018-03-16,13,715,10.4,38,2.4,19590,-3.3,2.99,0.0,0.0,весна,нет,да
2018-03-16,14,772,11.0,36,1.8,19730,-3.5,2.91,0.0,0.0,весна,нет,да
2018-03-16,15,923,11.9,32,1.9,19760,-4.3,2.62,0.0,0.0,весна,нет,да
2018-03-16,16,976,11.6,31,1.4,19990,-4.9,2.11,0.0,0.0,весна,нет,да
2018-03-16,17,1160,11.2,30,1.5,20000,-5.7,1.44,0.0,0.0,весна,нет,да
2018-03-16,18,1641,10.0,33,1.2,20000,-5.5,0.68,0.0,0.0,весна,нет,да
2018-03-16,19,974,8.1,36,1.2,20000,-6.1,0.06,0.0,0.0,весна,нет,да
2018-03-16,20,774,6.7,41,1.0,20000,-5.6,0.0,0.0,0.0,весна,нет,да
2018-03-16,21,710,5.8,43,1.8,20000,-5.8,0.0,0.0,0.0,весна,нет,да
2018-03-16,22,660,4.9,46,0.8,20000,-5.7,0.0,0.0,0.0,весна,нет,да
2018-03-16,23,455,4.2,47,1.3,20000,-6.1,0.0,0.0,0.0,весна,нет,да
2018-03-17,0,414,3.7,48,1.6,20000,-6.3,0.0,0.0,0.0,весна,нет,да
2018-03-17,1,366,3.0,52,0.7,20000,-5.9,0.0,0.0,0.0,весна,нет,да
2018-03-17,2,268,2.3,56,0.6,20000,-5.5,0.0,0.0,0.0,весна,нет,да
2018-03-17,3,157,1.8,59,0.7,20000,-5.3,0.0,0.0,0.0,весна,нет,да
2018-03-17,4,103,1.3,61,0.7,20000,-5.4,0.0,0.0,0.0,весна,нет,да
2018-03-17,5,60,1.0,62,0.9,20000,-5.4,0.0,0.0,0.0,весна,нет,да
2018-03-17,6,109,0.8,63,1.0,20000,-5.4,0.0,0.0,0.0,весна,нет,да
2018-03-17,7,193,0.5,64,0.8,20000,-5.5,0.01,0.0,0.0,весна,нет,да
2018-03-17,8,384,1.3,57,1.0,19740,-6.2,0.32,0.0,0.0,весна,нет,да
2018-03-17,9,520,3.4,49,1.6,19500,-6.3,1.03,0.0,0.0,весна,нет,да
2018-03-17,10,561,6.0,43,1.0,18290,-5.6,1.69,0.0,0.0,весна,нет,да
2018-03-17,11,742,8.0,39,1.2,17830,-5.1,2.26,0.0,0.0,весна,нет,да
2018-03-17,12,933,10.0,38,1.5,16770,-3.6,2.51,0.0,0.0,весна,нет,да
2018-03-17,13,1111,10.9,32,1.2,17720,-5.1,2.22,0.0,0.0,весна,нет,да
2018-03-17,14,1294,12.1,29,2.3,17340,-5.4,2.26,0.0,0.0,весна,нет,да
2018-03-17,15,1514,13.2,23,2.8,16960,-7.5,2.52,0.0,0.0,весна,нет,да
2018-03-17,16,1440,13.7,28,2.1,14990,-4.5,1.88,0.0,0.0,весна,нет,да
2018-03-17,17,1272,12.1,34,2.5,12400,-3.3,0.81,0.0,0.0,весна,нет,да
2018-03-17,18,934,10.6,42,2.8,13070,-1.8,0.31,0.0,0.0,весна,нет,да
2018-03-17,19,718,8.8,49,3.2,12070,-1.3,0.05,0.0,0.0,весна,нет,да
2018-03-17,20,688,7.9,54,2.3,10050,-0.8,0.0,0.0,0.0,весна,нет,да
2018-03-17,21,624,7.4,54,2.0,11420,-1.3,0.0,0.0,0.0,весна,нет,да
2018-03-17,22,562,7.0,55,2.7,10410,-1.4,0.0,0.0,0.0,весна,нет,да
2018-03-17,23,422,6.4,59,1.1,9610,-1.0,0.0,0.0,0.0,весна,нет,да
2018-03-18,0,407,5.9,56,1.1,10190,-2.2,0.0,0.0,0.0,весна,нет,да
2018-03-18,1,309,5.7,55,1.4,10430,-2.6,0.0,0.0,0.0,весна,нет,да
2018-03-18,2,226,5.5,56,1.2,10670,-2.5,0.0,0.0,0.0,весна,нет,да
2018-03-18,3,174,5.5,57,1.1,10790,-2.3,0.0,0.0,0.0,весна,нет,да
2018-03-18,4,106,5.6,55,0.4,11150,-2.7,0.0,0.0,0.0,весна,нет,да
2018-03-18,5,67,5.6,55,1.2,10080,-2.7,0.0,0.0,0.0,весна,нет,да
2018-03-18,6,73,5.7,54,1.7,12080,-2.9,0.0,0.0,0.0,весна,нет,да
2018-03-18,7,152,5.5,58,1.0,9370,-2.1,0.0,0.0,0.0,весна,нет,да
2018-03-18,8,293,5.9,58,1.8,8610,-1.7,0.11,0.0,0.0,весна,нет,да
2018-03-18,9,398,6.3,53,0.5,8490,-2.5,0.34,0.0,0.0,весна,нет,да
2018-03-18,10,460,7.2,53,1.6,7090,-1.7,0.45,0.0,0.0,весна,нет,да
2018-03-18,11,587,8.5,49,0.7,7180,-1.6,0.76,0.0,0.0,весна,нет,да
2018-03-18,12,751,9.8,46,1.2,7100,-1.2,1.13,0.0,0.0,весна,нет,да
2018-03-18,13,881,10.6,43,1.3,7050,-1.4,1.07,0.0,0.0,весна,нет,да
2018-03-18,14,993,11.0,41,1.1,7630,-1.7,0.81,0.0,0.0,весна,нет,да
2018-03-18,15,1128,12.0,37,0.8,8790,-2.2,1.09,0.0,0.0,весна,нет,да
2018-03-18,16,1059,12.3,30,1.6,12630,-4.8,0.94,0.0,0.0,весна,нет,да
2018-03-18,17,603,11.1,42,2.2,7650,-1.3,0.34,0.0,0.0,весна,нет,да
2018-03-18,18,365,10.4,47,0.4,8240,-0.4,0.14,0.0,0.0,весна,нет,да
2018-03-18,19,237,10.0,53,1.7,7960,0.8,0.01,0.0,0.0,весна,нет,да
2018-03-18,20,146,9.2,66,1.1,5130,3.1,0.0,0.0,0.0,весна,нет,да
2018-03-18,21,71,8.8,72,0.9,5010,4.0,0.0,0.0,0.0,весна,нет,да
2018-03-18,22,70,8.1,76,0.8,4920,4.1,0.0,0.0,0.0,весна,нет,да
2018-03-18,23,53,7.4,80,1.3,4710,4.1,0.0,0.0,0.0,весна,нет,да
2018-03-19,0,67,7.0,81,1.1,4210,3.9,0.0,0.5,0.0,весна,нет,да
2018-03-19,1,38,6.7,84,0.8,3200,4.1,0.0,0.0,0.0,весна,нет,да
2018-03-19,2,28,6.6,86,0.6,4160,4.4,0.0,0.0,0.0,весна,нет,да
2018-03-19,3,12,6.5,88,0.9,2760,4.6,0.0,0.3,0.0,весна,нет,да
2018-03-19,4,9,6.3,90,1.0,2400,4.7,0.0,0.0,0.0,весна,нет,да
2018-03-19,5,27,6.2,89,1.5,3380,4.5,0.0,0.0,0.0,весна,нет,да
2018-03-19,6,91,6.5,88,1.2,4170,4.6,0.0,0.2,0.0,весна,нет,да
2018-03-19,7,370,6.5,88,1.4,5150,4.6,0.0,0.0,0.0,весна,нет,да
2018-03-19,8,592,7.3,84,2.2,8130,4.7,0.05,0.0,0.0,весна,нет,да
2018-03-19,9,387,8.2,81,2.7,12730,5.1,0.2,0.5,0.0,весна,нет,да
2018-03-19,10,292,9.1,77,2.7,15870,5.2,0.27,0.0,0.0,весна,нет,да
2018-03-19,11,393,10.2,65,3.3,20000,3.9,0.57,0.0,0.0,весна,нет,да
2018-03-19,12,403,10.2,58,3.5,20000,2.2,0.32,0.0,0.0,весна,нет,да
2018-03-19,13,387,10.1,61,3.7,15040,2.9,0.38,0.0,0.0,весна,нет,да
2018-03-19,14,326,10.1,59,3.3,20000,2.4,0.57,0.0,0.0,весна,нет,да
2018-03-19,15,263,9.8,57,3.0,20000,1.6,0.43,0.0,0.0,весна,нет,да
2018-03-19,16,271,8.9,63,3.0,16140,2.2,0.28,0.0,0.0,весна,нет,да
2018-03-19,17,605,8.5,59,2.7,19270,0.9,0.16,0.0,0.0,весна,нет,да
2018-03-19,18,1200,8.6,55,2.4,19580,0.0,0.09,0.0,0.0,весна,нет,да
2018-03-19,19,818,8.4,51,3.3,19770,-1.1,0.01,0.0,0.0,весна,нет,да
2018-03-19,20,711,8.3,47,3.1,20000,-2.3,0.0,0.0,0.0,весна,нет,да
2018-03-19,21,731,8.0,47,3.3,20000,-2.6,0.0,0.0,0.0,весна,нет,да
2018-03-19,22,565,7.6,48,3.1,20000,-2.7,0.0,0.0,0.0,весна,нет,да
2018-03-19,23,382,6.9,44,3.3,20000,-4.5,0.0,0.0,0.0,весна,нет,да
2018-03-20,0,297,6.3,42,3.3,20000,-5.6,0.0,0.0,0.0,весна,нет,да
2018-03-20,1,243,5.5,42,3.1,20000,-6.4,0.0,0.0,0.0,весна,нет,да
2018-03-20,2,165,5.1,44,3.4,20000,-6.1,0.0,0.0,0.0,весна,нет,да
2018-03-20,3,95,4.7,44,3.8,20000,-6.5,0.0,0.0,0.0,весна,нет,да
2018-03-20,4,69,4.4,44,3.1,20000,-6.8,0.0,0.0,0.0,весна,нет,да
2018-03-20,5,92,4.1,42,3.1,20000,-7.6,0.0,0.0,0.0,весна,нет,да
2018-03-20,6,235,3.9,43,3.4,20000,-7.5,0.0,0.0,0.0,весна,нет,да
2018-03-20,7,677,3.8,44,4.1,20000,-7.3,0.02,0.0,0.0,весна,нет,да
2018-03-20,8,1212,4.3,43,4.2,20000,-7.2,0.37,0.0,0.0,весна,нет,да
2018-03-20,9,661,5.7,38,3.9,19850,-7.5,0.98,0.0,0.0,весна,нет,да
2018-03-20,10,418,7.4,35,3.5,19900,-7.0,1.81,0.0,0.0,весна,нет,да
2018-03-20,11,488,8.4,34,3.6,19660,-6.5,2.36,0.0,0.0,весна,нет,да
2018-03-20,12,522,9.0,33,3.1,19850,-6.4,2.59,0.0,0.0,весна,нет,да
2018-03-20,13,516,8.0,37,3.4,20000,-5.8,1.96,0.0,0.0,весна,нет,да
2018-03-20,14,478,7.3,38,3.4,19970,-6.1,1.6,0.0,0.0,весна,нет,да
2018-03-20,15,492,6.5,39,3.3,20000,-6.4,1.21,0.0,0.0,весна,нет,да
2018-03-20,16,518,5.6,42,4.2,20000,-6.3,0.81,0.0,0.0,весна,нет,да
2018-03-20,17,719,4.9,43,4.3,20000,-6.6,0.42,0.0,0.0,весна,нет,да
2018-03-20,18,1111,4.1,43,3.5,20000,-7.3,0.21,0.0,0.0,весна,нет,да
2018-03-20,19,716,3.2,45,3.7,20000,-7.6,0.02,0.0,0.0,весна,нет,да
2018-03-20,20,543,2.7,45,3.3,20000,-8.0,0.0,0.0,0.0,весна,нет,да
2018-03-20,21,494,2.3,40,3.3,20000,-9.9,0.0,0.0,0.0,весна,нет,да
2018-03-20,22,460,2.0,37,2.7,20000,-11.1,0.0,0.0,0.0,весна,нет,да
2018-03-20,23,294,1.8,37,2.3,20000,-11.3,0.0,0.0,0.0,весна,нет,да
2018-03-21,0,240,1.6,39,2.3,20000,-10.8,0.0,0.0,0.0,весна,нет,да
2018-03-21,1,223,1.5,40,2.8,20000,-10.6,0.0,0.0,0.0,весна,нет,да
2018-03-21,2,147,1.4,40,2.9,20000,-10.7,0.0,0.0,0.0,весна,нет,да
2018-03-21,3,82,1.3,40,2.1,20000,-10.8,0.0,0.0,0.0,весна,нет,да
2018-03-21,4,70,1.3,39,2.3,20000,-11.1,0.0,0.0,0.0,весна,нет,да
2018-03-21,5,80,1.3,40,2.3,20000,-10.8,0.0,0.0,0.0,весна,нет,да
2018-03-21,6,209,1.4,42,1.7,20000,-10.1,0.0,0.0,0.0,весна,нет,да
2018-03-21,7,605,1.4,43,1.5,20000,-9.8,0.0,0.0,0.0,весна,нет,да
2018-03-21,8,1097,1.6,42,1.8,20000,-9.9,0.13,0.0,0.0,весна,нет,да
2018-03-21,9,614,2.5,40,1.9,20000,-9.7,0.41,0.0,0.0,весна,нет,да
2018-03-21,10,374,3.6,37,1.3,20000,-9.7,0.83,0.0,0.0,весна,нет,да
2018-03-21,11,339,4.8,35,2.1,20000,-9.4,1.38,0.0,0.0,весна,нет,да
2018-03-21,12,333,4.8,51,2.2,17150,-4.5,1.12,0.0,0.0,весна,нет,да
2018-03-21,13,196,4.0,64,2.0,18340,-2.2,0.75,0.0,0.0,весна,нет,да
2018-03-21,14,117,1.9,89,1.5,1020,0.2,0.41,0.0,0.0,весна,нет,да
2018-03-21,15,184,2.2,85,1.3,20000,0.0,0.41,0.5,0.0,весна,нет,да
2018-03-21,16,241,2.4,79,1.9,19950,-0.8,0.37,0.0,0.0,весна,нет,да
2018-03-21,17,319,2.5,78,2.0,20000,-0.9,0.25,0.0,0.0,весна,нет,да
2018-03-21,18,615,2.0,77,1.3,20000,-1.6,0.07,0.0,0.0,весна,нет,да
2018-03-21,19,402,2.0,81,0.7,20000,-0.9,0.0,0.0,0.0,весна,нет,да
2018-03-21,20,120,1.7,85,1.3,3960,-0.5,0.0,0.0,0.0,весна,нет,да
2018-03-21,21,231,1.2,92,0.7,14740,0.0,0.0,0.5,0.0,весна,нет,да
2018-03-21,22,320,1.2,87,0.9,18020,-0.7,0.0,0.0,0.0,весна,нет,да
2018-03-21,23,226,1.5,86,1.2,14950,-0.5,0.0,0.0,0.0,весна,нет,да
2018-03-22,0,243,1.6,86,1.7,11410,-0.4,0.0,0.0,0.0,весна,нет,да
2018-03-22,1,247,1.6,85,2.0,9520,-0.6,0.0,0.0,0.0,весна,нет,да
2018-03-22,2,173,1.5,86,2.5,7820,-0.5,0.0,0.0,0.0,весна,нет,да
2018-03-22,3,107,1.3,87,1.7,8220,-0.6,0.0,0.0,0.0,весна,нет,да
2018-03-22,4,75,1.3,87,2.2,9370,-0.6,0.0,0.0,0.0,весна,нет,да
2018-03-22,5,81,1.1,88,0.9,9270,-0.6,0.0,0.0,0.0,весна,нет,да
2018-03-22,6,212,0.8,88,1.0,9000,-0.9,0.0,0.0,0.0,весна,нет,да
2018-03-22,7,600,0.6,85,1.5,13210,-1.6,0.01,0.0,0.0,весна,нет,да
2018-03-22,8,1174,1.1,79,1.7,14800,-2.1,0.36,0.0,0.0,весна,нет,да
2018-03-22,9,653,2.5,67,1.3,14720,-3.0,1.11,0.0,0.0,весна,нет,да
2018-03-22,10,446,4.9,56,1.9,14800,-3.1,1.76,0.0,0.0,весна,нет,да
2018-03-22,11,565,6.9,46,2.1,15410,-3.9,2.33,0.0,0.0,весна,нет,да
2018-03-22,12,668,8.3,36,2.5,16650,-5.9,2.7,0.0,0.0,весна,нет,да
2018-03-22,13,648,9.9,29,3.2,16410,-7.3,2.91,0.0,0.0,весна,нет,да
2018-03-22,14,674,11.4,30,3.1,16720,-5.5,2.82,0.0,0.0,весна,нет,да
2018-03-22,15,758,10.7,34,4.5,18500,-4.5,2.51,0.0,0.0,весна,нет,да
2018-03-22,16,752,10.3,34,3.8,18500,-4.9,1.93,0.0,0.0,весна,нет,да
2018-03-22,17,999,9.6,38,3.2,16060,-4.0,1.35,0.0,0.0,весна,нет,да
2018-03-22,18,1495,7.9,46,3.1,10570,-3.0,0.58,0.0,0.0,весна,нет,да
2018-03-22,19,923,6.2,54,1.8,8830,-2.4,0.08,0.0,0.0,весна,нет,да
2018-03-22,20,739,5.1,56,2.0,8990,-2.9,0.0,0.0,0.0,весна,нет,да
2018-03-22,21,726,4.5,62,2.0,8260,-2.1,0.0,0.0,0.0,весна,нет,да
2018-03-22,22,621,3.9,66,2.7,9900,-1.8,0.0,0.0,0.0,весна,нет,да
2018-03-22,23,428,3.4,69,1.1,8950,-1.7,0.0,0.0,0.0,весна,нет,да
2018-03-23,0,335,2.9,72,1.3,9030,-1.6,0.0,0.0,0.0,весна,нет,да
2018-03-23,1,283,2.5,75,1.5,7860,-1.4,0.0,0.0,0.0,весна,нет,да
2018-03-23,2,216,2.2,80,1.4,6150,-0.8,0.0,0.0,0.0,весна,нет,да
2018-03-23,3,128,1.9,81,1.1,5250,-1.0,0.0,0.0,0.0,весна,нет,да
2018-03-23,4,92,2.0,80,0.8,4740,-1.0,0.0,0.0,0.0,весна,нет,да
2018-03-23,5,95,2.2,79,0.8,5530,-1.0,0.0,0.0,0.0,весна,нет,да
2018-03-23,6,243,2.3,80,0.7,5460,-0.8,0.0,0.0,0.0,весна,нет,да
2018-03-23,7,661,2.5,79,1.4,5360,-0.7,0.01,0.0,0.0,весна,нет,да
2018-03-23,8,1216,2.6,77,1.3,5670,-1.0,0.21,0.0,0.0,весна,нет,да
2018-03-23,9,664,3.3,72,1.4,6180,-1.2,0.61,0.0,0.0,весна,нет,да
2018-03-23,10,461,5.4,64,1.6,6370,-0.8,1.7,0.0,0.0,весна,нет,да
2018-03-23,11,584,7.1,50,1.7,7990,-2.6,2.24,0.0,0.0,весна,нет,да
2018-03-23,12,690,9.3,37,2.3,9400,-4.6,2.72,0.0,0.0,весна,нет,да
2018-03-23,13,682,10.9,36,2.1,10730,-3.6,2.87,0.0,0.0,весна,нет,да
2018-03-23,14,758,12.4,33,2.9,8110,-3.4,2.71,0.0,0.0,весна,нет,да
2018-03-23,15,849,12.1,30,3.0,11200,-4.9,2.41,0.0,0.0,весна,нет,да
2018-03-23,16,901,12.2,24,2.8,16550,-7.8,1.98,0.0,0.0,весна,нет,да
2018-03-23,17,1108,11.2,27,3.5,15850,-7.1,1.19,0.0,0.0,весна,нет,да
2018-03-23,18,1611,9.7,36,3.6,9480,-4.6,0.37,0.0,0.0,весна,нет,да
2018-03-23,19,932,8.3,48,3.0,7790,-2.0,0.06,0.0,0.0,весна,нет,да
2018-03-23,20,724,6.7,48,2.6,7740,-3.5,0.0,0.0,0.0,весна,нет,да
2018-03-23,21,676,5.8,60,2.2,6500,-1.3,0.0,0.0,0.0,весна,нет,да
2018-03-23,22,638,5.3,63,1.8,5910,-1.1,0.0,0.0,0.0,весна,нет,да
2018-03-23,23,422,5.0,42,1.7,7170,-6.8,0.0,0.0,0.0,весна,нет,да
2018-03-24,0,403,4.7,46,1.7,7460,-5.9,0.0,0.0,0.0,весна,нет,да
2018-03-24,1,360,4.7,51,1.1,7280,-4.5,0.0,0.0,0.0,весна,нет,да
2018-03-24,2,305,5.0,50,1.7,6690,-4.5,0.0,0.0,0.0,весна,нет,да
2018-03-24,3,197,5.0,51,0.8,6590,-4.3,0.0,0.0,0.0,весна,нет,да
2018-03-24,4,122,5.1,54,1.2,5500,-3.4,0.0,0.0,0.0,весна,нет,да
2018-03-24,5,82,4.7,54,1.3,5430,-3.8,0.0,0.0,0.0,весна,нет,да
2018-03-24,6,113,4.2,50,0.6,6330,-5.3,0.0,0.0,0.0,весна,нет,да
2018-03-24,7,198,4.0,54,0.9,5870,-4.4,0.01,0.0,0.0,весна,нет,да
2018-03-24,8,424,4.5,49,0.4,5800,-5.3,0.19,0.0,0.0,весна,нет,да
2018-03-24,9,456,6.5,40,2.5,5880,-6.1,0.69,0.0,0.0,весна,нет,да
2018-03-24,10,494,7.2,43,1.5,5590,-4.5,0.42,0.0,0.0,весна,нет,да
2018-03-24,11,589,9.0,56,2.0,3990,0.6,1.11,0.0,0.0,весна,нет,да
2018-03-24,12,806,10.6,52,3.1,3900,1.1,2.27,0.0,0.0,весна,нет,да
2018-03-24,13,880,12.4,50,2.5,3790,2.2,2.48,0.0,0.0,весна,нет,да
2018-03-24,14,855,12.7,55,3.4,3780,3.8,2.42,0.0,0.0,весна,нет,да
2018-03-24,15,1025,12.4,58,4.1,4040,4.3,2.26,0.0,0.0,весна,нет,да
2018-03-24,16,947,12.3,61,3.4,3590,4.9,1.82,0.0,0.0,весна,нет,да
2018-03-24,17,916,11.1,66,4.2,3670,4.9,1.18,0.0,0.0,весна,нет,да
2018-03-24,18,736,9.0,76,3.0,2880,4.9,0.45,0.0,0.0,весна,нет,да
2018-03-24,19,521,7.7,80,2.8,2340,4.4,0.05,0.0,0.0,весна,нет,да
2018-03-24,20,513,7.1,83,3.3,2030,4.4,0.0,0.0,0.0,весна,нет,да
2018-03-24,21,487,6.7,84,2.8,1930,4.1,0.0,0.0,0.0,весна,нет,да
2018-03-24,22,460,6.5,85,2.3,1670,4.1,0.0,0.0,0.0,весна,нет,да
2018-03-24,23,354,6.4,85,2.3,1550,4.0,0.0,0.0,0.0,весна,нет,да
2018-03-25,0,372,6.4,84,1.4,1710,3.8,0.0,0.0,0.0,весна,нет,да
2018-03-25,1,267,6.4,82,1.2,1860,3.5,0.0,0.0,0.0,весна,нет,да
2018-03-25,2,195,6.0,82,1.3,1980,3.1,0.0,0.0,0.0,весна,нет,да
2018-03-25,3,139,5.5,83,0.9,1860,2.8,0.0,0.0,0.0,весна,нет,да
2018-03-25,4,90,5.3,82,1.0,2000,2.4,0.0,0.0,0.0,весна,нет,да
2018-03-25,5,60,5.0,83,0.7,2000,2.3,0.0,0.0,0.0,весна,нет,да
2018-03-25,6,71,4.6,84,0.7,1930,2.1,0.0,0.0,0.0,весна,нет,да
2018-03-25,7,137,4.7,82,1.3,1980,1.8,0.02,0.0,0.0,весна,нет,да
2018-03-25,8,225,5.0,79,1.1,2030,1.6,0.23,0.0,0.0,весна,нет,да
2018-03-25,9,331,6.3,73,1.3,2180,1.8,0.79,0.0,0.0,весна,нет,да
2018-03-25,10,359,8.4,65,1.8,2290,2.1,1.67,0.0,0.0,весна,нет,да
2018-03-25,11,466,10.7,56,2.0,2610,2.2,2.27,0.0,0.0,весна,нет,да
2018-03-25,12,626,12.7,45,1.3,3210,1.0,2.63,0.0,0.0,весна,нет,да
2018-03-25,13,784,14.6,38,1.9,3150,0.4,2.75,0.0,0.0,весна,нет,да
2018-03-25,14,882,16.1,37,2.4,3150,1.3,2.62,0.0,0.0,весна,нет,да
2018-03-25,15,960,16.7,38,3.1,2650,2.2,2.27,0.0,0.0,весна,нет,да
2018-03-25,16,1031,16.5,39,3.1,3660,2.4,1.91,0.0,0.0,весна,нет,да
2018-03-25,17,911,15.8,40,2.3,4810,2.2,1.28,0.0,0.0,весна,нет,да
2018-03-25,18,768,14.4,44,2.7,5960,2.2,0.6,0.0,0.0,весна,нет,да
2018-03-25,19,571,12.6,59,2.5,3840,4.7,0.08,0.0,0.0,весна,нет,да
2018-03-25,20,502,10.7,70,2.8,2360,5.4,0.0,0.0,0.0,весна,нет,да
2018-03-25,21,456,9.8,74,2.2,2190,5.3,0.0,0.0,0.0,весна,нет,да
2018-03-25,22,424,8.8,79,2.0,2030,5.3,0.0,0.0,0.0,весна,нет,да
2018-03-25,23,336,8.0,82,1.3,1960,5.1,0.0,0.0,0.0,весна,нет,да
2018-03-26,0,244,7.1,84,2.3,1850,4.5,0.0,0.0,0.0,весна,нет,да
2018-03-26,1,185,6.3,87,1.8,1530,4.2,0.0,0.0,0.0,весна,нет,да
2018-03-26,2,93,5.4,95,1.5,890,4.6,0.0,0.0,0.0,весна,нет,да
2018-03-26,3,62,5.5,96,1.6,720,4.9,0.0,0.0,0.0,весна,нет,да
2018-03-26,4,65,5.5,96,2.0,530,4.9,0.0,0.0,0.0,весна,нет,да
2018-03-26,5,98,5.4,97,1.5,380,4.9,0.0,0.0,0.0,весна,нет,да
2018-03-26,6,227,5.7,97,0.5,800,5.2,0.0,0.0,0.0,весна,нет,да
2018-03-26,7,581,6.0,96,0.6,940,5.4,0.0,0.0,0.0,весна,нет,да
2018-03-26,8,983,6.4,90,1.4,1170,4.8,0.13,0.0,0.0,весна,нет,да
2018-03-26,9,540,7.6,82,0.7,1470,4.7,0.55,0.0,0.0,весна,нет,да
2018-03-26,10,415,10.0,70,1.0,1870,4.7,1.57,0.0,0.0,весна,нет,да
2018-03-26,11,422,12.6,60,2.4,2810,5.0,2.23,0.0,0.0,весна,нет,да
2018-03-26,12,492,14.6,53,2.5,3480,5.1,2.65,0.0,0.0,весна,нет,да
2018-03-26,13,504,16.0,47,2.5,4590,4.6,2.8,0.0,0.0,весна,нет,да
2018-03-26,14,575,17.4,39,2.9,5200,3.2,2.7,0.0,0.0,весна,нет,да
2018-03-26,15,604,17.6,33,3.6,9850,1.1,2.44,0.0,0.0,весна,нет,да
2018-03-26,16,819,17.7,33,3.4,8970,1.2,1.96,0.0,0.0,весна,нет,да
2018-03-26,17,925,17.1,31,3.3,10750,-0.1,1.33,0.0,0.0,весна,нет,да
2018-03-26,18,1477,16.0,33,2.9,11380,-0.2,0.6,0.0,0.0,весна,нет,да
2018-03-26,19,1031,14.3,37,3.1,12470,-0.2,0.1,0.0,0.0,весна,нет,да
2018-03-26,20,835,12.9,42,2.8,10470,0.2,0.0,0.0,0.0,весна,нет,да
2018-03-26,21,798,11.6,54,1.5,6930,2.5,0.0,0.0,0.0,весна,нет,да
2018-03-26,22,662,10.7,58,1.4,6000,2.7,0.0,0.0,0.0,весна,нет,да
2018-03-26,23,447,9.8,62,0.6,5350,2.8,0.0,0.0,0.0,весна,нет,да
2018-03-27,0,380,9.0,68,1.1,4260,3.3,0.0,0.0,0.0,весна,нет,да
2018-03-27,1,278,8.7,70,0.9,3980,3.5,0.0,0.0,0.0,весна,нет,да
2018-03-27,2,163,8.3,70,0.8,3940,3.1,0.0,0.0,0.0,весна,нет,да
2018-03-27,3,127,8.1,71,0.9,3780,3.1,0.0,0.0,0.0,весна,нет,да
2018-03-27,4,95,7.8,70,0.3,3950,2.6,0.0,0.0,0.0,весна,нет,да
2018-03-27,5,110,8.0,63,0.8,4390,1.3,0.0,0.0,0.0,весна,нет,да
2018-03-27,6,231,8.1,66,0.6,4150,2.1,0.0,0.0,0.0,весна,нет,да
2018-03-27,7,705,8.5,67,0.7,4750,2.7,0.02,0.0,0.0,весна,нет,да
2018-03-27,8,1201,9.3,62,0.6,5190,2.3,0.25,0.0,0.0,весна,нет,да
2018-03-27,9,699,11.6,51,0.8,4980,1.7,0.84,0.0,0.0,весна,нет,да
2018-03-27,10,462,13.9,40,0.8,5860,0.5,1.6,0.0,0.0,весна,нет,да
2018-03-27,11,560,15.8,40,1.9,6470,2.2,1.95,0.0,0.0,весна,нет,да
2018-03-27,12,586,16.7,47,2.4,6200,5.3,1.76,0.0,0.0,весна,нет,да
2018-03-27,13,563,18.6,46,2.1,6420,6.7,2.54,0.0,0.0,весна,нет,да
2018-03-27,14,618,19.4,45,2.0,6240,7.1,2.05,0.0,0.0,весна,нет,да
2018-03-27,15,636,19.9,45,2.7,6760,7.6,1.79,0.0,0.0,весна,нет,да
2018-03-27,16,774,19.5,50,3.4,6130,8.7,1.6,0.0,0.0,весна,нет,да
2018-03-27,17,960,18.4,54,3.2,6050,8.9,1.05,0.0,0.0,весна,нет,да
2018-03-27,18,1521,16.8,60,3.1,5800,8.9,0.46,0.0,0.0,весна,нет,да
2018-03-27,19,1020,15.0,67,2.6,4520,8.9,0.07,0.0,0.0,весна,нет,да
2018-03-27,20,864,13.9,72,2.4,3850,8.9,0.0,0.0,0.0,весна,нет,да
2018-03-27,21,866,13.4,73,1.5,3250,8.6,0.0,0.0,0.0,весна,нет,да
2018-03-27,22,764,12.9,75,1.3,3260,8.5,0.0,0.0,0.0,весна,нет,да
2018-03-27,23,527,12.4,74,1.5,3560,7.8,0.0,0.0,0.0,весна,нет,да
2018-03-28,0,400,12.0,76,0.8,3460,7.8,0.0,0.0,0.0,весна,нет,да
2018-03-28,1,337,11.6,74,1.2,3740,7.1,0.0,0.0,0.0,весна,нет,да
2018-03-28,2,225,11.5,75,1.9,3990,7.2,0.0,0.0,0.0,весна,нет,да
2018-03-28,3,150,10.9,79,0.8,3830,7.3,0.0,0.0,0.0,весна,нет,да
2018-03-28,4,104,10.6,77,0.9,4220,6.7,0.0,0.0,0.0,весна,нет,да
2018-03-28,5,107,10.2,80,0.8,3660,6.8,0.0,0.0,0.0,весна,нет,да
2018-03-28,6,258,9.6,84,0.7,3010,7.0,0.0,0.0,0.0,весна,нет,да
2018-03-28,7,741,9.6,82,1.1,2840,6.6,0.04,0.0,0.0,весна,нет,да
2018-03-28,8,1353,10.3,77,0.7,3410,6.4,0.37,0.0,0.0,весна,нет,да
2018-03-28,9,723,12.4,66,1.0,5460,6.2,0.91,0.0,0.0,весна,нет,да
2018-03-28,10,494,14.7,62,2.9,6840,7.4,1.59,0.0,0.0,весна,нет,да
2018-03-28,11,588,15.6,60,3.7,8170,7.8,1.44,0.0,0.0,весна,нет,да
2018-03-28,12,629,16.5,57,3.8,8810,7.9,1.55,0.0,0.0,весна,нет,да
2018-03-28,13,723,17.5,54,3.1,10650,8.0,1.63,0.0,0.0,весна,нет,да
2018-03-28,14,698,18.6,46,4.4,16640,6.7,2.14,0.0,0.0,весна,нет,да
2018-03-28,15,785,18.2,45,4.1,19080,6.0,1.86,0.0,0.0,весна,нет,да
2018-03-28,16,943,18.3,43,4.3,19310,5.4,1.3,0.0,0.0,весна,нет,да
2018-03-28,17,1221,17.6,45,4.2,19470,5.5,0.7,0.0,0.0,весна,нет,да
2018-03-28,18,1839,17.0,53,3.1,18550,7.3,0.35,0.0,0.0,весна,нет,да
2018-03-28,19,1288,16.0,60,2.8,14360,8.2,0.06,0.0,0.0,весна,нет,да
2018-03-28,20,1133,15.2,65,2.2,9880,8.6,0.0,0.0,0.0,весна,нет,да
2018-03-28,21,1035,14.2,70,0.8,7230,8.7,0.0,0.0,0.0,весна,нет,да
2018-03-28,22,907,13.6,73,2.0,6440,8.8,0.0,0.0,0.0,весна,нет,да
2018-03-28,23,614,13.5,74,1.2,6030,8.9,0.0,0.0,0.0,весна,нет,да
2018-03-29,0,466,13.4,77,1.5,5370,9.4,0.0,0.0,0.0,весна,нет,да
2018-03-29,1,390,13.0,81,1.9,4840,9.8,0.0,0.0,0.0,весна,нет,да
2018-03-29,2,254,12.9,83,1.6,3690,10.0,0.0,0.0,0.0,весна,нет,да
2018-03-29,3,170,12.7,80,0.4,3840,9.3,0.0,0.0,0.0,весна,нет,да
2018-03-29,4,109,12.8,81,0.2,4180,9.6,0.0,0.0,0.0,весна,нет,да
2018-03-29,5,106,12.7,83,0.8,3920,9.8,0.0,0.0,0.0,весна,нет,да
2018-03-29,6,274,12.6,83,0.5,3320,9.7,0.0,0.0,0.0,весна,нет,да
2018-03-29,7,781,12.8,82,0.6,3700,9.7,0.01,0.0,0.0,весна,нет,да
2018-03-29,8,1281,13.3,80,1.2,3690,9.9,0.14,0.0,0.0,весна,нет,да
2018-03-29,9,757,13.5,79,1.9,3820,9.9,0.2,0.0,0.0,весна,нет,да
2018-03-29,10,482,15.0,69,1.5,5520,9.3,1.02,0.0,0.0,весна,нет,да
2018-03-29,11,583,16.1,63,1.2,5550,9.0,1.08,0.0,0.0,весна,нет,да
2018-03-29,12,714,18.2,55,2.3,5940,9.0,2.24,0.0,0.0,весна,нет,да
2018-03-29,13,716,19.5,48,1.9,5960,8.1,2.32,0.0,0.0,весна,нет,да
2018-03-29,14,711,20.2,47,2.4,5410,8.5,2.3,0.0,0.0,весна,нет,да
2018-03-29,15,781,20.8,42,3.1,5760,7.4,2.1,0.0,0.0,весна,нет,да
2018-03-29,16,957,20.7,38,2.2,7410,5.8,1.63,0.0,0.0,весна,нет,да
2018-03-29,17,1194,20.3,48,2.8,6350,8.9,1.14,0.0,0.0,весна,нет,да
2018-03-29,18,1776,19.1,47,2.4,9420,7.5,0.57,0.0,0.0,весна,нет,да
2018-03-29,19,1260,17.5,61,2.2,7580,9.8,0.11,0.0,0.0,весна,нет,да
2018-03-29,20,1079,15.6,64,2.7,6860,8.8,0.0,0.0,0.0,весна,нет,да
2018-03-29,21,1046,14.4,66,1.7,6770,8.1,0.0,0.0,0.0,весна,нет,да
2018-03-29,22,949,13.3,71,2.1,5810,8.1,0.0,0.0,0.0,весна,нет,да
2018-03-29,23,614,12.7,75,1.6,4750,8.3,0.0,0.0,0.0,весна,нет,да
2018-03-30,0,490,11.8,78,0.6,4380,8.0,0.0,0.0,0.0,весна,нет,да
2018-03-30,1,401,11.4,77,0.7,4660,7.5,0.0,0.0,0.0,весна,нет,да
2018-03-30,2,261,10.8,72,0.4,6390,5.9,0.0,0.0,0.0,весна,нет,да
2018-03-30,3,184,10.3,68,0.7,8870,4.6,0.0,0.0,0.0,весна,нет,да
2018-03-30,4,115,9.9,67,1.1,8200,4.0,0.0,0.0,0.0,весна,нет,да
2018-03-30,5,117,10.4,62,1.8,9110,3.4,0.0,0.0,0.0,весна,нет,да
2018-03-30,6,284,10.3,70,1.2,5550,5.0,0.0,0.0,0.0,весна,нет,да
2018-03-30,7,747,10.5,70,1.1,4830,5.2,0.04,0.0,0.0,весна,нет,да
2018-03-30,8,1406,11.5,60,1.6,5500,3.9,0.42,0.0,0.0,весна,нет,да
2018-03-30,9,772,13.7,46,1.3,9720,2.2,1.08,0.0,0.0,весна,нет,да
2018-03-30,10,583,16.0,29,1.4,17080,-2.0,1.79,0.0,0.0,весна,нет,да
2018-03-30,11,739,17.8,26,2.6,18220,-1.9,2.37,0.0,0.0,весна,нет,да
2018-03-30,12,939,19.1,26,1.6,17040,-0.8,2.73,0.0,0.0,весна,нет,да
2018-03-30,13,860,20.3,27,1.4,14640,0.6,2.87,0.0,0.0,весна,нет,да
2018-03-30,14,965,21.0,28,2.8,11910,1.7,2.75,0.0,0.0,весна,нет,да
2018-03-30,15,1068,21.8,28,2.3,11620,2.4,2.4,0.0,0.0,весна,нет,да
2018-03-30,16,1156,20.7,36,3.6,8110,5.0,1.82,0.0,0.0,весна,нет,да
2018-03-30,17,1460,19.4,45,2.9,7780,7.1,1.13,0.0,0.0,весна,нет,да
2018-03-30,18,1935,17.4,57,3.1,6570,8.7,0.52,0.0,0.0,весна,нет,да
2018-03-30,19,1268,15.2,60,3.2,10810,7.4,0.09,0.0,0.0,весна,нет,да
2018-03-30,20,1045,14.3,63,2.6,9360,7.3,0.0,0.0,0.0,весна,нет,да
2018-03-30,21,948,13.7,73,1.8,6580,8.9,0.0,0.0,0.0,весна,нет,да
2018-03-30,22,880,12.7,76,1.5,5210,8.5,0.0,0.0,0.0,весна,нет,да
2018-03-30,23,678,12.1,77,1.4,5400,8.1,0.0,0.0,0.0,весна,нет,да
2018-03-31,0,537,11.7,77,1.3,5880,7.7,0.0,0.0,0.0,весна,нет,да
2018-03-31,1,502,11.5,77,2.0,5930,7.6,0.0,0.0,0.0,весна,нет,да
2018-03-31,2,397,11.0,73,1.5,8160,6.3,0.0,0.0,0.0,весна,нет,да
2018-03-31,3,264,10.7,74,1.7,7120,6.2,0.0,0.0,0.0,весна,нет,да
2018-03-31,4,163,10.4,73,1.7,8010,5.7,0.0,0.0,0.0,весна,нет,да
2018-03-31,5,108,9.8,73,0.8,10980,5.1,0.0,0.0,0.0,весна,нет,да
2018-03-31,6,142,9.4,75,0.9,11170,5.1,0.0,0.0,0.0,весна,нет,да
2018-03-31,7,264,9.5,72,0.2,10170,4.6,0.04,0.0,0.0,весна,нет,да
2018-03-31,8,489,10.4,65,0.8,9790,4.0,0.41,0.0,0.0,весна,нет,да
2018-03-31,9,642,12.6,57,0.9,8590,4.2,0.98,0.0,0.0,весна,нет,да
2018-03-31,10,618,14.7,53,0.9,8310,5.2,1.59,0.0,0.0,весна,нет,да
2018-03-31,11,824,16.7,45,1.9,10540,4.6,2.07,0.0,0.0,весна,нет,да
2018-03-31,12,1072,18.2,38,4.2,11890,3.6,2.41,0.0,0.0,весна,нет,да
2018-03-31,13,1218,19.3,37,3.0,12570,4.2,2.53,0.0,0.0,весна,нет,да
2018-03-31,14,1381,20.1,30,3.0,15540,1.9,2.57,0.0,0.0,весна,нет,да
2018-03-31,15,1542,18.9,28,3.7,17690,0.0,2.09,0.0,0.0,весна,нет,да
2018-03-31,16,1578,18.0,32,3.0,18360,1.0,1.03,0.0,0.0,весна,нет,да
2018-03-31,17,1531,17.3,36,3.4,17220,2.0,0.8,0.0,0.0,весна,нет,да
2018-03-31,18,1391,16.6,33,2.6,18670,0.2,0.48,0.0,0.0,весна,нет,да
2018-03-31,19,1025,15.3,41,2.0,17510,2.1,0.08,0.0,0.0,весна,нет,да
2018-03-31,20,972,14.0,45,1.6,17290,2.2,0.0,0.0,0.0,весна,нет,да
2018-03-31,21,1010,13.3,48,1.6,15820,2.5,0.0,0.0,0.0,весна,нет,да
2018-03-31,22,922,12.8,52,1.5,16160,3.1,0.0,0.0,0.0,весна,нет,да
2018-03-31,23,655,12.4,63,1.3,12010,5.5,0.0,0.0,0.0,весна,нет,да
2018-04-01,0,579,12.1,70,0.8,10500,6.7,0.0,0.0,0.0,весна,нет,да
2018-04-01,1,453,11.7,74,0.5,9790,7.2,0.0,0.0,0.0,весна,нет,да
2018-04-01,2,322,11.7,72,0.6,9150,6.8,0.0,0.0,0.0,весна,нет,да
2018-04-01,3,221,11.9,71,0.7,8530,6.7,0.0,0.0,0.0,весна,нет,да
2018-04-01,4,147,12.1,69,0.3,8270,6.5,0.0,0.0,0.0,весна,нет,да
2018-04-01,5,96,12.3,65,0.5,10850,5.8,0.0,0.0,0.0,весна,нет,да
2018-04-01,6,110,12.4,61,0.4,11310,5.0,0.0,0.0,0.0,весна,нет,да
2018-04-01,7,169,12.5,62,0.4,10030,5.4,0.0,0.0,0.0,весна,нет,да
2018-04-01,8,342,12.9,64,1.5,7780,6.2,0.06,0.0,0.0,весна,нет,да
2018-04-01,9,485,13.5,66,1.8,9340,7.2,0.16,0.0,0.0,весна,нет,да
2018-04-01,10,566,14.7,61,2.0,9450,7.2,0.64,0.0,0.0,весна,нет,да
2018-04-01,11,737,16.7,55,2.1,11820,7.6,1.37,0.0,0.0,весна,нет,да
2018-04-01,12,926,18.0,53,3.1,13500,8.2,1.53,0.0,0.0,весна,нет,да
2018-04-01,13,1156,17.9,60,2.2,12480,10.0,0.86,0.0,0.0,весна,нет,да
2018-04-01,14,1201,17.5,67,2.1,8320,11.2,0.42,0.0,0.0,весна,нет,да
2018-04-01,15,1349,18.2,63,2.2,6870,11.0,0.72,0.0,0.0,весна,нет,да
2018-04-01,16,1409,18.2,69,3.2,6250,12.4,0.87,0.0,0.0,весна,нет,да
2018-04-01,17,1362,18.0,72,1.8,5590,12.8,0.47,0.0,0.0,весна,нет,да
2018-04-01,18,1296,17.7,75,2.1,5190,13.2,0.12,0.0,0.0,весна,нет,да
2018-04-01,19,1066,17.4,79,2.3,6140,13.7,0.03,0.0,0.0,весна,нет,да
2018-04-01,20,984,17.1,80,1.5,4800,13.6,0.0,0.0,0.0,весна,нет,да
2018-04-01,21,983,16.9,81,1.9,4720,13.6,0.0,0.0,0.0,весна,нет,да
2018-04-01,22,841,16.7,83,2.4,4160,13.7,0.0,0.0,0.0,весна,нет,да
2018-04-01,23,588,16.3,82,1.3,4800,13.2,0.0,0.0,0.0,весна,нет,да
2018-04-02,0,468,16.1,80,1.9,6050,12.6,0.0,0.0,0.0,весна,нет,да
2018-04-02,1,295,16.0,79,1.0,7160,12.3,0.0,0.0,0.0,весна,нет,да
2018-04-02,2,155,15.7,81,1.4,6940,12.4,0.0,0.0,0.0,весна,нет,да
2018-04-02,3,111,15.6,81,1.2,6280,12.3,0.0,0.0,0.0,весна,нет,да
2018-04-02,4,86,15.7,79,1.2,6280,12.0,0.0,0.0,0.0,весна,нет,да
2018-04-02,5,125,15.3,82,1.4,5080,12.2,0.0,0.0,0.0,весна,нет,да
2018-04-02,6,359,14.9,81,0.4,5800,11.6,0.0,0.0,0.0,весна,нет,да
2018-04-02,7,918,15.1,80,1.0,6230,11.6,0.01,0.0,0.0,весна,нет,да
2018-04-02,8,1469,15.7,75,1.1,8040,11.2,0.11,0.0,0.0,весна,нет,да
2018-04-02,9,806,16.6,70,1.5,9450,11.0,0.3,0.0,0.0,весна,нет,да
2018-04-02,10,579,17.5,66,1.3,10590,11.0,0.55,0.0,0.0,весна,нет,да
2018-04-02,11,662,18.5,61,1.6,13010,10.8,0.95,0.0,0.0,весна,нет,да
2018-04-02,12,818,20.8,50,2.0,12400,9.9,1.82,0.0,0.0,весна,нет,да
2018-04-02,13,818,21.9,48,2.5,11130,10.3,2.14,0.0,0.0,весна,нет,да
2018-04-02,14,920,23.0,42,3.4,13150,9.3,2.1,0.0,0.0,весна,нет,да
2018-04-02,15,993,23.7,43,2.8,13470,10.3,2.28,0.0,0.0,весна,нет,да
2018-04-02,16,1218,23.0,47,4.1,14170,11.0,2.0,0.0,0.0,весна,нет,да
2018-04-02,17,1569,22.0,49,3.7,15820,10.7,1.28,0.0,0.0,весна,нет,да
2018-04-02,18,2401,20.7,54,4.1,14840,11.0,0.5,0.0,0.0,весна,нет,да
2018-04-02,19,1779,19.1,60,3.4,15920,11.1,0.1,0.0,0.0,весна,нет,да
2018-04-02,20,1517,18.2,65,1.8,15630,11.5,0.0,0.0,0.0,весна,нет,да
2018-04-02,21,1503,17.9,64,2.1,16520,10.9,0.0,0.0,0.0,весна,нет,да
2018-04-02,22,1213,17.4,66,2.3,15650,10.9,0.0,0.0,0.0,весна,нет,да
2018-04-02,23,803,16.8,70,0.9,14260,11.2,0.0,0.0,0.0,весна,нет,да
2018-04-03,0,532,16.8,69,0.8,13950,11.0,0.0,0.0,0.0,весна,нет,да
2018-04-03,1,430,17.1,72,1.7,13530,12.0,0.0,0.0,0.0,весна,нет,да
2018-04-03,2,275,17.0,73,1.6,11840,12.1,0.0,0.0,0.0,весна,нет,да
2018-04-03,3,156,17.0,74,1.7,12940,12.3,0.0,0.0,0.0,весна,нет,да
2018-04-03,4,124,16.9,74,1.2,11990,12.2,0.0,0.0,0.0,весна,нет,да
2018-04-03,5,163,16.9,73,1.6,12750,12.0,0.0,0.0,0.0,весна,нет,да
2018-04-03,6,388,16.8,74,1.2,12650,12.1,0.0,0.0,0.0,весна,нет,да
2018-04-03,7,1033,16.8,73,1.0,13660,11.9,0.01,0.0,0.0,весна,нет,да
2018-04-03,8,1677,17.3,71,0.5,14810,11.9,0.17,0.0,0.0,весна,нет,да
2018-04-03,9,867,18.3,67,2.4,13750,12.0,0.55,0.0,0.0,весна,нет,да
2018-04-03,10,664,18.9,66,2.0,12980,12.4,0.85,0.0,0.0,весна,нет,да
2018-04-03,11,696,19.0,67,1.9,10620,12.7,0.52,0.0,0.0,весна,нет,да
2018-04-03,12,913,19.6,63,2.9,10340,12.3,0.68,0.0,0.0,весна,нет,да
2018-04-03,13,870,20.1,61,2.6,11170,12.3,1.01,0.0,0.0,весна,нет,да
2018-04-03,14,931,21.0,53,3.2,13060,11.0,1.12,0.0,0.0,весна,нет,да
2018-04-03,15,961,19.9,58,2.5,13480,11.3,0.51,0.0,0.0,весна,нет,да
2018-04-03,16,1173,19.7,58,3.7,13020,11.1,0.78,0.0,0.0,весна,нет,да
2018-04-03,17,1436,19.7,57,2.6,13020,10.9,0.54,0.0,0.0,весна,нет,да
2018-04-03,18,2134,18.9,68,3.3,13260,12.8,0.12,0.0,0.0,весна,нет,да
2018-04-03,19,1415,18.0,74,3.1,12580,13.2,0.02,0.0,0.0,весна,нет,да
2018-04-03,20,1470,17.3,80,2.4,9270,13.8,0.0,0.0,0.0,весна,нет,да
2018-04-03,21,1223,17.0,83,3.2,7440,14.0,0.0,0.0,0.0,весна,нет,да
2018-04-03,22,1030,16.0,85,2.0,4090,13.4,0.0,0.0,0.0,весна,нет,да
2018-04-03,23,454,15.0,94,1.6,1630,14.0,0.0,0.0,0.0,весна,нет,да
2018-04-04,0,355,15.0,96,2.1,1410,14.3,0.0,0.1,0.0,весна,нет,да
2018-04-04,1,113,14.8,96,1.7,2090,14.1,0.0,0.0,0.0,весна,нет,да
2018-04-04,2,15,14.5,97,2.2,1790,14.0,0.0,3.5,0.0,весна,нет,да
2018-04-04,3,22,14.3,97,1.2,2280,13.8,0.0,7.0,0.0,весна,нет,да
2018-04-04,4,14,14.1,97,1.7,3060,13.6,0.0,3.0,0.0,весна,нет,да
2018-04-04,5,19,11.9,97,3.4,3050,11.4,0.0,3.0,0.0,весна,нет,да
2018-04-04,6,172,11.7,95,0.7,20000,10.9,0.0,2.0,0.0,весна,нет,да
2018-04-04,7,665,10.3,90,1.2,20000,8.7,0.01,0.0,0.0,весна,нет,да
2018-04-04,8,1284,10.3,86,2.5,20000,8.0,0.15,0.0,0.0,весна,нет,да
2018-04-04,9,378,10.4,81,1.4,20000,7.2,0.36,0.0,0.0,весна,нет,да
2018-04-04,10,505,10.7,81,1.4,20000,7.5,0.57,0.0,0.0,весна,нет,да
2018-04-04,11,744,12.8,65,2.0,20000,6.3,1.76,0.0,0.0,весна,нет,да
2018-04-04,12,928,15.3,54,2.1,19890,6.0,2.83,0.0,0.0,весна,нет,да
2018-04-04,13,951,16.7,47,1.4,20000,5.3,3.24,0.0,0.0,весна,нет,да
2018-04-04,14,1096,17.9,42,1.3,19810,4.7,3.04,0.0,0.0,весна,нет,да
2018-04-04,15,1209,17.9,44,2.2,20000,5.4,2.79,0.0,0.0,весна,нет,да
2018-04-04,16,1413,17.9,42,1.1,20000,4.7,2.25,0.0,0.0,весна,нет,да
2018-04-04,17,1745,17.2,46,2.2,20000,5.4,1.6,0.0,0.0,весна,нет,да
2018-04-04,18,2402,16.0,47,2.1,20000,4.6,0.79,0.0,0.0,весна,нет,да
2018-04-04,19,1626,14.3,53,2.1,20000,4.8,0.17,0.0,0.0,весна,нет,да
2018-04-04,20,1374,12.8,56,2.0,20000,4.2,0.0,0.0,0.0,весна,нет,да
2018-04-04,21,1256,11.8,57,1.9,20000,3.5,0.0,0.0,0.0,весна,нет,да
2018-04-04,22,1041,10.9,58,1.5,20000,2.9,0.0,0.0,0.0,весна,нет,да
2018-04-04,23,668,10.2,58,2.4,20000,2.2,0.0,0.0,0.0,весна,нет,да
2018-04-05,0,436,9.5,61,1.7,20000,2.3,0.0,0.0,0.0,весна,нет,да
2018-04-05,1,373,9.0,62,1.9,20000,2.0,0.0,0.0,0.0,весна,нет,да
2018-04-05,2,220,9.0,63,2.1,20000,2.3,0.0,0.0,0.0,весна,нет,да
2018-04-05,3,150,8.9,64,2.2,20000,2.4,0.0,0.0,0.0,весна,нет,да
2018-04-05,4,87,8.8,65,2.5,20000,2.5,0.0,0.0,0.0,весна,нет,да
2018-04-05,5,18,8.3,81,2.0,10600,5.2,0.0,0.1,0.0,весна,нет,да
2018-04-05,6,21,7.5,94,2.4,5110,6.5,0.0,0.4,0.0,весна,нет,да
2018-04-05,7,38,7.1,94,2.2,5720,6.1,0.0,1.5,0.0,весна,нет,да
2018-04-05,8,207,6.7,94,2.7,11270,5.7,0.05,2.0,0.0,весна,нет,да
2018-04-05,9,129,6.8,89,2.9,20000,5.1,0.07,0.0,0.0,весна,нет,да
2018-04-05,10,95,7.1,87,2.9,20000,5.0,0.15,0.0,0.0,весна,нет,да
2018-04-05,11,47,7.1,93,2.6,6970,6.0,0.19,0.0,0.0,весна,нет,да
2018-04-05,12,70,7.3,95,2.2,6760,6.5,0.3,0.5,0.0,весна,нет,да
2018-04-05,13,84,7.7,95,1.9,4420,6.9,0.4,0.0,0.0,весна,нет,да
2018-04-05,14,46,8.0,95,1.5,5140,7.2,0.35,0.0,0.0,весна,нет,да
2018-04-05,15,37,8.1,96,1.9,4100,7.4,0.26,0.5,0.0,весна,нет,да
2018-04-05,16,31,8.1,96,1.5,2810,7.4,0.21,1.0,0.0,весна,нет,да
2018-04-05,17,46,8.0,96,1.4,2980,7.3,0.13,1.0,0.0,весна,нет,да
2018-04-05,18,75,7.6,96,2.0,6600,6.9,0.04,0.0,0.0,весна,нет,да
2018-04-05,19,75,7.6,96,1.5,13090,6.9,0.0,1.5,0.0,весна,нет,да
2018-04-05,20,56,7.3,96,1.9,20000,6.6,0.0,0.0,0.0,весна,нет,да
2018-04-05,21,99,7.3,96,1.5,7490,6.6,0.0,1.0,0.0,весна,нет,да
2018-04-05,22,77,7.2,96,1.0,7000,6.5,0.0,0.0,0.0,весна,нет,да
2018-04-05,23,79,7.1,96,1.3,14970,6.5,0.0,0.5,0.0,весна,нет,да
2018-04-06,0,56,7.2,95,0.9,8610,6.4,0.0,0.5,0.0,весна,нет,да
2018-04-06,1,50,7.2,95,0.2,6830,6.4,0.0,0.5,0.0,весна,нет,да
2018-04-06,2,27,7.3,96,1.0,3370,6.6,0.0,1.5,0.0,весна,нет,да
2018-04-06,3,18,7.2,96,0.8,3490,6.5,0.0,2.0,0.0,весна,нет,да
2018-04-06,4,9,6.8,97,2.2,4530,6.3,0.0,2.0,0.0,весна,нет,да
2018-04-06,5,54,6.3,97,1.7,7870,5.8,0.0,0.5,0.0,весна,нет,да
2018-04-06,6,178,6.1,96,2.1,7980,5.5,0.0,0.0,0.0,весна,нет,да
2018-04-06,7,591,5.7,95,3.4,11360,4.9,0.02,0.0,0.0,весна,нет,да
2018-04-06,8,1235,5.9,90,2.8,18200,4.3,0.32,0.0,0.0,весна,нет,да
2018-04-06,9,719,6.9,83,2.2,16660,4.2,0.83,0.0,0.0,весна,нет,да
2018-04-06,10,529,8.0,73,2.8,16410,3.4,1.44,0.0,0.0,весна,нет,да
2018-04-06,11,598,8.3,69,4.1,12170,2.9,1.81,0.0,0.0,весна,нет,да
2018-04-06,12,756,6.7,71,4.6,5430,1.8,1.05,0.0,0.0,весна,нет,да
2018-04-06,13,683,7.9,58,4.3,4880,0.1,1.88,0.0,0.0,весна,нет,да
2018-04-06,14,572,7.4,56,3.5,4610,-0.8,1.04,0.0,0.0,весна,нет,да
2018-04-06,15,545,6.8,50,4.1,6600,-2.9,0.56,0.0,0.0,весна,нет,да
2018-04-06,16,585,6.6,50,4.0,6450,-3.1,0.81,0.0,0.0,весна,нет,да
2018-04-06,17,776,6.3,50,4.4,7070,-3.3,0.64,0.0,0.0,весна,нет,да
2018-04-06,18,1114,5.9,43,5.3,8590,-5.7,0.62,0.0,0.0,весна,нет,да
2018-04-06,19,659,4.8,48,3.8,11260,-5.3,0.17,0.0,0.0,весна,нет,да
2018-04-06,20,508,4.3,59,4.6,9910,-3.0,0.0,0.0,0.0,весна,нет,да
2018-04-06,21,447,4.0,67,3.0,7940,-1.5,0.0,0.0,0.0,весна,нет,да
2018-04-06,22,499,3.9,68,3.0,7370,-1.4,0.0,0.0,0.0,весна,нет,да
2018-04-06,23,312,3.8,75,4.1,6040,-0.2,0.0,0.0,0.0,весна,нет,да
2018-04-07,0,282,3.0,67,3.3,9450,-2.5,0.0,0.0,0.0,весна,нет,да
2018-04-07,1,225,2.6,67,2.7,10530,-2.9,0.0,0.0,0.0,весна,нет,да
2018-04-07,2,123,1.8,81,2.9,3250,-1.1,0.0,0.0,0.0,весна,нет,да
2018-04-07,3,122,1.5,82,3.5,3720,-1.2,0.0,0.1,0.0,весна,нет,да
2018-04-07,4,80,1.6,70,3.6,13920,-3.2,0.0,0.1,0.0,весна,нет,да
2018-04-07,5,57,1.6,62,4.9,13720,-4.9,0.0,0.0,0.0,весна,нет,да
2018-04-07,6,108,1.7,58,3.8,11890,-5.6,0.0,0.0,0.0,весна,нет,да
2018-04-07,7,206,1.9,51,4.9,12970,-7.1,0.07,0.0,0.0,весна,нет,да
2018-04-07,8,399,2.4,44,4.3,13750,-8.6,0.41,0.0,0.0,весна,нет,да
2018-04-07,9,426,3.4,37,3.6,16680,-9.9,1.07,0.0,0.0,весна,нет,да
2018-04-07,10,453,4.3,31,4.9,16610,-11.3,1.77,0.0,0.0,весна,нет,да
2018-04-07,11,553,4.7,26,4.8,19270,-13.2,1.55,0.0,0.0,весна,нет,да
2018-04-07,12,697,6.0,23,4.2,19900,-13.6,2.0,0.0,0.0,весна,нет,да
2018-04-07,13,852,7.4,22,4.5,19640,-12.9,2.98,0.0,0.0,весна,нет,да
2018-04-07,14,919,8.1,24,4.7,19140,-11.3,2.99,0.0,0.0,весна,нет,да
2018-04-07,15,925,7.6,36,5.0,19280,-6.5,1.39,0.0,0.0,весна,нет,да
2018-04-07,16,897,7.9,34,4.7,19790,-7.0,1.09,0.0,0.0,весна,нет,да
2018-04-07,17,908,7.6,36,5.3,20000,-6.5,1.8,0.0,0.0,весна,нет,да
2018-04-07,18,714,6.4,43,3.7,20000,-5.2,0.92,0.0,0.0,весна,нет,да
2018-04-07,19,518,4.9,47,3.5,20000,-5.4,0.2,0.0,0.0,весна,нет,да
2018-04-07,20,458,4.2,44,4.1,20000,-6.9,0.0,0.0,0.0,весна,нет,да
2018-04-07,21,443,3.8,39,3.2,20000,-8.9,0.0,0.0,0.0,весна,нет,да
2018-04-07,22,426,3.5,41,2.8,20000,-8.5,0.0,0.0,0.0,весна,нет,да
2018-04-07,23,368,3.1,39,3.1,20000,-9.5,0.0,0.0,0.0,весна,нет,да
2018-04-08,0,325,2.9,46,2.2,20000,-7.6,0.0,0.0,0.0,весна,нет,да
2018-04-08,1,224,2.4,46,1.7,20000,-8.0,0.0,0.0,0.0,весна,нет,да
2018-04-08,2,191,2.2,49,1.9,20000,-7.4,0.0,0.0,0.0,весна,нет,да
2018-04-08,3,141,2.0,50,2.0,20000,-7.3,0.0,0.0,0.0,весна,нет,да
2018-04-08,4,90,1.7,51,1.3,20000,-7.3,0.0,0.0,0.0,весна,нет,да
2018-04-08,5,59,1.3,51,1.6,20000,-7.7,0.0,0.0,0.0,весна,нет,да
2018-04-08,6,101,0.9,52,1.1,20000,-7.8,0.0,0.0,0.0,весна,нет,да
2018-04-08,7,159,0.9,54,0.8,20000,-7.3,0.11,0.0,0.0,весна,нет,да
2018-04-08,8,332,2.9,53,1.5,18920,-5.7,0.68,0.0,0.0,весна,нет,да
2018-04-08,9,405,5.1,46,2.7,18880,-5.5,1.34,0.0,0.0,весна,нет,да
2018-04-08,10,494,6.3,39,2.8,20000,-6.6,1.55,0.0,0.0,весна,нет,да
2018-04-08,11,586,6.4,29,2.7,20000,-10.3,0.9,0.0,0.0,весна,нет,да
2018-04-08,12,709,6.9,30,1.8,19940,-9.5,0.85,0.0,0.0,весна,нет,да
2018-04-08,13,847,7.4,27,1.8,20000,-10.4,0.86,0.0,0.0,весна,нет,да
2018-04-08,14,777,7.9,27,1.0,19850,-9.9,0.75,0.0,0.0,весна,нет,да
2018-04-08,15,343,7.3,38,0.8,20000,-6.1,0.38,0.0,0.0,весна,нет,да
2018-04-08,16,137,6.1,65,1.5,14650,0.0,0.21,0.0,0.0,весна,нет,да
2018-04-08,17,58,4.3,80,2.6,13570,1.1,0.23,0.1,0.0,весна,нет,да
2018-04-08,18,22,3.0,89,1.5,2830,1.3,0.07,1.9,0.0,весна,нет,да
2018-04-08,19,44,2.5,94,1.8,3490,1.6,0.0,1.0,0.0,весна,нет,да
2018-04-08,20,93,2.7,90,1.5,6390,1.2,0.0,0.0,0.0,весна,нет,да
2018-04-08,21,170,2.8,88,2.1,5920,1.0,0.0,0.0,0.0,весна,нет,да
2018-04-08,22,177,2.7,88,2.0,6210,0.9,0.0,0.0,0.0,весна,нет,да
2018-04-08,23,182,2.9,85,0.9,8290,0.6,0.0,0.0,0.0,весна,нет,да
2018-04-09,0,197,3.2,84,0.6,7850,0.7,0.0,0.0,0.0,весна,нет,да
2018-04-09,1,140,2.8,87,0.8,4620,0.8,0.0,0.0,0.0,весна,нет,да
2018-04-09,2,97,2.2,88,0.5,5080,0.4,0.0,0.0,0.0,весна,нет,да
2018-04-09,3,52,1.6,94,0.3,4260,0.7,0.0,0.0,0.0,весна,нет,да
2018-04-09,4,43,1.1,95,0.5,3450,0.3,0.0,0.0,0.0,весна,нет,да
2018-04-09,5,91,0.7,96,1.0,2060,0.1,0.0,0.0,0.0,весна,нет,да
2018-04-09,6,239,0.1,97,0.6,770,-0.3,0.0,0.0,0.0,весна,нет,да
2018-04-09,7,651,0.6,97,1.3,660,0.1,0.05,0.0,0.0,весна,нет,да
2018-04-09,8,1163,1.0,97,0.9,1480,0.5,0.22,0.0,0.0,весна,нет,да
2018-04-09,9,682,2.6,96,1.1,3160,2.0,0.87,0.0,0.0,весна,нет,да
2018-04-09,10,506,5.2,73,1.0,6680,0.7,2.08,0.0,0.0,весна,нет,да
2018-04-09,11,644,7.5,54,0.9,10130,-1.2,2.49,0.0,0.0,весна,нет,да
2018-04-09,12,799,10.4,44,1.7,12350,-1.3,2.93,0.0,0.0,весна,нет,да
2018-04-09,13,869,12.4,32,1.7,14410,-3.8,3.06,0.0,0.0,весна,нет,да
2018-04-09,14,921,13.9,26,2.5,15370,-5.3,2.99,0.0,0.0,весна,нет,да
2018-04-09,15,1038,14.2,24,1.8,17430,-6.1,2.6,0.0,0.0,весна,нет,да
2018-04-09,16,1185,15.3,24,1.5,15340,-5.1,2.0,0.0,0.0,весна,нет,да
2018-04-09,17,1479,15.3,26,0.9,12570,-4.1,1.39,0.0,0.0,весна,нет,да
2018-04-09,18,2401,14.8,24,1.3,15140,-5.6,0.69,0.0,0.0,весна,нет,да
2018-04-09,19,1599,13.4,33,1.2,13560,-2.5,0.15,0.0,0.0,весна,нет,да
2018-04-09,20,1362,11.7,34,0.9,13930,-3.6,0.0,0.0,0.0,весна,нет,да
2018-04-09,21,1232,10.3,38,0.5,14330,-3.4,0.0,0.0,0.0,весна,нет,да
2018-04-09,22,1069,9.6,41,0.5,14280,-3.0,0.0,0.0,0.0,весна,нет,да
2018-04-09,23,623,9.6,43,1.2,13330,-2.3,0.0,0.0,0.0,весна,нет,да
2018-04-10,0,485,9.0,46,1.2,12590,-2.0,0.0,0.0,0.0,весна,нет,да
2018-04-10,1,376,9.0,44,1.0,13140,-2.6,0.0,0.0,0.0,весна,нет,да
2018-04-10,2,250,8.8,43,1.0,14900,-3.1,0.0,0.0,0.0,весна,нет,да
2018-04-10,3,149,8.1,48,0.8,14550,-2.2,0.0,0.0,0.0,весна,нет,да
2018-04-10,4,102,7.5,48,1.0,14580,-2.8,0.0,0.0,0.0,весна,нет,да
2018-04-10,5,123,7.1,53,0.8,13920,-1.8,0.0,0.0,0.0,весна,нет,да
2018-04-10,6,370,6.9,51,0.9,15460,-2.5,0.0,0.0,0.0,весна,нет,да
2018-04-10,7,981,7.2,50,1.1,14540,-2.5,0.1,0.0,0.0,весна,нет,да
2018-04-10,8,1702,9.6,38,1.4,15270,-4.0,0.58,0.0,0.0,весна,нет,да
2018-04-10,9,982,11.9,35,1.1,16640,-3.1,0.95,0.0,0.0,весна,нет,да
2018-04-10,10,703,15.2,31,1.6,17570,-1.8,1.84,0.0,0.0,весна,нет,да
2018-04-10,11,839,18.5,27,1.3,16100,-0.8,2.59,0.0,0.0,весна,нет,да
2018-04-10,12,1023,20.5,37,4.6,17610,5.2,2.94,0.0,0.0,весна,нет,да
2018-04-10,13,967,21.9,34,5.1,18610,5.3,2.77,0.0,0.0,весна,нет,да
2018-04-10,14,913,21.2,35,7.4,19920,5.1,1.8,0.0,0.0,весна,нет,да
2018-04-10,15,933,21.4,33,4.8,19980,4.4,1.63,0.0,0.0,весна,нет,да
2018-04-10,16,1080,20.9,34,5.8,20000,4.4,1.37,0.0,0.0,весна,нет,да
2018-04-10,17,1004,20.6,39,5.6,20000,6.1,0.74,0.0,0.0,весна,нет,да
2018-04-10,18,1805,19.7,52,7.2,20000,9.5,0.2,0.0,0.0,весна,нет,да
2018-04-10,19,1153,19.2,55,5.8,20000,9.9,0.01,0.0,0.0,весна,нет,да
2018-04-10,20,336,19.1,58,6.1,20000,10.6,0.0,0.0,0.0,весна,нет,да
2018-04-10,21,133,17.5,70,7.3,16340,11.9,0.0,0.5,0.0,весна,нет,да
2018-04-10,22,75,15.8,83,5.4,6910,12.9,0.0,1.5,0.0,весна,нет,да
2018-04-10,23,212,15.1,83,4.1,11470,12.2,0.0,3.0,0.0,весна,нет,да
2018-04-11,0,0,14.4,82,4.6,10410,11.3,0.0,0.0,0.0,весна,нет,нет
2018-04-11,1,0,13.6,81,3.6,8860,10.3,0.0,0.0,0.0,весна,нет,нет
2018-04-11,2,0,12.7,80,3.9,8850,9.3,0.0,0.0,0.0,весна,нет,нет
2018-04-11,3,0,11.6,81,3.1,6870,8.4,0.0,0.0,0.0,весна,нет,нет
2018-04-11,4,0,10.2,83,3.5,5540,7.4,0.0,0.0,0.0,весна,нет,нет
2018-04-11,5,0,9.7,84,1.7,4470,7.1,0.0,0.0,0.0,весна,нет,нет
2018-04-11,6,0,9.0,86,2.0,4420,6.7,0.0,0.0,0.0,весна,нет,нет
2018-04-11,7,0,8.8,85,1.1,4380,6.4,0.11,0.0,0.0,весна,нет,нет
2018-04-11,8,0,9.7,77,1.6,5190,5.8,0.68,0.0,0.0,весна,нет,нет
2018-04-11,9,0,11.8,59,2.1,9750,4.0,1.44,0.0,0.0,весна,нет,нет
2018-04-11,10,0,13.3,51,4.1,14870,3.3,2.17,0.0,0.0,весна,нет,нет
2018-04-11,11,0,14.9,44,4.0,14680,2.7,2.75,0.0,0.0,весна,нет,нет
2018-04-11,12,0,15.7,46,3.9,11320,4.0,3.05,0.0,0.0,весна,нет,нет
2018-04-11,13,0,15.6,38,4.7,15580,1.3,3.32,0.0,0.0,весна,нет,нет
2018-04-11,14,0,16.4,28,3.4,18040,-2.1,3.16,0.0,0.0,весна,нет,нет
2018-04-11,15,0,17.0,28,3.5,18040,-1.6,2.9,0.0,0.0,весна,нет,нет
2018-04-11,16,0,16.9,23,4.4,19380,-4.4,2.39,0.0,0.0,весна,нет,нет
2018-04-11,17,0,16.2,22,4.1,20000,-5.5,1.73,0.0,0.0,весна,нет,нет
2018-04-11,18,0,15.2,21,2.9,20000,-7.0,0.94,0.0,0.0,весна,нет,нет
2018-04-11,19,0,13.2,28,2.9,20000,-4.9,0.22,0.0,0.0,весна,нет,нет
2018-04-11,20,0,11.9,33,2.0,20000,-3.8,0.0,0.0,0.0,весна,нет,нет
2018-04-11,21,0,11.0,34,2.1,20000,-4.2,0.0,0.0,0.0,весна,нет,нет
2018-04-11,22,0,10.3,42,1.0,19230,-2.0,0.0,0.0,0.0,весна,нет,нет
2018-04-11,23,0,9.7,45,2.0,19690,-1.6,0.0,0.0,0.0,весна,нет,нет
2018-04-12,0,504,9.5,40,2.4,19870,-3.4,0.0,0.0,0.0,весна,нет,да
2018-04-12,1,374,8.9,40,2.1,20000,-3.9,0.0,0.0,0.0,весна,нет,да
2018-04-12,2,269,8.1,45,1.0,20000,-3.1,0.0,0.0,0.0,весна,нет,да
2018-04-12,3,182,7.8,49,1.4,19720,-2.2,0.0,0.0,0.0,весна,нет,да
2018-04-12,4,98,7.5,53,1.0,17010,-1.4,0.0,0.0,0.0,весна,нет,да
2018-04-12,5,144,7.1,57,0.8,17460,-0.8,0.0,0.0,0.0,весна,нет,да
2018-04-12,6,375,7.1,55,1.8,17800,-1.3,0.0,0.0,0.0,весна,нет,да
2018-04-12,7,1054,7.6,54,1.7,16900,-1.1,0.13,0.0,0.0,весна,нет,да
2018-04-12,8,1789,8.9,48,1.1,14440,-1.5,0.69,0.0,0.0,весна,нет,да
2018-04-12,9,952,11.5,43,1.7,18180,-0.6,1.43,0.0,0.0,весна,нет,да
2018-04-12,10,686,13.8,39,2.3,16590,0.0,2.09,0.0,0.0,весна,нет,да
2018-04-12,11,829,16.2,30,2.4,17000,-1.4,2.68,0.0,0.0,весна,нет,да
2018-04-12,12,969,17.5,20,4.6,20000,-5.7,3.07,0.0,0.0,весна,нет,да
2018-04-12,13,1029,18.1,18,5.1,19390,-6.6,3.2,0.0,0.0,весна,нет,да
2018-04-12,14,990,18.8,27,4.9,18880,-0.6,3.13,0.0,0.0,весна,нет,да
2018-04-12,15,1074,19.4,24,3.9,20000,-1.7,2.86,0.0,0.0,весна,нет,да
2018-04-12,16,1273,18.8,23,4.2,19560,-2.7,2.39,0.0,0.0,весна,нет,да
2018-04-12,17,1664,18.6,22,3.7,19780,-3.5,1.72,0.0,0.0,весна,нет,да
2018-04-12,18,2359,17.9,16,3.7,20000,-8.3,0.92,0.0,0.0,весна,нет,да
2018-04-12,19,1641,15.9,14,2.8,20000,-11.6,0.25,0.0,0.0,весна,нет,да
2018-04-12,20,1319,14.2,15,2.6,20000,-12.1,0.0,0.0,0.0,весна,нет,да
2018-04-12,21,1241,13.4,15,2.7,20000,-12.7,0.0,0.0,0.0,весна,нет,да
2018-04-12,22,1142,13.5,15,2.2,20000,-12.6,0.0,0.0,0.0,весна,нет,да
2018-04-12,23,772,12.6,16,1.7,20000,-12.6,0.0,0.0,0.0,весна,нет,да
2018-04-13,0,525,11.4,22,1.5,20000,-9.6,0.0,0.0,0.0,весна,нет,да
2018-04-13,1,432,10.0,23,0.7,20000,-10.2,0.0,0.0,0.0,весна,нет,да
2018-04-13,2,257,9.7,23,1.4,20000,-10.4,0.0,0.0,0.0,весна,нет,да
2018-04-13,3,167,9.9,27,1.3,20000,-8.2,0.0,0.0,0.0,весна,нет,да
2018-04-13,4,112,9.7,29,1.8,20000,-7.5,0.0,0.0,0.0,весна,нет,да
2018-04-13,5,156,9.1,34,0.9,20000,-5.9,0.0,0.0,0.0,весна,нет,да
2018-04-13,6,368,8.3,35,0.3,20000,-6.2,0.0,0.0,0.0,весна,нет,да
2018-04-13,7,999,8.8,33,1.2,20000,-6.6,0.11,0.0,0.0,весна,нет,да
2018-04-13,8,1721,10.6,27,1.1,20000,-7.6,0.39,0.0,0.0,весна,нет,да
2018-04-13,9,982,13.2,22,1.1,20000,-8.0,0.93,0.0,0.0,весна,нет,да
2018-04-13,10,741,15.7,18,1.6,19800,-8.6,1.66,0.0,0.0,весна,нет,да
2018-04-13,11,867,16.9,15,1.7,19940,-9.9,1.8,0.0,0.0,весна,нет,да
2018-04-13,12,1095,18.2,15,1.6,20000,-8.9,2.27,0.0,0.0,весна,нет,да
2018-04-13,13,973,19.0,15,1.4,20000,-8.2,2.02,0.0,0.0,весна,нет,да
2018-04-13,14,1063,18.7,14,1.6,20000,-9.3,1.25,0.0,0.0,весна,нет,да
2018-04-13,15,1108,18.6,15,0.9,19910,-8.5,0.81,0.0,0.0,весна,нет,да
2018-04-13,16,1270,18.3,16,1.0,20000,-7.9,0.7,0.0,0.0,весна,нет,да
2018-04-13,17,1662,18.1,16,1.4,20000,-8.1,0.45,0.0,0.0,весна,нет,да
2018-04-13,18,2404,17.5,18,1.3,20000,-7.1,0.23,0.0,0.0,весна,нет,да
2018-04-13,19,1641,16.9,19,0.5,20000,-6.9,0.06,0.0,0.0,весна,нет,да
2018-04-13,20,1359,16.2,22,0.9,20000,-5.5,0.0,0.0,0.0,весна,нет,да
2018-04-13,21,1311,16.4,24,2.9,19830,-4.2,0.0,0.0,0.0,весна,нет,да
2018-04-13,22,1178,16.3,25,2.0,20000,-3.7,0.0,0.0,0.0,весна,нет,да
2018-04-13,23,849,15.5,27,3.5,20000,-3.4,0.0,0.0,0.0,весна,нет,да
2018-04-14,0,664,14.8,27,2.1,20000,-4.0,0.0,0.0,0.0,весна,нет,да
2018-04-14,1,513,14.1,25,1.8,20000,-5.6,0.0,0.0,0.0,весна,нет,да
2018-04-14,2,253,13.5,27,1.6,20000,-5.1,0.0,0.0,0.0,весна,нет,да
2018-04-14,3,62,12.1,41,1.0,20000,-0.7,0.0,0.2,0.0,весна,нет,да
2018-04-14,4,39,10.3,72,1.0,20000,5.4,0.0,0.8,0.0,весна,нет,да
2018-04-14,5,20,9.5,76,0.8,19620,5.4,0.0,0.0,0.0,весна,нет,да
2018-04-14,6,12,8.7,80,1.1,15180,5.4,0.0,1.0,0.0,весна,нет,да
2018-04-14,7,18,8.2,88,0.7,6070,6.3,0.01,2.0,0.0,весна,нет,да
2018-04-14,8,17,7.7,88,1.4,5160,5.8,0.08,1.0,0.0,весна,нет,да
2018-04-14,9,17,7.5,94,1.5,5060,6.5,0.15,1.5,0.0,весна,нет,да
2018-04-14,10,43,7.7,94,1.0,6850,6.7,0.28,1.5,0.0,весна,нет,да
2018-04-14,11,52,8.1,94,1.2,8020,7.1,0.39,0.5,0.0,весна,нет,да
2018-04-14,12,75,8.6,94,1.1,3890,7.6,0.49,0.0,0.0,весна,нет,да
2018-04-14,13,70,8.8,93,1.7,5970,7.7,0.38,0.0,0.0,весна,нет,да
2018-04-14,14,122,8.9,94,1.3,11290,7.9,0.29,0.5,0.0,весна,нет,да
2018-04-14,15,203,8.6,88,3.2,12110,6.7,0.17,0.0,0.0,весна,нет,да
2018-04-14,16,445,8.9,87,1.8,20000,6.8,0.32,0.0,0.0,весна,нет,да
2018-04-14,17,675,9.3,81,2.4,20000,6.1,0.52,0.0,0.0,весна,нет,да
2018-04-14,18,706,9.6,79,1.8,20000,6.1,0.39,0.0,0.0,весна,нет,да
2018-04-14,19,612,9.5,76,2.3,20000,5.4,0.02,0.0,0.0,весна,нет,да
2018-04-14,20,640,9.4,76,2.6,13760,5.3,0.0,0.0,0.0,весна,нет,да
2018-04-14,21,633,9.1,76,3.5,11130,5.0,0.0,0.0,0.0,весна,нет,да
2018-04-14,22,586,8.8,77,3.2,12580,4.9,0.0,0.0,0.0,весна,нет,да
2018-04-14,23,503,8.4,77,3.8,16620,4.5,0.0,0.0,0.0,весна,нет,да
2018-04-15,0,475,7.8,78,1.8,17410,4.1,0.0,0.0,0.0,весна,нет,да
2018-04-15,1,349,7.1,78,3.6,16620,3.5,0.0,0.0,0.0,весна,нет,да
2018-04-15,2,254,6.7,80,2.8,13420,3.4,0.0,0.0,0.0,весна,нет,да
2018-04-15,3,183,6.4,83,2.3,11580,3.7,0.0,0.0,0.0,весна,нет,да
2018-04-15,4,110,6.0,84,1.7,9510,3.4,0.0,0.0,0.0,весна,нет,да
2018-04-15,5,65,5.8,85,1.3,8290,3.4,0.0,0.0,0.0,весна,нет,да
2018-04-15,6,102,5.6,85,1.2,7690,3.2,0.0,0.0,0.0,весна,нет,да
2018-04-15,7,223,5.8,83,1.1,7330,3.1,0.15,0.0,0.0,весна,нет,да
2018-04-15,8,401,7.0,78,0.9,6560,3.4,0.56,0.0,0.0,весна,нет,да
2018-04-15,9,513,8.6,66,1.7,8810,2.5,1.16,0.0,0.0,весна,нет,да
2018-04-15,10,582,10.3,62,2.1,9140,3.3,1.76,0.0,0.0,весна,нет,да
2018-04-15,11,797,11.8,57,2.6,10410,3.5,2.18,0.0,0.0,весна,нет,да
2018-04-15,12,1105,12.5,53,3.4,13240,3.1,2.52,0.0,0.0,весна,нет,да
2018-04-15,13,1229,13.5,46,3.4,13250,2.0,2.71,0.0,0.0,весна,нет,да
2018-04-15,14,1083,13.7,50,3.7,12180,3.4,2.3,0.0,0.0,весна,нет,да
2018-04-15,15,62,13.1,54,4.1,12640,3.9,1.98,0.0,0.0,весна,нет,да
2018-04-15,16,124,12.0,61,3.6,13740,4.6,0.57,0.0,0.0,весна,нет,да
2018-04-15,17,42,11.8,60,2.9,14570,4.2,0.6,0.0,0.0,весна,нет,да
2018-04-15,18,343,11.9,58,2.2,16450,3.8,0.61,0.0,0.0,весна,нет,да
2018-04-15,19,317,11.0,62,2.1,16610,3.9,0.19,0.0,0.0,весна,нет,да
2018-04-15,20,297,10.3,62,2.0,17490,3.3,0.0,0.0,0.0,весна,нет,да
2018-04-15,21,464,9.6,66,1.7,18500,3.5,0.0,0.0,0.0,весна,нет,да
2018-04-15,22,620,9.0,65,1.7,19530,2.7,0.0,0.0,0.0,весна,нет,да
2018-04-15,23,467,8.6,69,2.2,17300,3.2,0.0,0.0,0.0,весна,нет,да
2018-04-16,0,401,8.3,59,2.1,19120,0.7,0.0,0.0,0.0,весна,нет,да
2018-04-16,1,226,7.6,62,1.2,18850,0.7,0.0,0.0,0.0,весна,нет,да
2018-04-16,2,126,7.1,64,0.9,17560,0.7,0.0,0.0,0.0,весна,нет,да
2018-04-16,3,107,6.4,67,1.4,16680,0.7,0.0,0.0,0.0,весна,нет,да
2018-04-16,4,75,5.9,68,0.7,15900,0.4,0.0,0.0,0.0,весна,нет,да
2018-04-16,5,132,5.3,73,0.8,14740,0.8,0.0,0.0,0.0,весна,нет,да
2018-04-16,6,405,5.0,70,0.7,17390,0.0,0.0,0.0,0.0,весна,нет,да
2018-04-16,7,1049,5.0,67,1.0,17740,-0.6,0.18,0.0,0.0,весна,нет,да
2018-04-16,8,1713,6.9,54,0.7,17060,-1.7,0.85,0.0,0.0,весна,нет,да
2018-04-16,9,922,10.1,42,0.8,19110,-2.2,1.57,0.0,0.0,весна,нет,да
2018-04-16,10,700,12.4,34,1.2,19430,-3.0,2.24,0.0,0.0,весна,нет,да
2018-04-16,11,855,14.1,32,1.3,20000,-2.3,2.67,0.0,0.0,весна,нет,да
2018-04-16,12,1052,15.5,33,2.5,18930,-0.7,3.1,0.0,0.0,весна,нет,да
2018-04-16,13,973,16.6,30,2.3,18760,-1.0,3.21,0.0,0.0,весна,нет,да
2018-04-16,14,1016,18.0,28,1.6,18200,-0.8,3.11,0.0,0.0,весна,нет,да
2018-04-16,15,1145,18.4,25,2.0,18090,-2.0,2.8,0.0,0.0,весна,нет,да
2018-04-16,16,1452,18.5,24,3.0,17730,-2.4,2.27,0.0,0.0,весна,нет,да
2018-04-16,17,1753,18.7,21,2.5,18710,-4.1,1.65,0.0,0.0,весна,нет,да
2018-04-16,18,2692,17.0,28,3.1,20000,-1.6,0.88,0.0,0.0,весна,нет,да
2018-04-16,19,1719,13.8,32,3.4,19920,-2.6,0.26,0.0,0.0,весна,нет,да
2018-04-16,20,1498,12.1,35,2.4,19540,-2.9,0.0,0.0,0.0,весна,нет,да
2018-04-16,21,1355,11.1,39,1.5,17340,-2.3,0.0,0.0,0.0,весна,нет,да
2018-04-16,22,1099,10.8,33,0.9,20000,-4.8,0.0,0.0,0.0,весна,нет,да
2018-04-16,23,733,9.7,33,0.4,20000,-5.8,0.0,0.0,0.0,весна,нет,да
2018-04-17,0,503,9.6,31,0.8,20000,-6.7,0.0,0.0,0.0,весна,нет,да
2018-04-17,1,421,9.0,36,1.0,19940,-5.3,0.0,0.0,0.0,весна,нет,да
2018-04-17,2,237,8.4,45,0.9,19870,-2.8,0.0,0.0,0.0,весна,нет,да
2018-04-17,3,164,7.8,49,1.0,19750,-2.2,0.0,0.0,0.0,весна,нет,да
2018-04-17,4,110,7.6,52,0.4,19350,-1.6,0.0,0.0,0.0,весна,нет,да
2018-04-17,5,143,7.4,56,0.6,17460,-0.8,0.0,0.0,0.0,весна,нет,да
2018-04-17,6,406,6.9,57,0.5,17750,-1.0,0.0,0.0,0.0,весна,нет,да
2018-04-17,7,1100,6.9,57,1.1,16330,-1.0,0.18,0.0,0.0,весна,нет,да
2018-04-17,8,1920,8.7,49,0.8,15200,-1.4,0.68,0.0,0.0,весна,нет,да
2018-04-17,9,1013,12.0,39,0.6,13860,-1.5,1.44,0.0,0.0,весна,нет,да
2018-04-17,10,731,14.7,31,1.1,12400,-2.2,2.04,0.0,0.0,весна,нет,да
2018-04-17,11,822,16.9,27,1.5,13540,-2.2,2.66,0.0,0.0,весна,нет,да
2018-04-17,12,1112,18.0,26,2.2,14590,-1.8,3.03,0.0,0.0,весна,нет,да
2018-04-17,13,1007,19.1,26,2.5,11340,-0.8,3.16,0.0,0.0,весна,нет,да
2018-04-17,14,1037,19.8,23,2.6,14720,-1.9,3.01,0.0,0.0,весна,нет,да
2018-04-17,15,1120,19.9,26,3.5,16280,-0.1,2.8,0.0,0.0,весна,нет,да
2018-04-17,16,1312,19.5,28,3.0,16050,0.4,2.24,0.0,0.0,весна,нет,да
2018-04-17,17,1632,18.3,29,4.3,16260,0.0,1.61,0.0,0.0,весна,нет,да
2018-04-17,18,1727,17.1,31,3.3,15010,-0.1,0.93,0.0,0.0,весна,нет,да
2018-04-17,19,1356,14.5,31,3.1,15580,-2.4,0.25,0.0,0.0,весна,нет,да
2018-04-17,20,1290,12.5,31,3.8,17460,-4.2,0.0,0.0,0.0,весна,нет,да
2018-04-17,21,1320,11.7,31,2.6,16170,-4.9,0.0,0.0,0.0,весна,нет,да
2018-04-17,22,1071,11.0,34,1.2,15290,-4.2,0.0,0.0,0.0,весна,нет,да
2018-04-17,23,680,10.1,41,1.1,15090,-2.5,0.0,0.0,0.0,весна,нет,да
2018-04-18,0,515,9.6,44,2.2,14170,-2.0,0.0,0.0,0.0,весна,нет,да
2018-04-18,1,375,8.9,45,2.1,14560,-2.4,0.0,0.0,0.0,весна,нет,да
2018-04-18,2,260,8.7,44,1.6,16840,-2.8,0.0,0.0,0.0,весна,нет,да
2018-04-18,3,164,7.9,45,0.7,17700,-3.3,0.0,0.0,0.0,весна,нет,да
2018-04-18,4,105,7.2,49,0.8,15460,-2.8,0.0,0.0,0.0,весна,нет,да
2018-04-18,5,154,6.7,50,1.6,17740,-3.0,0.0,0.0,0.0,весна,нет,да
2018-04-18,6,395,6.2,52,0.8,16090,-2.9,0.0,0.0,0.0,весна,нет,да
2018-04-18,7,1083,6.4,51,1.0,13980,-3.0,0.19,0.0,0.0,весна,нет,да
2018-04-18,8,1815,8.3,36,0.6,13350,-5.9,0.82,0.0,0.0,весна,нет,да
2018-04-18,9,987,11.2,31,1.7,12990,-5.3,1.59,0.0,0.0,весна,нет,да
2018-04-18,10,761,13.7,26,2.3,14760,-5.4,2.25,0.0,0.0,весна,нет,да
2018-04-18,11,845,15.5,22,1.4,17620,-6.1,2.82,0.0,0.0,весна,нет,да
2018-04-18,12,1047,16.5,17,3.3,18190,-8.6,3.13,0.0,0.0,весна,нет,да
2018-04-18,13,975,17.7,16,2.8,18240,-8.4,3.27,0.0,0.0,весна,нет,да
2018-04-18,14,967,18.9,15,1.8,18220,-8.3,3.17,0.0,0.0,весна,нет,да
2018-04-18,15,1149,19.0,21,3.3,17160,-3.8,2.88,0.0,0.0,весна,нет,да
2018-04-18,16,1346,18.5,22,2.7,15150,-3.6,2.27,0.0,0.0,весна,нет,да
2018-04-18,17,1738,17.8,26,3.3,14390,-1.9,1.63,0.0,0.0,весна,нет,да
2018-04-18,18,1918,16.6,33,3.4,11820,0.2,0.86,0.0,0.0,весна,нет,да
2018-04-18,19,842,14.7,40,2.4,12070,1.2,0.21,0.0,0.0,весна,нет,да
2018-04-18,20,1346,13.0,41,2.3,11640,0.0,0.0,0.0,0.0,весна,нет,да
2018-04-18,21,1209,12.1,40,2.0,13080,-1.1,0.0,0.0,0.0,весна,нет,да
2018-04-18,22,1003,11.3,42,1.6,11890,-1.1,0.0,0.0,0.0,весна,нет,да
2018-04-18,23,671,10.7,42,0.9,12360,-1.7,0.0,0.0,0.0,весна,нет,да
2018-04-19,0,520,9.8,44,1.4,12680,-1.8,0.0,0.0,0.0,весна,нет,да
2018-04-19,1,42,9.3,45,0.8,12630,-2.0,0.0,0.0,0.0,весна,нет,да
2018-04-19,2,281,8.8,49,0.7,12720,-1.3,0.0,0.0,0.0,весна,нет,да
2018-04-19,3,206,8.6,53,1.5,11850,-0.4,0.0,0.0,0.0,весна,нет,да
2018-04-19,4,125,8.3,53,1.1,10070,-0.7,0.0,0.0,0.0,весна,нет,да
2018-04-19,5,153,7.9,59,1.4,10050,0.3,0.0,0.0,0.0,весна,нет,да
2018-04-19,6,367,7.6,55,1.2,10210,-0.8,0.0,0.0,0.0,весна,нет,да
2018-04-19,7,254,7.7,48,0.4,11100,-2.6,0.19,0.0,0.0,весна,нет,да
2018-04-19,8,20,9.6,39,0.8,10030,-3.7,0.79,0.0,0.0,весна,нет,да
2018-04-19,9,316,12.4,29,1.5,13800,-5.1,1.49,0.0,0.0,весна,нет,да
2018-04-19,10,139,14.7,29,1.7,10700,-3.1,2.07,0.0,0.0,весна,нет,да
2018-04-19,11,795,16.1,23,2.5,13610,-5.0,2.52,0.0,0.0,весна,нет,да
2018-04-19,12,919,17.8,21,2.7,13350,-4.8,2.79,0.0,0.0,весна,нет,да
2018-04-19,13,930,19.2,17,2.2,14480,-6.4,2.89,0.0,0.0,весна,нет,да
2018-04-19,14,996,20.5,17,3.1,15120,-5.4,2.83,0.0,0.0,весна,нет,да
2018-04-19,15,1039,20.2,21,4.8,11610,-2.8,2.53,0.0,0.0,весна,нет,да
2018-04-19,16,1198,19.8,25,4.4,11320,-0.8,2.02,0.0,0.0,весна,нет,да
2018-04-19,17,1534,20.1,27,1.9,10880,0.4,1.38,0.0,0.0,весна,нет,да
2018-04-19,18,2198,19.1,31,3.0,9580,1.5,0.7,0.0,0.0,весна,нет,да
2018-04-19,19,1489,17.4,34,2.2,7790,1.3,0.16,0.0,0.0,весна,нет,да
2018-04-19,20,1313,15.5,38,1.7,7450,1.2,0.0,0.0,0.0,весна,нет,да
2018-04-19,21,1165,14.2,44,2.4,12900,2.1,0.0,0.0,0.0,весна,нет,да
2018-04-19,22,1054,13.4,49,1.1,13260,2.8,0.0,0.0,0.0,весна,нет,да
2018-04-19,23,677,12.9,51,1.7,12000,2.9,0.0,0.0,0.0,весна,нет,да
2018-04-20,0,553,12.4,56,0.5,10280,3.8,0.0,0.0,0.0,весна,нет,да
2018-04-20,1,436,11.8,60,0.2,9180,4.2,0.0,0.0,0.0,весна,нет,да
2018-04-20,2,305,11.7,63,0.5,9040,4.8,0.0,0.0,0.0,весна,нет,да
2018-04-20,3,188,11.3,61,0.3,9340,4.0,0.0,0.0,0.0,весна,нет,да
2018-04-20,4,134,11.4,60,0.8,9320,3.8,0.0,0.0,0.0,весна,нет,да
2018-04-20,5,168,11.4,60,0.4,8510,3.8,0.0,0.0,0.0,весна,нет,да
2018-04-20,6,414,11.2,63,0.7,8210,4.4,0.0,0.0,0.0,весна,нет,да
2018-04-20,7,979,11.3,62,0.7,7740,4.2,0.17,0.0,0.0,весна,нет,да
2018-04-20,8,1659,13.0,54,1.2,7380,3.8,0.68,0.0,0.0,весна,нет,да
2018-04-20,9,962,15.8,42,0.9,6830,2.8,1.37,0.0,0.0,весна,нет,да
2018-04-20,10,708,18.2,36,1.0,6200,2.8,1.99,0.0,0.0,весна,нет,да
2018-04-20,11,805,20.6,34,2.2,7050,4.1,2.51,0.0,0.0,весна,нет,да
2018-04-20,12,1019,22.5,33,1.8,8940,5.4,2.88,0.0,0.0,весна,нет,да
2018-04-20,13,973,24.2,30,1.5,8350,5.5,3.03,0.0,0.0,весна,нет,да
2018-04-20,14,970,25.9,28,2.2,8080,5.9,2.92,0.0,0.0,весна,нет,да
2018-04-20,15,1080,26.1,27,1.8,5810,5.6,2.59,0.0,0.0,весна,нет,да
2018-04-20,16,1206,25.7,30,3.4,6000,6.8,2.07,0.0,0.0,весна,нет,да
2018-04-20,17,1543,25.6,30,2.3,6710,6.7,1.47,0.0,0.0,весна,нет,да
2018-04-20,18,2268,24.7,33,2.3,6870,7.3,0.78,0.0,0.0,весна,нет,да
2018-04-20,19,1578,22.9,35,1.8,7140,6.6,0.22,0.0,0.0,весна,нет,да
2018-04-20,20,1358,21.1,43,1.8,7880,8.0,0.0,0.0,0.0,весна,нет,да
2018-04-20,21,1213,19.2,50,1.5,8420,8.5,0.0,0.0,0.0,весна,нет,да
2018-04-20,22,1183,18.2,52,1.3,8180,8.1,0.0,0.0,0.0,весна,нет,да
2018-04-20,23,891,17.3,57,0.6,8070,8.6,0.0,0.0,0.0,весна,нет,да
2018-04-21,0,707,16.3,59,0.2,7560,8.2,0.0,0.0,0.0,весна,нет,да
2018-04-21,1,628,15.5,60,1.1,6580,7.7,0.0,0.0,0.0,весна,нет,да
2018-04-21,2,436,14.7,63,1.8,6110,7.7,0.0,0.0,0.0,весна,нет,да
2018-04-21,3,307,14.2,62,1.4,5830,7.0,0.0,0.0,0.0,весна,нет,да
2018-04-21,4,166,13.6,67,1.6,5210,7.5,0.0,0.0,0.0,весна,нет,да
2018-04-21,5,122,13.0,70,0.5,3850,7.6,0.0,0.0,0.0,весна,нет,да
2018-04-21,6,184,12.3,67,0.5,4830,6.3,0.0,0.0,0.0,весна,нет,да
2018-04-21,7,324,12.5,68,1.1,4570,6.7,0.22,0.0,0.0,весна,нет,да
2018-04-21,8,600,14.6,54,0.9,4310,5.3,0.89,0.0,0.0,весна,нет,да
2018-04-21,9,647,18.1,33,1.1,5120,1.5,1.61,0.0,0.0,весна,нет,да
2018-04-21,10,702,20.6,24,2.0,9500,-0.7,2.29,0.0,0.0,весна,нет,да
2018-04-21,11,872,23.1,19,2.0,11720,-1.8,2.85,0.0,0.0,весна,нет,да
2018-04-21,12,1130,24.3,14,3.3,17010,-4.9,3.19,0.0,0.0,весна,нет,да
2018-04-21,13,1315,24.6,10,2.7,20000,-9.0,3.31,0.0,0.0,весна,нет,да
2018-04-21,14,1511,25.0,14,3.8,18580,-4.3,3.29,0.0,0.0,весна,нет,да
2018-04-21,15,1730,25.0,13,4.1,20000,-5.3,2.98,0.0,0.0,весна,нет,да
2018-04-21,16,1942,24.8,13,3.3,19550,-5.5,2.5,0.0,0.0,весна,нет,да
2018-04-21,17,2032,23.2,12,3.6,20000,-7.8,1.69,0.0,0.0,весна,нет,да
2018-04-21,18,1986,22.2,11,3.0,20000,-9.7,0.98,0.0,0.0,весна,нет,да
2018-04-21,19,1711,20.7,15,2.0,20000,-6.9,0.34,0.0,0.0,весна,нет,да
2018-04-21,20,1581,19.1,18,1.2,20000,-5.8,0.0,0.0,0.0,весна,нет,да
2018-04-21,21,1491,17.8,21,1.2,20000,-4.8,0.0,0.0,0.0,весна,нет,да
2018-04-21,22,1292,16.7,28,1.0,19960,-1.9,0.0,0.0,0.0,весна,нет,да
2018-04-21,23,988,16.0,33,0.5,19960,-0.2,0.0,0.0,0.0,весна,нет,да
2018-04-22,0,826,15.9,35,0.3,19950,0.4,0.0,0.0,0.0,весна,нет,да
2018-04-22,1,578,15.9,39,0.2,20000,1.9,0.0,0.0,0.0,весна,нет,да
2018-04-22,2,410,15.4,41,0.5,13190,2.1,0.0,0.0,0.0,весна,нет,да
2018-04-22,3,289,15.2,31,0.3,20000,-1.8,0.0,0.0,0.0,весна,нет,да
2018-04-22,4,192,14.9,35,0.8,20000,-0.4,0.0,0.0,0.0,весна,нет,да
2018-04-22,5,136,14.8,38,0.6,20000,0.5,0.0,0.0,0.0,весна,нет,да
2018-04-22,6,155,14.6,42,0.5,20000,1.8,0.0,0.0,0.0,весна,нет,да
2018-04-22,7,278,15.0,41,0.3,20000,1.8,0.12,0.0,0.0,весна,нет,да
2018-04-22,8,429,16.3,40,0.8,19820,2.6,0.25,0.0,0.0,весна,нет,да
2018-04-22,9,247,16.9,45,0.9,19580,4.8,0.27,0.0,0.0,весна,нет,да
2018-04-22,10,486,16.3,62,0.8,16390,8.9,0.27,0.3,0.0,весна,нет,да
2018-04-22,11,424,17.4,54,0.9,18400,7.9,0.51,0.0,0.0,весна,нет,да
2018-04-22,12,631,18.9,44,0.9,19100,6.3,0.75,0.0,0.0,весна,нет,да
2018-04-22,13,842,20.5,35,1.1,20000,4.4,1.13,0.0,0.0,весна,нет,да
2018-04-22,14,384,20.7,32,1.5,19960,3.3,0.69,0.0,0.0,весна,нет,да
2018-04-22,15,234,19.6,44,2.4,18850,7.0,0.47,0.2,0.0,весна,нет,да
2018-04-22,16,103,19.1,52,0.9,15830,9.0,0.37,0.0,0.0,весна,нет,да
2018-04-22,17,46,17.9,65,1.2,9650,11.2,0.13,1.0,0.0,весна,нет,да
2018-04-22,18,63,16.1,73,1.3,12980,11.2,0.11,0.5,0.0,весна,нет,да
2018-04-22,19,32,15.2,64,1.7,11850,8.4,0.02,0.5,0.0,весна,нет,да
2018-04-22,20,12,13.3,80,1.8,8210,9.9,0.0,1.5,0.0,весна,нет,да
2018-04-22,21,24,12.0,86,2.3,6810,9.7,0.0,2.5,0.0,весна,нет,да
2018-04-22,22,13,11.6,89,2.0,4690,9.8,0.0,4.0,0.0,весна,нет,да
2018-04-22,23,18,11.3,94,1.6,3680,10.3,0.0,3.0,0.0,весна,нет,да
2018-04-23,0,81,10.7,94,2.6,4770,9.7,0.0,2.0,0.0,весна,нет,да
2018-04-23,1,41,10.6,87,2.3,15230,8.5,0.0,0.1,0.0,весна,нет,да
2018-04-23,2,21,10.2,90,2.2,4900,8.6,0.0,0.9,0.0,весна,нет,да
2018-04-23,3,8,9.9,93,2.3,9900,8.8,0.0,0.5,0.0,весна,нет,да
2018-04-23,4,2,9.5,95,2.4,4100,8.7,0.0,3.5,0.0,весна,нет,да
2018-04-23,5,6,9.2,95,2.3,4040,8.4,0.0,2.5,0.0,весна,нет,да
2018-04-23,6,5,9.1,95,2.7,3730,8.3,0.0,7.0,0.0,весна,нет,да
2018-04-23,7,17,9.0,95,2.3,2940,8.2,0.0,6.0,0.0,весна,нет,да
2018-04-23,8,25,8.8,95,2.8,5190,8.0,0.03,5.0,0.0,весна,нет,да
2018-04-23,9,9,8.5,95,2.6,4470,7.7,0.1,8.0,0.0,весна,нет,да
2018-04-23,10,12,8.6,95,2.5,5780,7.8,0.2,4.0,0.0,весна,нет,да
2018-04-23,11,10,8.9,91,2.2,4370,7.5,0.29,1.5,0.0,весна,нет,да
2018-04-23,12,10,9.0,96,1.9,4810,8.3,0.43,5.5,0.0,весна,нет,да
2018-04-23,13,11,9.3,95,2.3,4190,8.5,0.4,2.5,0.0,весна,нет,да
2018-04-23,14,17,9.4,96,2.6,3040,8.7,0.39,4.0,0.0,весна,нет,да
2018-04-23,15,14,9.5,96,2.2,3500,8.8,0.31,1.5,0.0,весна,нет,да
2018-04-23,16,41,9.6,96,1.7,14090,8.9,0.23,1.0,0.0,весна,нет,да
2018-04-23,17,42,9.4,95,1.9,6600,8.6,0.11,0.5,0.0,весна,нет,да
2018-04-23,18,39,9.4,96,1.9,6000,8.7,0.07,1.0,0.0,весна,нет,да
2018-04-23,19,50,9.4,95,1.8,5310,8.6,0.03,1.5,0.0,весна,нет,да
2018-04-23,20,37,9.4,95,1.6,7400,8.6,0.0,1.0,0.0,весна,нет,да
2018-04-23,21,82,9.4,94,2.1,8690,8.4,0.0,1.5,0.0,весна,нет,да
2018-04-23,22,164,9.6,90,1.9,20000,8.0,0.0,0.0,0.0,весна,нет,да
2018-04-23,23,233,9.8,87,1.9,20000,7.7,0.0,0.0,0.0,весна,нет,да
2018-04-24,0,213,9.8,86,1.3,20000,7.5,0.0,0.0,0.0,весна,нет,да
2018-04-24,1,157,10.1,83,1.6,20000,7.3,0.0,0.0,0.0,весна,нет,да
2018-04-24,2,68,10.1,83,1.4,20000,7.3,0.0,0.1,0.0,весна,нет,да
2018-04-24,3,35,9.6,94,1.3,5230,8.6,0.0,2.4,0.0,весна,нет,да
2018-04-24,4,34,9.5,94,1.2,20000,8.5,0.0,0.5,0.0,весна,нет,да
2018-04-24,5,77,9.4,93,1.3,20000,8.3,0.0,0.0,0.0,весна,нет,да
2018-04-24,6,262,9.6,87,2.0,20000,7.5,0.0,0.0,0.0,весна,нет,да
2018-04-24,7,751,9.8,84,1.3,20000,7.2,0.04,0.0,0.0,весна,нет,да
2018-04-24,8,1502,10.5,79,1.3,20000,7.0,0.29,0.0,0.0,весна,нет,да
2018-04-24,9,814,12.0,71,1.4,20000,6.8,0.92,0.0,0.0,весна,нет,да
2018-04-24,10,638,12.9,68,1.3,20000,7.1,0.97,0.0,0.0,весна,нет,да
2018-04-24,11,710,14.1,62,1.6,20000,6.9,1.08,0.0,0.0,весна,нет,да
2018-04-24,12,925,15.2,57,1.9,20000,6.7,1.33,0.0,0.0,весна,нет,да
2018-04-24,13,923,15.9,53,2.1,20000,6.3,1.54,0.0,0.0,весна,нет,да
2018-04-24,14,942,16.0,52,1.7,20000,6.1,1.22,0.0,0.0,весна,нет,да
2018-04-24,15,971,16.1,52,1.5,20000,6.2,0.93,0.0,0.0,весна,нет,да
2018-04-24,16,1118,15.5,52,1.7,20000,5.6,0.7,0.0,0.0,весна,нет,да
2018-04-24,17,1462,15.1,52,1.9,20000,5.3,0.64,0.0,0.0,весна,нет,да
2018-04-24,18,2318,14.1,43,1.6,20000,1.6,0.36,0.0,0.0,весна,нет,да
2018-04-24,19,1580,13.3,37,1.2,20000,-1.1,0.12,0.0,0.0,весна,нет,да
2018-04-24,20,1332,12.6,49,0.8,20000,2.1,0.0,0.0,0.0,весна,нет,да
2018-04-24,21,1372,11.5,47,1.1,20000,0.5,0.0,0.0,0.0,весна,нет,да
2018-04-24,22,1215,10.4,43,0.7,20000,-1.6,0.0,0.0,0.0,весна,нет,да
2018-04-24,23,725,9.6,44,0.7,20000,-2.0,0.0,0.0,0.0,весна,нет,да
2018-04-25,0,536,8.9,55,0.7,20000,0.3,0.0,0.0,0.0,весна,нет,да
2018-04-25,1,444,8.4,58,1.1,20000,0.6,0.0,0.0,0.0,весна,нет,да
2018-04-25,2,306,7.7,60,0.3,19930,0.4,0.0,0.0,0.0,весна,нет,да
2018-04-25,3,206,7.1,60,0.3,20000,-0.1,0.0,0.0,0.0,весна,нет,да
2018-04-25,4,117,6.4,66,0.5,20000,0.4,0.0,0.0,0.0,весна,нет,да
2018-04-25,5,148,6.0,63,0.5,19840,-0.5,0.0,0.0,0.0,весна,нет,да
2018-04-25,6,449,5.8,55,0.3,20000,-2.5,0.0,0.0,0.0,весна,нет,да
2018-04-25,7,1123,6.4,51,0.3,19630,-3.0,0.27,0.0,0.0,весна,нет,да
2018-04-25,8,1900,8.8,37,0.9,19390,-5.1,0.89,0.0,0.0,весна,нет,да
2018-04-25,9,1066,11.7,32,0.8,18620,-4.4,1.6,0.0,0.0,весна,нет,да
2018-04-25,10,756,14.8,29,0.6,17490,-3.0,2.2,0.0,0.0,весна,нет,да
2018-04-25,11,938,17.5,25,1.3,18430,-2.7,2.74,0.0,0.0,весна,нет,да
2018-04-25,12,1192,19.4,20,1.1,16630,-4.1,3.08,0.0,0.0,весна,нет,да
2018-04-25,13,1141,20.8,23,1.7,14670,-1.1,3.18,0.0,0.0,весна,нет,да
2018-04-25,14,1161,22.1,22,2.1,14700,-0.6,3.12,0.0,0.0,весна,нет,да
2018-04-25,15,1180,22.8,21,2.1,15420,-0.6,2.75,0.0,0.0,весна,нет,да
2018-04-25,16,1447,23.1,19,3.1,18710,-1.8,2.26,0.0,0.0,весна,нет,да
2018-04-25,17,1878,22.9,23,2.8,19850,0.6,1.64,0.0,0.0,весна,нет,да
2018-04-25,18,2807,21.2,32,3.8,19270,3.8,0.94,0.0,0.0,весна,нет,да
2018-04-25,19,1958,18.2,36,3.5,20000,2.8,0.29,0.0,0.0,весна,нет,да
2018-04-25,20,1651,16.8,29,4.3,19710,-1.3,0.01,0.0,0.0,весна,нет,да
2018-04-25,21,1593,15.9,35,1.4,19990,0.4,0.0,0.0,0.0,весна,нет,да
2018-04-25,22,1382,15.2,35,1.2,19990,-0.1,0.0,0.0,0.0,весна,нет,да
2018-04-25,23,906,14.0,45,0.6,19010,2.2,0.0,0.0,0.0,весна,нет,да
2018-04-26,0,692,13.1,47,0.3,18770,2.0,0.0,0.0,0.0,весна,нет,да
2018-04-26,1,546,12.4,55,1.0,18360,3.5,0.0,0.0,0.0,весна,нет,да
2018-04-26,2,409,11.9,57,1.0,17930,3.6,0.0,0.0,0.0,весна,нет,да
2018-04-26,3,239,11.3,66,1.0,15060,5.1,0.0,0.0,0.0,весна,нет,да
2018-04-26,4,140,10.7,70,0.7,14040,5.4,0.0,0.0,0.0,весна,нет,да
2018-04-26,5,180,10.2,73,0.8,11370,5.5,0.0,0.0,0.0,весна,нет,да
2018-04-26,6,452,10.0,72,0.8,12170,5.1,0.01,0.0,0.0,весна,нет,да
2018-04-26,7,1124,10.7,68,0.8,10930,5.0,0.27,0.0,0.0,весна,нет,да
2018-04-26,8,1933,11.7,62,0.6,9560,4.6,0.62,0.0,0.0,весна,нет,да
2018-04-26,9,1027,14.0,54,1.5,10540,4.8,1.37,0.0,0.0,весна,нет,да
2018-04-26,10,745,16.7,47,2.2,11470,5.3,2.26,0.0,0.0,весна,нет,да
2018-04-26,11,930,18.1,42,2.7,11120,4.9,2.17,0.0,0.0,весна,нет,да
2018-04-26,12,1197,19.6,36,2.2,9620,4.1,2.55,0.0,0.0,весна,нет,да
2018-04-26,13,1084,20.6,30,2.4,10480,2.3,2.67,0.0,0.0,весна,нет,да
2018-04-26,14,1123,21.6,28,3.1,14140,2.2,2.84,0.0,0.0,весна,нет,да
2018-04-26,15,1227,21.9,23,2.6,14630,-0.1,2.66,0.0,0.0,весна,нет,да
2018-04-26,16,1386,21.7,23,2.5,14040,-0.3,1.97,0.0,0.0,весна,нет,да
2018-04-26,17,1796,20.7,30,3.3,14820,2.4,1.48,0.0,0.0,весна,нет,да
2018-04-26,18,2574,17.4,45,3.1,10920,5.3,0.75,0.0,0.0,весна,нет,да
2018-04-26,19,1891,15.2,45,3.3,11380,3.3,0.24,0.0,0.0,весна,нет,да
2018-04-26,20,1531,14.4,50,2.7,12160,4.0,0.01,0.0,0.0,весна,нет,да
2018-04-26,21,1447,13.4,60,2.2,15170,5.7,0.0,0.0,0.0,весна,нет,да
2018-04-26,22,1146,12.7,61,2.2,19490,5.3,0.0,0.0,0.0,весна,нет,да
2018-04-26,23,851,12.1,58,1.9,17190,4.0,0.0,0.0,0.0,весна,нет,да
2018-04-27,0,663,11.8,59,2.4,15350,4.0,0.0,0.0,0.0,весна,нет,да
2018-04-27,1,562,11.5,57,1.8,14710,3.2,0.0,0.0,0.0,весна,нет,да
2018-04-27,2,361,11.2,58,1.4,12550,3.2,0.0,0.0,0.0,весна,нет,да
2018-04-27,3,258,10.7,63,1.1,9890,3.9,0.0,0.0,0.0,весна,нет,да
2018-04-27,4,140,10.2,65,1.5,9700,3.9,0.0,0.0,0.0,весна,нет,да
2018-04-27,5,170,9.9,69,1.1,8080,4.4,0.0,0.0,0.0,весна,нет,да
2018-04-27,6,427,9.9,66,1.5,9310,3.8,0.0,0.0,0.0,весна,нет,да
2018-04-27,7,1129,10.1,63,0.7,11630,3.3,0.22,0.0,0.0,весна,нет,да
2018-04-27,8,1922,11.6,58,1.4,11500,3.6,0.79,0.0,0.0,весна,нет,да
2018-04-27,9,985,13.2,57,0.8,10030,4.8,1.39,0.0,0.0,весна,нет,да
2018-04-27,10,789,15.3,50,1.0,9440,4.9,1.97,0.0,0.0,весна,нет,да
2018-04-27,11,986,17.7,44,1.5,9450,5.2,2.51,0.0,0.0,весна,нет,да
2018-04-27,12,1142,19.5,40,1.1,10550,5.5,2.89,0.0,0.0,весна,нет,да
2018-04-27,13,1133,21.0,36,1.0,11640,5.3,2.99,0.0,0.0,весна,нет,да
2018-04-27,14,1115,22.2,32,2.8,11240,4.7,2.91,0.0,0.0,весна,нет,да
2018-04-27,15,1253,22.7,29,1.6,12230,3.7,2.66,0.0,0.0,весна,нет,да
2018-04-27,16,1446,23.2,33,2.4,8690,6.0,2.12,0.0,0.0,весна,нет,да
2018-04-27,17,1877,21.8,41,3.0,6620,7.9,1.44,0.0,0.0,весна,нет,да
2018-04-27,18,2577,20.3,47,2.5,7050,8.6,0.77,0.0,0.0,весна,нет,да
2018-04-27,19,1812,18.7,53,2.7,7530,8.9,0.24,0.0,0.0,весна,нет,да
2018-04-27,20,1499,16.9,41,3.1,10600,3.5,0.0,0.0,0.0,весна,нет,да
2018-04-27,21,1362,15.7,51,1.9,8060,5.5,0.0,0.0,0.0,весна,нет,да
2018-04-27,22,1278,14.7,63,1.4,5540,7.7,0.0,0.0,0.0,весна,нет,да
2018-04-27,23,975,14.0,66,1.2,5190,7.7,0.0,0.0,0.0,весна,нет,да
2018-04-28,0,777,13.3,70,1.6,4730,7.9,0.0,0.0,0.0,весна,нет,да
2018-04-28,1,672,12.7,74,1.8,3920,8.1,0.0,0.0,0.0,весна,нет,да
2018-04-28,2,522,12.0,76,1.0,3630,7.8,0.0,0.0,0.0,весна,нет,да
2018-04-28,3,325,11.6,76,1.0,3640,7.5,0.0,0.0,0.0,весна,нет,да
2018-04-28,4,166,11.4,78,1.8,3620,7.6,0.0,0.0,0.0,весна,нет,да
2018-04-28,5,152,10.9,81,1.7,3480,7.7,0.0,0.0,0.0,весна,нет,да
2018-04-28,6,230,10.6,84,1.1,2840,8.0,0.0,0.0,0.0,весна,нет,да
2018-04-28,7,376,10.8,78,0.5,3350,7.1,0.26,0.0,0.0,весна,нет,да
2018-04-28,8,647,12.7,67,0.6,3780,6.7,0.86,0.0,0.0,весна,нет,да
2018-04-28,9,795,15.1,56,1.7,4930,6.3,1.57,0.0,0.0,весна,нет,да
2018-04-28,10,808,17.4,46,1.8,7340,5.6,2.27,0.0,0.0,весна,нет,да
2018-04-28,11,1000,19.0,30,3.0,17190,1.0,2.84,0.0,0.0,весна,нет,да
2018-04-28,12,1278,20.5,31,2.5,14850,2.7,3.18,0.0,0.0,весна,нет,да
2018-04-28,13,1404,21.2,31,2.8,12950,3.3,3.25,0.0,0.0,весна,нет,да
2018-04-28,14,1597,21.3,25,3.8,18840,0.4,3.22,0.0,0.0,весна,нет,да
2018-04-28,15,1875,21.1,25,4.1,18850,0.2,2.96,0.0,0.0,весна,нет,да
2018-04-28,16,1945,20.4,25,4.7,19900,-0.3,2.45,0.0,0.0,весна,нет,да
2018-04-28,17,2043,20.1,29,3.3,18400,1.4,1.78,0.0,0.0,весна,нет,да
2018-04-28,18,1882,18.9,30,2.6,19950,0.9,1.05,0.0,0.0,весна,нет,да
2018-04-28,19,1590,16.9,33,1.3,19650,0.5,0.34,0.0,0.0,весна,нет,да
2018-04-28,20,1435,15.1,34,2.2,19810,-0.6,0.01,0.0,0.0,весна,нет,да
2018-04-28,21,1351,13.9,37,1.1,17510,-0.5,0.0,0.0,0.0,весна,нет,да
2018-04-28,22,1165,13.0,45,1.6,17130,1.3,0.0,0.0,0.0,весна,нет,да
2018-04-28,23,905,12.3,51,1.0,16480,2.4,0.0,0.0,0.0,весна,нет,да
2018-04-29,0,790,11.7,53,1.4,16200,2.4,0.0,0.0,0.0,весна,нет,да
2018-04-29,1,554,11.2,57,1.6,15330,2.9,0.0,0.0,0.0,весна,нет,да
2018-04-29,2,425,10.9,56,1.2,14600,2.4,0.0,0.0,0.0,весна,нет,да
2018-04-29,3,263,10.6,60,1.0,11630,3.1,0.0,0.0,0.0,весна,нет,да
2018-04-29,4,183,10.3,63,0.7,12770,3.5,0.0,0.0,0.0,весна,нет,да
2018-04-29,5,138,9.7,63,1.1,13040,2.9,0.0,0.0,0.0,весна,нет,да
2018-04-29,6,183,9.5,65,1.0,13250,3.2,0.01,0.0,0.0,весна,нет,да
2018-04-29,7,307,9.9,59,0.7,17070,2.2,0.25,0.0,0.0,весна,нет,да
2018-04-29,8,485,12.2,50,0.8,14120,2.0,0.84,0.0,0.0,весна,нет,да
2018-04-29,9,716,14.9,39,0.9,13540,1.0,1.56,0.0,0.0,весна,нет,да
2018-04-29,10,787,17.5,35,1.8,15700,1.8,2.26,0.0,0.0,весна,нет,да
2018-04-29,11,1060,19.6,28,2.0,16950,0.5,2.79,0.0,0.0,весна,нет,да
2018-04-29,12,1375,20.5,31,2.6,12990,2.7,2.79,0.0,0.0,весна,нет,да
2018-04-29,13,1635,21.9,27,2.2,10550,2.0,3.35,0.0,0.0,весна,нет,да
2018-04-29,14,1814,21.6,28,3.3,11720,2.2,2.93,0.0,0.0,весна,нет,да
2018-04-29,15,2019,22.8,24,3.3,11380,1.1,2.79,0.0,0.0,весна,нет,да
2018-04-29,16,2044,22.2,23,3.7,11830,0.0,2.28,0.0,0.0,весна,нет,да
2018-04-29,17,2094,21.9,28,3.1,10230,2.5,1.6,0.0,0.0,весна,нет,да
2018-04-29,18,1950,20.1,28,3.2,11140,1.0,0.89,0.0,0.0,весна,нет,да
2018-04-29,19,1712,18.1,38,2.8,9320,3.5,0.16,0.0,0.0,весна,нет,да
2018-04-29,20,1485,16.9,42,2.7,9420,3.8,0.0,0.0,0.0,весна,нет,да
2018-04-29,21,1382,16.1,44,1.2,9130,3.8,0.0,0.0,0.0,весна,нет,да
2018-04-29,22,1128,15.6,43,2.3,10160,3.0,0.0,0.0,0.0,весна,нет,да
2018-04-29,23,820,15.2,51,1.0,8580,5.1,0.0,0.0,0.0,весна,нет,да
2018-04-30,0,569,14.7,54,1.3,7180,5.4,0.0,0.0,0.0,весна,нет,да
2018-04-30,1,362,14.4,60,1.7,5800,6.7,0.0,0.0,0.0,весна,нет,да
2018-04-30,2,246,14.1,62,1.2,5020,6.9,0.0,0.0,0.0,весна,нет,да
2018-04-30,3,157,14.3,61,1.0,4750,6.8,0.0,0.0,0.0,весна,нет,да
2018-04-30,4,132,14.6,57,1.2,4950,6.1,0.0,0.0,0.0,весна,нет,да
2018-04-30,5,185,14.8,63,0.7,4920,7.8,0.0,0.0,0.0,весна,нет,да
2018-04-30,6,397,14.9,64,0.5,4240,8.1,0.0,0.0,0.0,весна,нет,да
2018-04-30,7,1075,15.1,78,1.5,3540,11.2,0.06,0.0,0.0,весна,нет,да
2018-04-30,8,1791,15.8,73,0.5,3570,10.9,0.39,0.0,0.0,весна,нет,да
2018-04-30,9,983,17.5,65,1.0,4160,10.8,1.0,0.0,0.0,весна,нет,да
2018-04-30,10,742,19.5,54,1.1,4510,9.9,1.88,0.0,0.0,весна,нет,да
2018-04-30,11,901,20.3,52,0.9,4680,10.1,1.96,0.0,0.0,весна,нет,да
2018-04-30,12,1094,22.2,50,2.0,5640,11.2,2.65,0.0,0.0,весна,нет,да
2018-04-30,13,1019,23.3,45,1.8,6840,10.6,2.96,0.0,0.0,весна,нет,да
2018-04-30,14,1055,24.0,47,2.3,5200,11.9,2.87,0.0,0.0,весна,нет,да
2018-04-30,15,1168,24.1,48,2.7,4190,12.3,2.47,0.0,0.0,весна,нет,да
2018-04-30,16,1344,24.8,45,1.8,5490,12.0,2.05,0.0,0.0,весна,нет,да
2018-04-30,17,1706,24.0,53,3.5,5360,13.8,1.39,0.0,0.0,весна,нет,да
2018-04-30,18,2558,23.0,54,2.9,6790,13.1,0.81,0.0,0.0,весна,нет,да
2018-04-30,19,2064,21.2,65,2.9,5590,14.3,0.25,0.0,0.0,весна,нет,да
2018-04-30,20,1703,20.0,69,2.4,5330,14.1,0.0,0.0,0.0,весна,нет,да
2018-04-30,21,1711,19.1,73,1.2,4130,14.1,0.0,0.0,0.0,весна,нет,да
2018-04-30,22,1456,18.4,78,1.6,3770,14.4,0.0,0.0,0.0,весна,нет,да
2018-04-30,23,1044,17.9,79,0.4,3230,14.1,0.0,0.0,0.0,весна,нет,да
2018-05-01,0,782,18.3,78,0.8,3490,14.3,0.0,0.0,0.0,весна,да,да
2018-05-01,1,705,18.3,83,1.1,4510,15.3,0.0,0.0,0.0,весна,да,да
2018-05-01,2,534,18.2,85,0.8,3550,15.6,0.0,0.0,0.0,весна,да,да
2018-05-01,3,343,18.1,85,1.0,2840,15.5,0.0,0.0,0.0,весна,да,да
2018-05-01,4,187,18.0,85,0.3,2750,15.4,0.0,0.0,0.0,весна,да,да
2018-05-01,5,166,18.0,85,0.8,3460,15.4,0.0,0.0,0.0,весна,да,да
2018-05-01,6,306,17.8,85,0.6,2650,15.2,0.0,0.0,0.0,весна,да,да
2018-05-01,7,614,18.0,82,0.7,2640,14.8,0.11,0.0,0.0,весна,да,да
2018-05-01,8,1067,18.8,76,0.6,3010,14.4,0.36,0.0,0.0,весна,да,да
2018-05-01,9,1024,20.7,67,1.1,4640,14.3,1.3,0.0,0.0,весна,да,да
2018-05-01,10,1002,22.2,61,1.2,5310,14.3,1.72,0.0,0.0,весна,да,да
2018-05-01,11,1117,22.7,63,1.1,6050,15.2,1.36,0.0,0.0,весна,да,да
2018-05-01,12,1315,22.1,67,2.7,4620,15.6,0.81,0.0,0.0,весна,да,да
2018-05-01,13,1493,23.0,63,3.1,4940,15.5,1.92,0.0,0.0,весна,да,да
2018-05-01,14,1536,23.0,64,2.8,5200,15.8,1.59,0.0,0.0,весна,да,да
2018-05-01,15,1639,23.1,61,2.5,5560,15.1,1.5,0.0,0.0,весна,да,да
2018-05-01,16,1759,22.6,63,3.1,5510,15.1,0.88,0.0,0.0,весна,да,да
2018-05-01,17,1898,22.0,65,2.4,5890,15.1,0.47,0.0,0.0,весна,да,да
2018-05-01,18,2082,21.6,67,2.0,5840,15.2,0.24,0.0,0.0,весна,да,да
2018-05-01,19,1696,21.2,68,1.5,6100,15.0,0.16,0.0,0.0,весна,да,да
2018-05-01,20,1656,20.6,72,1.3,5870,15.3,0.0,0.0,0.0,весна,да,да
2018-05-01,21,1644,20.2,74,1.3,5540,15.4,0.0,0.0,0.0,весна,да,да
2018-05-01,22,1400,19.9,75,0.8,5160,15.3,0.0,0.0,0.0,весна,да,да
2018-05-01,23,855,19.8,73,0.9,4420,14.8,0.0,0.0,0.0,весна,да,да
2018-05-02,0,612,19.7,76,0.5,3860,15.3,0.0,0.0,0.0,весна,нет,да
2018-05-02,1,413,19.6,75,2.1,3920,15.0,0.0,0.0,0.0,весна,нет,да
2018-05-02,2,245,19.0,80,1.6,3460,15.4,0.0,0.0,0.0,весна,нет,да
2018-05-02,3,170,18.5,82,0.8,3420,15.3,0.0,0.0,0.0,весна,нет,да
2018-05-02,4,93,18.4,81,0.4,3000,15.0,0.0,0.0,0.0,весна,нет,да
2018-05-02,5,76,18.4,87,0.8,2090,16.1,0.0,0.4,0.0,весна,нет,да
2018-05-02,6,67,17.9,93,0.9,2020,16.7,0.0,0.1,0.0,весна,нет,да
2018-05-02,7,102,17.6,94,0.5,1660,16.6,0.0,1.0,0.0,весна,нет,да
2018-05-02,8,555,17.5,94,0.9,2030,16.5,0.06,0.0,0.0,весна,нет,да
2018-05-02,9,609,17.4,94,0.7,2300,16.4,0.16,0.0,0.0,весна,нет,да
2018-05-02,10,486,17.7,88,1.1,3220,15.6,0.36,0.0,0.0,весна,нет,да
2018-05-02,11,206,18.0,85,1.1,4110,15.4,0.45,0.0,0.0,весна,нет,да
2018-05-02,12,63,17.3,95,0.7,1550,16.4,0.16,3.5,0.0,весна,нет,да
2018-05-02,13,327,17.2,96,0.9,2750,16.5,0.26,4.0,0.0,весна,нет,да
2018-05-02,14,376,17.5,94,0.3,4360,16.5,0.35,0.0,0.0,весна,нет,да
2018-05-02,15,143,17.0,90,3.7,2160,15.3,0.26,0.0,0.0,весна,нет,да
2018-05-02,16,400,15.4,95,4.7,3780,14.5,0.11,0.5,0.0,весна,нет,да
2018-05-02,17,813,13.9,94,2.6,3030,12.9,0.21,0.0,0.0,весна,нет,да
2018-05-02,18,518,13.6,89,2.3,6380,11.8,0.09,0.0,0.0,весна,нет,да
2018-05-02,19,131,12.6,93,3.9,8310,11.4,0.0,0.0,0.0,весна,нет,да
2018-05-02,20,123,11.1,91,4.0,7160,9.6,0.0,0.5,0.0,весна,нет,да
2018-05-02,21,327,10.5,94,2.8,16270,9.5,0.0,1.0,0.0,весна,нет,да
2018-05-02,22,299,10.4,85,3.7,16710,7.9,0.0,0.0,0.0,весна,нет,да
2018-05-02,23,294,9.5,90,3.6,10170,7.9,0.0,1.0,0.0,весна,нет,да
2018-05-03,0,361,8.7,86,3.1,20000,6.4,0.0,0.0,0.0,весна,нет,да
2018-05-03,1,323,7.9,86,2.1,20000,5.6,0.0,0.0,0.0,весна,нет,да
2018-05-03,2,251,7.3,86,1.7,20000,5.1,0.0,0.0,0.0,весна,нет,да
2018-05-03,3,156,7.0,86,1.2,20000,4.8,0.0,0.0,0.0,весна,нет,да
2018-05-03,4,109,7.0,87,1.3,20000,4.9,0.0,0.0,0.0,весна,нет,да
2018-05-03,5,163,7.0,85,0.8,20000,4.6,0.0,0.0,0.0,весна,нет,да
2018-05-03,6,469,7.9,86,2.0,10700,5.6,0.01,0.0,0.0,весна,нет,да
2018-05-03,7,1160,8.4,83,1.4,14000,5.6,0.31,0.0,0.0,весна,нет,да
2018-05-03,8,1946,10.5,67,2.3,12210,4.6,0.98,0.0,0.0,весна,нет,да
2018-05-03,9,1061,12.8,52,3.9,16140,3.1,1.65,0.0,0.0,весна,нет,да
2018-05-03,10,762,13.8,47,4.8,15610,2.6,1.64,0.0,0.0,весна,нет,да
2018-05-03,11,794,14.7,45,3.0,17990,2.8,1.68,0.0,0.0,весна,нет,да
2018-05-03,12,871,14.1,59,3.9,18700,6.1,1.12,0.0,0.0,весна,нет,да
2018-05-03,13,516,13.4,56,3.7,16930,4.7,0.82,0.1,0.0,весна,нет,да
2018-05-03,14,367,12.7,75,3.8,15100,8.3,0.88,0.4,0.0,весна,нет,да
2018-05-03,15,590,12.2,56,4.8,20000,3.6,0.57,0.5,0.0,весна,нет,да
2018-05-03,16,911,12.8,53,3.3,20000,3.4,0.76,0.0,0.0,весна,нет,да
2018-05-03,17,1421,13.2,49,4.2,19990,2.7,0.69,0.0,0.0,весна,нет,да
2018-05-03,18,2310,13.4,49,2.4,19820,2.8,0.6,0.0,0.0,весна,нет,да
2018-05-03,19,1663,13.3,49,3.6,19190,2.7,0.45,0.0,0.0,весна,нет,да
2018-05-03,20,1401,12.6,47,3.2,19350,1.5,0.02,0.0,0.0,весна,нет,да
2018-05-03,21,1388,11.9,48,1.9,19180,1.2,0.0,0.0,0.0,весна,нет,да
2018-05-03,22,1202,11.2,60,2.3,16840,3.7,0.0,0.0,0.0,весна,нет,да
2018-05-03,23,832,10.6,62,2.1,16940,3.6,0.0,0.0,0.0,весна,нет,да
2018-05-04,0,624,10.0,63,2.1,16530,3.2,0.0,0.0,0.0,весна,нет,да
2018-05-04,1,480,9.7,63,2.1,16100,2.9,0.0,0.0,0.0,весна,нет,да
2018-05-04,2,352,9.6,65,1.5,16540,3.3,0.0,0.0,0.0,весна,нет,да
2018-05-04,3,224,9.6,66,0.9,16850,3.5,0.0,0.0,0.0,весна,нет,да
2018-05-04,4,138,9.5,66,1.1,17370,3.4,0.0,0.0,0.0,весна,нет,да
2018-05-04,5,186,9.2,63,0.8,18960,2.5,0.0,0.0,0.0,весна,нет,да
2018-05-04,6,521,9.0,57,1.7,19030,0.9,0.0,0.0,0.0,весна,нет,да
2018-05-04,7,1260,9.5,55,2.1,19120,0.8,0.32,0.0,0.0,весна,нет,да
2018-05-04,8,2041,11.3,46,1.2,17880,0.0,1.04,0.0,0.0,весна,нет,да
2018-05-04,9,1155,14.1,42,1.9,18930,1.3,1.78,0.0,0.0,весна,нет,да
2018-05-04,10,864,16.1,37,2.9,16290,1.3,2.4,0.0,0.0,весна,нет,да
2018-05-04,11,1021,17.2,35,3.6,17310,1.5,2.93,0.0,0.0,весна,нет,да
2018-05-04,12,1206,17.9,32,4.6,18740,0.9,3.28,0.0,0.0,весна,нет,да
2018-05-04,13,1222,18.9,30,3.8,18540,0.9,3.39,0.0,0.0,весна,нет,да
2018-05-04,14,1266,18.8,31,4.9,19400,1.2,3.31,0.0,0.0,весна,нет,да
2018-05-04,15,1323,19.9,26,3.8,18980,-0.1,3.0,0.0,0.0,весна,нет,да
2018-05-04,16,1501,18.6,30,5.1,18910,0.6,2.49,0.0,0.0,весна,нет,да
2018-05-04,17,1857,18.1,30,4.6,19250,0.2,1.86,0.0,0.0,весна,нет,да
2018-05-04,18,2661,17.1,35,3.4,19610,1.4,1.11,0.0,0.0,весна,нет,да
2018-05-04,19,1890,15.5,46,2.6,17820,3.9,0.34,0.0,0.0,весна,нет,да
2018-05-04,20,1389,14.1,46,3.4,19400,2.6,0.01,0.0,0.0,весна,нет,да
2018-05-04,21,1298,13.3,47,1.9,18050,2.2,0.0,0.0,0.0,весна,нет,да
2018-05-04,22,1256,12.7,55,2.0,17750,3.8,0.0,0.0,0.0,весна,нет,да
2018-05-04,23,935,12.4,58,2.5,18430,4.3,0.0,0.0,0.0,весна,нет,да
2018-05-05,0,796,12.2,59,1.2,17180,4.4,0.0,0.0,0.0,весна,нет,да
2018-05-05,1,716,12.1,54,1.3,18200,3.0,0.0,0.0,0.0,весна,нет,да
2018-05-05,2,508,12.1,53,1.1,19480,2.7,0.0,0.0,0.0,весна,нет,да
2018-05-05,3,392,11.6,53,1.1,19040,2.3,0.0,0.0,0.0,весна,нет,да
2018-05-05,4,252,12.1,51,1.6,19390,2.2,0.0,0.0,0.0,весна,нет,да
2018-05-05,5,190,12.2,52,2.3,19610,2.6,0.0,0.0,0.0,весна,нет,да
2018-05-05,6,247,12.3,55,2.1,19720,3.5,0.02,0.0,0.0,весна,нет,да
2018-05-05,7,352,12.9,55,2.3,19520,4.0,0.29,0.0,0.0,весна,нет,да
2018-05-05,8,579,14.4,51,2.3,19070,4.3,0.92,0.0,0.0,весна,нет,да
2018-05-05,9,759,16.1,50,2.6,16280,5.6,1.52,0.0,0.0,весна,нет,да
2018-05-05,10,877,18.1,46,2.9,17550,6.2,2.17,0.0,0.0,весна,нет,да
2018-05-05,11,1024,20.2,41,3.1,17890,6.5,2.56,0.0,0.0,весна,нет,да
2018-05-05,12,1258,21.9,35,3.4,15860,5.7,2.74,0.0,0.0,весна,нет,да
2018-05-05,13,1408,22.7,35,3.4,17940,6.4,2.51,0.0,0.0,весна,нет,да
2018-05-05,14,1669,23.6,34,3.3,18290,6.8,2.57,0.0,0.0,весна,нет,да
2018-05-05,15,1837,23.8,29,4.7,18760,4.6,2.72,0.0,0.0,весна,нет,да
2018-05-05,16,1223,23.2,30,4.5,17870,4.6,1.49,0.0,0.0,весна,нет,да
2018-05-05,17,2014,23.6,29,3.9,19480,4.5,1.68,0.0,0.0,весна,нет,да
2018-05-05,18,1929,22.5,31,3.4,19530,4.5,0.79,0.0,0.0,весна,нет,да
2018-05-05,19,1753,20.7,47,3.5,19520,8.9,0.28,0.0,0.0,весна,нет,да
2018-05-05,20,1562,19.7,53,2.0,18410,9.8,0.0,0.0,0.0,весна,нет,да
2018-05-05,21,1551,19.3,57,3.1,19240,10.5,0.0,0.0,0.0,весна,нет,да
2018-05-05,22,1360,19.1,61,2.7,18300,11.3,0.0,0.0,0.0,весна,нет,да
2018-05-05,23,1097,19.1,62,3.6,17570,11.6,0.0,0.0,0.0,весна,нет,да
2018-05-06,0,733,18.7,64,3.3,16540,11.7,0.0,0.0,0.0,весна,нет,да
2018-05-06,1,181,18.2,71,1.6,13280,12.8,0.0,0.0,0.0,весна,нет,да
2018-05-06,2,74,17.3,82,2.1,7680,14.1,0.0,0.5,0.0,весна,нет,да
2018-05-06,3,43,16.2,94,1.7,4000,15.2,0.0,1.5,0.0,весна,нет,да
2018-05-06,4,16,15.8,93,0.4,2680,14.6,0.0,1.5,0.0,весна,нет,да
2018-05-06,5,11,15.4,96,0.3,2080,14.7,0.0,2.0,0.0,весна,нет,да
2018-05-06,6,7,15.1,97,0.3,2250,14.6,0.0,3.0,0.0,весна,нет,да
2018-05-06,7,16,15.1,97,0.5,3110,14.6,0.03,2.5,0.0,весна,нет,да
2018-05-06,8,16,15.2,97,1.0,4140,14.7,0.08,2.0,0.0,весна,нет,да
2018-05-06,9,12,15.4,97,0.8,4130,14.9,0.18,1.0,0.0,весна,нет,да
2018-05-06,10,13,15.4,97,0.6,3740,14.9,0.38,1.5,0.0,весна,нет,да
2018-05-06,11,10,15.5,97,0.8,4590,15.0,0.4,3.5,0.0,весна,нет,да
2018-05-06,12,71,15.7,96,1.1,5680,15.0,0.5,3.0,0.0,весна,нет,да
2018-05-06,13,211,16.4,94,0.9,19470,15.4,0.78,0.0,0.0,весна,нет,да
2018-05-06,14,384,17.2,85,1.3,20000,14.6,0.94,0.0,0.0,весна,нет,да
2018-05-06,15,770,17.8,77,1.6,20000,13.7,1.13,0.0,0.0,весна,нет,да
2018-05-06,16,1482,19.5,66,1.7,20000,12.9,1.71,0.0,0.0,весна,нет,да
2018-05-06,17,1737,20.2,62,1.1,20000,12.6,1.74,0.0,0.0,весна,нет,да
2018-05-06,18,1848,20.2,66,1.0,20000,13.6,1.1,0.0,0.0,весна,нет,да
2018-05-06,19,1639,19.0,70,0.7,20000,13.3,0.33,0.0,0.0,весна,нет,да
2018-05-06,20,1526,17.6,77,1.2,20000,13.5,0.01,0.0,0.0,весна,нет,да
2018-05-06,21,1450,16.8,79,0.6,20000,13.1,0.0,0.0,0.0,весна,нет,да
2018-05-06,22,1290,16.4,80,1.2,20000,12.9,0.0,0.0,0.0,весна,нет,да
2018-05-06,23,1016,15.9,83,0.6,20000,13.0,0.0,0.0,0.0,весна,нет,да
2018-05-07,0,778,15.5,85,0.9,20000,12.9,0.0,0.0,0.0,весна,нет,да
2018-05-07,1,609,15.1,84,0.3,18580,12.4,0.0,0.0,0.0,весна,нет,да
2018-05-07,2,404,14.8,85,0.4,18310,12.2,0.0,0.0,0.0,весна,нет,да
2018-05-07,3,249,14.7,82,0.8,18220,11.6,0.0,0.0,0.0,весна,нет,да
2018-05-07,4,185,14.4,85,0.8,14370,11.9,0.0,0.0,0.0,весна,нет,да
2018-05-07,5,170,14.2,85,0.5,14120,11.7,0.0,0.0,0.0,весна,нет,да
2018-05-07,6,221,14.0,87,0.8,13340,11.8,0.01,0.0,0.0,весна,нет,да
2018-05-07,7,389,14.2,81,0.3,19910,10.9,0.13,0.0,0.0,весна,нет,да
2018-05-07,8,600,14.8,80,0.3,19210,11.3,0.31,0.0,0.0,весна,нет,да
2018-05-07,9,737,15.9,72,0.5,18350,10.8,0.67,0.0,0.0,весна,нет,да
2018-05-07,10,895,17.5,63,0.6,19160,10.3,0.96,0.0,0.0,весна,нет,да
2018-05-07,11,1167,20.2,45,1.1,18940,7.8,2.33,0.0,0.0,весна,нет,да
2018-05-07,12,1414,22.9,35,0.8,19480,6.6,3.05,0.0,0.0,весна,нет,да
2018-05-07,13,1665,23.7,44,1.7,18970,10.7,2.35,0.0,0.0,весна,нет,да
2018-05-07,14,1970,24.1,42,1.2,17700,10.3,1.93,0.0,0.0,весна,нет,да
2018-05-07,15,2191,24.6,38,2.1,14780,9.3,1.85,0.0,0.0,весна,нет,да
2018-05-07,16,2213,24.5,38,2.2,19030,9.2,1.1,0.0,0.0,весна,нет,да
2018-05-07,17,2392,25.5,31,2.3,19740,7.1,1.5,0.0,0.0,весна,нет,да
2018-05-07,18,2268,25.1,32,2.4,18990,7.2,1.1,0.0,0.0,весна,нет,да
2018-05-07,19,1664,23.5,48,1.5,19290,11.8,0.4,0.0,0.0,весна,нет,да
2018-05-07,20,1912,20.9,61,2.7,15230,13.0,0.01,0.0,0.0,весна,нет,да
2018-05-07,21,1717,19.6,64,1.5,12970,12.5,0.0,0.0,0.0,весна,нет,да
2018-05-07,22,1336,18.6,69,1.7,10470,12.7,0.0,0.0,0.0,весна,нет,да
2018-05-07,23,994,17.5,69,1.5,9780,11.7,0.0,0.0,0.0,весна,нет,да
2018-05-08,0,712,16.4,72,0.8,10460,11.3,0.0,0.0,0.0,весна,нет,да
2018-05-08,1,430,16.0,64,1.0,16000,9.1,0.0,0.0,0.0,весна,нет,да
2018-05-08,2,287,15.5,65,1.3,19530,8.9,0.0,0.0,0.0,весна,нет,да
2018-05-08,3,194,15.6,63,1.7,20000,8.5,0.0,0.0,0.0,весна,нет,да
2018-05-08,4,155,15.4,63,1.6,20000,8.3,0.0,0.0,0.0,весна,нет,да
2018-05-08,5,200,15.0,64,1.6,20000,8.2,0.0,0.0,0.0,весна,нет,да
2018-05-08,6,555,14.8,64,1.5,20000,8.0,0.02,0.0,0.0,весна,нет,да
2018-05-08,7,1280,15.3,60,2.0,20000,7.5,0.35,0.0,0.0,весна,нет,да
2018-05-08,8,1976,16.9,54,1.7,20000,7.5,1.08,0.0,0.0,весна,нет,да
2018-05-08,9,1128,18.5,51,1.4,19550,8.1,1.74,0.0,0.0,весна,нет,да
2018-05-08,10,792,20.0,48,1.9,20000,8.6,2.46,0.0,0.0,весна,нет,да
2018-05-08,11,956,21.0,45,1.6,20000,8.6,2.89,0.0,0.0,весна,нет,да
2018-05-08,12,1135,21.5,44,2.1,19860,8.7,3.15,0.0,0.0,весна,нет,да
2018-05-08,13,1117,21.7,44,2.1,20000,8.9,2.46,0.0,0.0,весна,нет,да
2018-05-08,14,1096,22.2,42,1.7,20000,8.6,2.29,0.0,0.0,весна,нет,да
2018-05-08,15,1267,22.4,39,1.9,20000,7.7,2.16,0.0,0.0,весна,нет,да
2018-05-08,16,1457,22.0,41,1.7,20000,8.1,2.04,0.0,0.0,весна,нет,да
2018-05-08,17,2020,21.7,38,2.0,20000,6.7,1.17,0.0,0.0,весна,нет,да
2018-05-08,18,2142,20.7,40,1.4,20000,6.6,1.06,0.0,0.0,весна,нет,да
2018-05-08,19,2241,17.9,42,2.1,20000,4.7,0.37,0.0,0.0,весна,нет,да
2018-05-08,20,1726,15.8,47,1.8,20000,4.4,0.01,0.0,0.0,весна,нет,да
2018-05-08,21,1513,14.5,49,1.9,20000,3.8,0.0,0.0,0.0,весна,нет,да
2018-05-08,22,1283,13.2,54,2.2,20000,4.0,0.0,0.0,0.0,весна,нет,да
2018-05-08,23,767,12.2,57,1.9,20000,3.9,0.0,0.0,0.0,весна,нет,да
2018-05-09,0,552,11.6,57,1.9,20000,3.3,0.0,0.0,0.0,весна,нет,да
2018-05-09,1,34,11.3,58,1.3,20000,3.3,0.0,0.0,0.0,весна,нет,да
2018-05-09,2,245,10.9,59,1.1,20000,3.1,0.0,0.0,0.0,весна,нет,да
2018-05-09,3,187,10.5,59,1.0,20000,2.8,0.0,0.0,0.0,весна,нет,да
2018-05-09,4,114,10.0,64,1.5,20000,3.4,0.0,0.0,0.0,весна,нет,да
2018-05-09,5,203,9.5,65,0.9,20000,3.2,0.0,0.0,0.0,весна,нет,да
2018-05-09,6,556,9.2,64,1.0,20000,2.7,0.02,0.0,0.0,весна,нет,да
2018-05-09,7,1333,10.0,59,1.1,20000,2.3,0.36,0.0,0.0,весна,нет,да
2018-05-09,8,2068,12.3,53,1.6,20000,2.9,1.09,0.0,0.0,весна,нет,да
2018-05-09,9,928,14.4,46,1.2,18990,2.9,1.77,0.0,0.0,весна,нет,да
2018-05-09,10,954,16.1,43,1.4,19850,3.5,2.41,0.0,0.0,весна,нет,да
2018-05-09,11,1015,17.6,40,1.4,19550,3.8,2.88,0.0,0.0,весна,нет,да
2018-05-09,12,1242,18.7,39,1.9,19250,4.4,3.21,0.0,0.0,весна,нет,да
2018-05-09,13,1188,20.1,36,1.1,19330,4.5,3.34,0.0,0.0,весна,нет,да
2018-05-09,14,1186,20.7,36,2.2,17880,5.0,3.1,0.0,0.0,весна,нет,да
2018-05-09,15,1324,21.2,35,2.9,17330,5.1,2.88,0.0,0.0,весна,нет,да
2018-05-09,16,1603,21.4,35,2.7,18380,5.2,2.38,0.0,0.0,весна,нет,да
2018-05-09,17,2034,21.3,34,2.7,19670,4.7,1.82,0.0,0.0,весна,нет,да
2018-05-09,18,3130,20.6,41,2.3,20000,6.8,1.1,0.0,0.0,весна,нет,да
2018-05-09,19,2405,18.8,47,2.8,19880,7.2,0.4,0.0,0.0,весна,нет,да
2018-05-09,20,1979,17.3,53,1.9,20000,7.6,0.01,0.0,0.0,весна,нет,да
2018-05-09,21,1940,16.4,56,0.8,20000,7.5,0.0,0.0,0.0,весна,нет,да
2018-05-09,22,1602,15.9,60,2.6,20000,8.1,0.0,0.0,0.0,весна,нет,да
2018-05-09,23,1073,15.2,62,1.4,20000,7.9,0.0,0.0,0.0,весна,нет,да
2018-05-10,0,0,14.5,63,0.9,20000,7.5,0.0,0.0,0.0,весна,нет,нет
2018-05-10,1,0,13.9,66,1.0,19600,7.6,0.0,0.0,0.0,весна,нет,нет
2018-05-10,2,0,13.1,73,1.9,18950,8.3,0.0,0.0,0.0,весна,нет,нет
2018-05-10,3,0,12.9,74,1.7,16980,8.3,0.0,0.0,0.0,весна,нет,нет
2018-05-10,4,0,12.0,79,0.6,13510,8.4,0.0,0.0,0.0,весна,нет,нет
2018-05-10,5,0,11.5,80,0.9,9740,8.1,0.0,0.0,0.0,весна,нет,нет
2018-05-10,6,0,11.4,80,1.0,8850,8.0,0.02,0.0,0.0,весна,нет,нет
2018-05-10,7,0,12.1,71,1.6,8760,6.9,0.34,0.0,0.0,весна,нет,нет
2018-05-10,8,0,13.5,63,2.2,12110,6.5,1.01,0.0,0.0,весна,нет,нет
2018-05-10,9,0,15.5,55,1.7,13180,6.4,1.76,0.0,0.0,весна,нет,нет
2018-05-10,10,0,17.3,52,2.3,12350,7.3,2.38,0.0,0.0,весна,нет,нет
2018-05-10,11,0,18.3,51,3.1,10150,7.9,2.84,0.0,0.0,весна,нет,нет
2018-05-10,12,0,19.8,49,2.3,13200,8.7,3.17,0.0,0.0,весна,нет,нет
2018-05-10,13,0,20.7,46,2.9,10780,8.6,3.26,0.0,0.0,весна,нет,нет
2018-05-10,14,0,21.2,47,3.7,11420,9.4,3.22,0.0,0.0,весна,нет,нет
2018-05-10,15,0,20.4,51,4.0,9460,9.9,2.87,0.0,0.0,весна,нет,нет
2018-05-10,16,0,19.6,54,3.9,11540,10.0,2.41,0.0,0.0,весна,нет,нет
2018-05-10,17,0,19.2,54,3.4,10750,9.6,1.83,0.0,0.0,весна,нет,нет
2018-05-10,18,0,18.0,61,3.5,7900,10.3,1.05,0.0,0.0,весна,нет,нет
2018-05-10,19,0,15.5,74,3.6,6750,10.8,0.35,0.0,0.0,весна,нет,нет
2018-05-10,20,0,13.6,82,2.1,5200,10.5,0.02,0.0,0.0,весна,нет,нет
2018-05-10,21,0,12.6,85,2.4,4600,10.1,0.0,0.0,0.0,весна,нет,нет
2018-05-10,22,0,12.3,85,2.3,4520,9.8,0.0,0.0,0.0,весна,нет,нет
2018-05-10,23,0,12.4,85,1.1,3690,9.9,0.0,0.0,0.0,весна,нет,нет
2018-05-11,0,724,12.5,84,1.5,3340,9.8,0.0,0.0,0.0,весна,нет,да
2018-05-11,1,565,12.4,84,1.8,2870,9.7,0.0,0.0,0.0,весна,нет,да
2018-05-11,2,378,12.1,85,1.4,3210,9.6,0.0,0.0,0.0,весна,нет,да
2018-05-11,3,252,12.0,86,0.9,2970,9.7,0.0,0.0,0.0,весна,нет,да
2018-05-11,4,154,11.9,85,0.7,3150,9.4,0.0,0.0,0.0,весна,нет,да
2018-05-11,5,223,11.9,84,1.5,3580,9.2,0.0,0.0,0.0,весна,нет,да
2018-05-11,6,486,12.0,83,0.4,3210,9.1,0.01,0.0,0.0,весна,нет,да
2018-05-11,7,1156,12.4,82,1.0,3140,9.4,0.1,0.0,0.0,весна,нет,да
2018-05-11,8,1881,13.1,78,1.2,3300,9.3,0.41,0.0,0.0,весна,нет,да
2018-05-11,9,850,14.3,72,0.7,3420,9.3,0.84,0.0,0.0,весна,нет,да
2018-05-11,10,816,16.4,64,2.4,4230,9.5,2.05,0.0,0.0,весна,нет,да
2018-05-11,11,972,18.3,56,1.4,5190,9.3,2.53,0.0,0.0,весна,нет,да
2018-05-11,12,1161,20.0,47,1.4,6850,8.3,3.08,0.0,0.0,весна,нет,да
2018-05-11,13,1177,20.8,45,2.8,6880,8.4,3.17,0.0,0.0,весна,нет,да
2018-05-11,14,1174,21.0,47,2.2,6060,9.2,2.52,0.0,0.0,весна,нет,да
2018-05-11,15,1295,19.9,47,3.3,4840,8.2,1.83,0.0,0.0,весна,нет,да
2018-05-11,16,1496,19.1,54,3.2,5420,9.5,0.94,0.0,0.0,весна,нет,да
2018-05-11,17,1863,18.9,45,2.6,10840,6.6,0.8,0.0,0.0,весна,нет,да
2018-05-11,18,2701,17.9,37,3.1,18190,2.9,0.36,0.0,0.0,весна,нет,да
2018-05-11,19,1999,17.1,51,2.5,12230,6.8,0.06,0.0,0.0,весна,нет,да
2018-05-11,20,941,16.7,52,0.9,13280,6.7,0.0,0.0,0.0,весна,нет,да
2018-05-11,21,1644,16.4,52,1.5,12730,6.5,0.0,0.0,0.0,весна,нет,да
2018-05-11,22,1556,16.2,54,1.1,13270,6.8,0.0,0.0,0.0,весна,нет,да
2018-05-11,23,1185,16.2,50,1.6,13270,5.7,0.0,0.0,0.0,весна,нет,да
2018-05-12,0,862,16.1,54,1.3,10520,6.7,0.0,0.0,0.0,весна,нет,да
2018-05-12,1,669,15.9,51,1.8,8660,5.7,0.0,0.0,0.0,весна,нет,да
2018-05-12,2,416,15.5,62,1.0,7300,8.2,0.0,0.0,0.0,весна,нет,да
2018-05-12,3,358,15.2,63,0.5,7000,8.1,0.0,0.0,0.0,весна,нет,да
2018-05-12,4,207,15.0,61,0.8,8670,7.5,0.0,0.0,0.0,весна,нет,да
2018-05-12,5,70,15.0,61,1.2,9030,7.5,0.0,0.0,0.0,весна,нет,да
2018-05-12,6,37,14.4,71,1.3,5600,9.2,0.0,0.4,0.0,весна,нет,да
2018-05-12,7,43,13.3,81,1.5,5250,10.1,0.04,0.1,0.0,весна,нет,да
2018-05-12,8,20,12.0,87,1.0,2960,9.8,0.1,1.0,0.0,весна,нет,да
2018-05-12,9,16,11.8,95,1.0,1680,11.0,0.14,3.0,0.0,весна,нет,да
2018-05-12,10,6,11.8,96,1.3,2210,11.1,0.12,2.5,0.0,весна,нет,да
2018-05-12,11,18,12.0,96,1.0,1840,11.3,0.14,3.5,0.0,весна,нет,да
2018-05-12,12,11,12.3,97,0.8,2380,11.8,0.14,2.0,0.0,весна,нет,да
2018-05-12,13,19,12.6,97,0.6,3270,12.1,0.14,3.0,0.0,весна,нет,да
2018-05-12,14,22,13.0,97,0.8,2110,12.5,0.15,2.0,0.0,весна,нет,да
2018-05-12,15,17,13.3,97,0.8,1940,12.8,0.12,3.0,0.0,весна,нет,да
2018-05-12,16,34,13.8,97,0.7,1960,13.3,0.12,1.5,0.0,весна,нет,да
2018-05-12,17,24,14.3,98,0.7,2700,13.9,0.08,1.5,0.0,весна,нет,да
2018-05-12,18,22,15.4,97,1.9,3400,14.9,0.03,2.0,0.0,весна,нет,да
2018-05-12,19,29,15.5,97,0.7,4030,15.0,0.0,2.0,0.0,весна,нет,да
2018-05-12,20,29,15.7,97,0.3,3430,15.2,0.0,1.0,0.0,весна,нет,да
2018-05-12,21,25,15.8,97,0.6,1930,15.3,0.0,0.5,0.0,весна,нет,да
2018-05-12,22,30,15.8,98,0.4,1790,15.4,0.0,1.5,0.0,весна,нет,да
2018-05-12,23,50,15.8,98,1.6,2350,15.4,0.0,1.0,0.0,весна,нет,да
2018-05-13,0,145,15.5,97,1.5,1810,15.0,0.0,0.5,0.0,весна,нет,да
2018-05-13,1,178,15.1,97,1.7,1730,14.6,0.0,0.2,0.0,весна,нет,да
2018-05-13,2,189,14.5,97,2.9,3590,14.0,0.0,0.1,0.0,весна,нет,да
2018-05-13,3,141,14.2,98,1.5,1350,13.8,0.0,0.2,0.0,весна,нет,да
2018-05-13,4,83,13.8,98,2.9,270,13.4,0.0,0.0,0.0,весна,нет,да
2018-05-13,5,72,13.5,98,0.8,1050,13.1,0.0,0.0,0.0,весна,нет,да
2018-05-13,6,139,13.5,98,0.4,2510,13.1,0.01,0.0,0.0,весна,нет,да
2018-05-13,7,220,13.7,98,1.6,4680,13.3,0.1,0.0,0.0,весна,нет,да
2018-05-13,8,397,14.1,98,1.3,8340,13.7,0.26,0.0,0.0,весна,нет,да
2018-05-13,9,579,14.8,95,1.0,9860,14.0,0.53,0.0,0.0,весна,нет,да
2018-05-13,10,716,15.2,88,2.2,10900,13.2,0.55,0.0,0.0,весна,нет,да
2018-05-13,11,993,16.4,78,1.6,12090,12.5,1.37,0.0,0.0,весна,нет,да
2018-05-13,12,1434,18.3,65,1.2,14890,11.5,2.4,0.0,0.0,весна,нет,да
2018-05-13,13,1839,19.1,65,1.9,11450,12.3,2.26,0.0,0.0,весна,нет,да
2018-05-13,14,2055,19.7,64,2.9,9290,12.6,1.99,0.0,0.0,весна,нет,да
2018-05-13,15,2329,19.7,63,2.5,9410,12.4,2.01,0.0,0.0,весна,нет,да
2018-05-13,16,2379,19.5,65,2.9,8570,12.7,1.97,0.0,0.0,весна,нет,да
2018-05-13,17,2410,19.4,63,2.6,10990,12.1,1.61,0.0,0.0,весна,нет,да
2018-05-13,18,2338,19.0,66,1.3,11110,12.4,0.95,0.0,0.0,весна,нет,да
2018-05-13,19,2023,17.6,73,2.0,8860,12.6,0.34,0.0,0.0,весна,нет,да
2018-05-13,20,1714,15.6,81,2.3,8270,12.3,0.02,0.0,0.0,весна,нет,да
2018-05-13,21,1571,14.1,86,0.9,5350,11.7,0.0,0.0,0.0,весна,нет,да
2018-05-13,22,1155,13.5,87,2.2,4330,11.3,0.0,0.0,0.0,весна,нет,да
2018-05-13,23,814,13.0,89,1.3,3260,11.2,0.0,0.0,0.0,весна,нет,да
2018-05-14,0,581,12.7,89,1.2,3400,10.9,0.0,0.0,0.0,весна,нет,да
2018-05-14,1,377,12.4,94,1.3,3070,11.4,0.0,0.0,0.0,весна,нет,да
2018-05-14,2,241,12.1,94,1.6,1910,11.1,0.0,0.0,0.0,весна,нет,да
2018-05-14,3,167,11.9,95,1.5,1800,11.1,0.0,0.0,0.0,весна,нет,да
2018-05-14,4,121,11.9,94,1.3,2100,10.9,0.0,0.0,0.0,весна,нет,да
2018-05-14,5,199,11.9,93,0.8,2410,10.7,0.0,0.0,0.0,весна,нет,да
2018-05-14,6,552,12.1,89,0.3,2520,10.3,0.02,0.0,0.0,весна,нет,да
2018-05-14,7,1251,12.6,85,0.4,2920,10.1,0.23,0.0,0.0,весна,нет,да
2018-05-14,8,1997,13.8,79,0.9,3130,10.2,0.44,0.0,0.0,весна,нет,да
2018-05-14,9,1106,15.1,74,0.6,4370,10.4,0.76,0.0,0.0,весна,нет,да
2018-05-14,10,779,16.6,67,0.9,4790,10.4,1.23,0.0,0.0,весна,нет,да
2018-05-14,11,946,18.5,65,1.4,4630,11.7,2.07,0.0,0.0,весна,нет,да
2018-05-14,12,1095,20.0,62,1.8,4280,12.4,2.38,0.0,0.0,весна,нет,да
2018-05-14,13,1051,21.8,59,1.9,4040,13.4,2.74,0.0,0.0,весна,нет,да
2018-05-14,14,1124,23.1,56,1.6,3910,13.8,2.67,0.0,0.0,весна,нет,да
2018-05-14,15,1171,24.0,59,1.6,3530,15.4,2.24,0.0,0.0,весна,нет,да
2018-05-14,16,1433,24.3,54,2.6,3460,14.3,1.81,0.0,0.0,весна,нет,да
2018-05-14,17,1891,24.4,51,1.9,4660,13.5,1.42,0.0,0.0,весна,нет,да
2018-05-14,18,2906,23.6,48,3.1,6660,11.9,0.85,0.0,0.0,весна,нет,да
2018-05-14,19,2236,22.7,56,1.8,5980,13.4,0.31,0.0,0.0,весна,нет,да
2018-05-14,20,1965,21.4,64,2.1,4110,14.3,0.02,0.0,0.0,весна,нет,да
2018-05-14,21,1885,20.5,67,1.4,3570,14.1,0.0,0.0,0.0,весна,нет,да
2018-05-14,22,1648,19.6,71,0.6,3250,14.1,0.0,0.0,0.0,весна,нет,да
2018-05-14,23,1071,18.8,73,0.8,2910,13.8,0.0,0.0,0.0,весна,нет,да
2018-05-15,0,764,18.1,77,0.5,2870,13.9,0.0,0.0,0.0,весна,нет,да
2018-05-15,1,563,17.5,78,0.6,2770,13.6,0.0,0.0,0.0,весна,нет,да
2018-05-15,2,372,17.1,74,0.4,3500,12.4,0.0,0.0,0.0,весна,нет,да
2018-05-15,3,241,16.6,74,0.4,4020,11.9,0.0,0.0,0.0,весна,нет,да
2018-05-15,4,170,16.1,74,0.8,4400,11.4,0.0,0.0,0.0,весна,нет,да
2018-05-15,5,182,15.7,76,0.6,3300,11.4,0.0,0.0,0.0,весна,нет,да
2018-05-15,6,562,15.4,84,0.8,2350,12.7,0.03,0.0,0.0,весна,нет,да
2018-05-15,7,1239,16.2,79,1.2,2390,12.5,0.36,0.0,0.0,весна,нет,да
2018-05-15,8,2059,18.4,68,1.1,2540,12.3,0.88,0.0,0.0,весна,нет,да
2018-05-15,9,1148,20.8,53,0.8,3810,10.8,1.58,0.0,0.0,весна,нет,да
2018-05-15,10,832,22.7,37,0.9,8790,7.2,2.18,0.0,0.0,весна,нет,да
2018-05-15,11,944,24.8,36,1.8,9730,8.7,2.7,0.0,0.0,весна,нет,да
2018-05-15,12,1058,26.3,36,1.1,11330,10.0,2.88,0.0,0.0,весна,нет,да
2018-05-15,13,1080,27.8,34,1.5,13060,10.4,3.14,0.0,0.0,весна,нет,да
2018-05-15,14,1092,28.5,33,0.9,13480,10.6,2.51,0.0,0.0,весна,нет,да
2018-05-15,15,1210,29.1,38,1.7,16020,13.3,1.89,0.0,0.0,весна,нет,да
2018-05-15,16,1458,28.8,37,2.4,16290,12.6,1.44,0.0,0.0,весна,нет,да
2018-05-15,17,1951,28.5,43,1.7,14040,14.6,1.06,0.0,0.0,весна,нет,да
2018-05-15,18,2915,27.5,47,2.5,11130,15.1,0.43,0.0,0.0,весна,нет,да
2018-05-15,19,2248,26.9,49,0.9,10630,15.2,0.1,0.0,0.0,весна,нет,да
2018-05-15,20,1958,26.3,53,1.0,9080,15.9,0.0,0.0,0.0,весна,нет,да
2018-05-15,21,1944,25.6,56,0.7,8840,16.1,0.0,0.0,0.0,весна,нет,да
2018-05-15,22,1640,25.0,59,0.6,7420,16.4,0.0,0.0,0.0,весна,нет,да
2018-05-15,23,848,24.8,60,1.0,7950,16.5,0.0,0.0,0.0,весна,нет,да
2018-05-16,0,662,24.4,63,0.8,7450,16.8,0.0,0.0,0.0,весна,нет,да
2018-05-16,1,502,24.1,67,0.5,6860,17.5,0.0,0.0,0.0,весна,нет,да
2018-05-16,2,145,23.9,69,0.3,5310,17.8,0.0,0.2,0.0,весна,нет,да
2018-05-16,3,166,22.6,89,0.7,3270,20.6,0.0,0.8,0.0,весна,нет,да
2018-05-16,4,124,22.3,86,0.5,3870,19.8,0.0,0.0,0.0,весна,нет,да
2018-05-16,5,52,22.3,87,0.6,3990,20.0,0.0,0.0,0.0,весна,нет,да
2018-05-16,6,135,22.1,94,0.9,2690,21.0,0.0,2.0,0.0,весна,нет,да
2018-05-16,7,367,22.0,95,0.7,3420,21.1,0.0,0.0,0.0,весна,нет,да
2018-05-16,8,291,22.4,93,1.2,6830,21.2,0.04,0.0,0.0,весна,нет,да
2018-05-16,9,97,22.8,93,3.1,5690,21.6,0.06,4.0,0.0,весна,нет,да
2018-05-16,10,81,22.8,95,1.7,1760,21.9,0.05,1.0,0.0,весна,нет,да
2018-05-16,11,243,22.7,93,4.8,8320,21.5,0.17,0.0,0.0,весна,нет,да
2018-05-16,12,59,22.9,87,4.0,14970,20.6,0.22,0.0,0.0,весна,нет,да
2018-05-16,13,151,21.8,97,2.4,6820,21.2,0.06,35.0,0.0,весна,нет,да
2018-05-16,14,248,22.0,96,2.9,13270,21.3,0.39,0.0,0.0,весна,нет,да
2018-05-16,15,240,22.0,96,2.9,3130,21.3,0.2,0.0,0.0,весна,нет,да
2018-05-16,16,223,21.8,97,1.8,2060,21.2,0.18,0.0,0.0,весна,нет,да
2018-05-16,17,304,21.9,97,3.2,2070,21.3,0.14,0.5,0.0,весна,нет,да
2018-05-16,18,562,21.9,97,2.1,1910,21.3,0.08,0.0,0.0,весна,нет,да
2018-05-16,19,404,21.9,97,2.2,1960,21.3,0.01,0.0,0.0,весна,нет,да
2018-05-16,20,338,21.8,97,2.2,1560,21.2,0.0,0.5,0.0,весна,нет,да
2018-05-16,21,398,21.8,97,1.3,1600,21.2,0.0,0.5,0.0,весна,нет,да
2018-05-16,22,399,21.9,97,1.5,1640,21.3,0.0,0.0,0.0,весна,нет,да
2018-05-16,23,225,22.0,97,0.9,1580,21.4,0.0,0.0,0.0,весна,нет,да
2018-05-17,0,118,22.0,97,1.6,1520,21.4,0.0,0.5,0.0,весна,нет,да
2018-05-17,1,144,22.0,97,2.1,1920,21.4,0.0,0.5,0.0,весна,нет,да
2018-05-17,2,78,21.8,97,1.3,1750,21.2,0.0,1.0,0.0,весна,нет,да
2018-05-17,3,38,21.8,98,0.6,1130,21.4,0.0,2.5,0.0,весна,нет,да
2018-05-17,4,51,19.2,98,2.4,19650,18.8,0.0,19.0,0.0,весна,нет,да
2018-05-17,5,54,18.8,97,0.9,19270,18.3,0.0,0.0,0.0,весна,нет,да
2018-05-17,6,69,18.9,98,0.3,3380,18.5,0.0,0.0,0.0,весна,нет,да
2018-05-17,7,80,19.1,98,0.3,1250,18.7,0.0,0.0,0.0,весна,нет,да
2018-05-17,8,152,19.7,98,0.5,19580,19.3,0.12,13.5,0.0,весна,нет,да
2018-05-17,9,28,19.7,98,0.5,6590,19.3,0.05,10.0,0.0,весна,нет,да
2018-05-17,10,141,20.1,98,1.2,8850,19.7,0.13,2.0,0.0,весна,нет,да
2018-05-17,11,182,20.4,98,0.9,3000,20.0,0.25,2.5,0.0,весна,нет,да
2018-05-17,12,467,21.7,96,0.8,17730,21.0,0.81,1.5,0.0,весна,нет,да
2018-05-17,13,592,23.4,83,1.7,19440,20.3,1.5,0.0,0.0,весна,нет,да
2018-05-17,14,352,23.4,81,0.6,19210,19.9,0.5,0.0,0.0,весна,нет,да
2018-05-17,15,186,22.8,95,1.6,2940,21.9,0.11,0.5,0.0,весна,нет,да
2018-05-17,16,102,22.9,95,0.4,3850,22.0,0.31,0.0,0.0,весна,нет,да
2018-05-17,17,131,22.7,96,0.4,2490,22.0,0.11,2.5,0.0,весна,нет,да
2018-05-17,18,431,22.6,97,1.1,3040,22.0,0.07,1.5,0.0,весна,нет,да
2018-05-17,19,29,22.3,96,2.6,1910,21.6,0.0,0.0,0.0,весна,нет,да
2018-05-17,20,17,21.3,97,2.8,3880,20.7,0.0,12.5,0.0,весна,нет,да
2018-05-17,21,18,20.5,97,1.1,7260,20.0,0.0,4.0,0.0,весна,нет,да
2018-05-17,22,26,20.2,98,0.5,4680,19.8,0.0,6.0,0.0,весна,нет,да
2018-05-17,23,35,20.0,98,1.8,5890,19.6,0.0,2.5,0.0,весна,нет,да
2018-05-18,0,129,19.3,97,1.8,5230,18.8,0.0,1.0,0.0,весна,нет,да
2018-05-18,1,116,19.0,97,1.5,2780,18.5,0.0,1.0,0.0,весна,нет,да
2018-05-18,2,48,18.8,98,1.5,2370,18.4,0.0,0.5,0.0,весна,нет,да
2018-05-18,3,47,18.3,98,1.6,3200,17.9,0.0,2.0,0.0,весна,нет,да
2018-05-18,4,22,18.1,98,1.7,2230,17.7,0.0,1.0,0.0,весна,нет,да
2018-05-18,5,29,17.8,98,1.0,4570,17.4,0.0,0.5,0.0,весна,нет,да
2018-05-18,6,77,17.4,98,0.3,2340,17.0,0.0,0.0,0.0,весна,нет,да
2018-05-18,7,210,16.6,98,0.6,2190,16.2,0.01,0.5,0.0,весна,нет,да
2018-05-18,8,400,16.4,98,0.3,5140,16.0,0.11,0.0,0.0,весна,нет,да
2018-05-18,9,427,16.6,98,0.6,3010,16.2,0.18,0.5,0.0,весна,нет,да
2018-05-18,10,454,16.3,97,1.0,6930,15.8,0.37,0.0,0.0,весна,нет,да
2018-05-18,11,352,16.6,96,0.7,5390,15.9,0.41,0.0,0.0,весна,нет,да
2018-05-18,12,185,16.6,96,0.8,4300,15.9,0.34,0.0,0.0,весна,нет,да
2018-05-18,13,509,16.7,93,1.0,13730,15.5,0.72,0.5,0.0,весна,нет,да
2018-05-18,14,697,16.7,88,1.5,17600,14.6,0.72,0.0,0.0,весна,нет,да
2018-05-18,15,906,16.7,85,1.2,20000,14.1,0.49,0.0,0.0,весна,нет,да
2018-05-18,16,1182,17.0,82,1.9,20000,13.8,0.84,0.0,0.0,весна,нет,да
2018-05-18,17,1551,17.2,81,1.2,20000,13.9,0.57,0.0,0.0,весна,нет,да
2018-05-18,18,2261,17.5,79,1.5,20000,13.8,0.57,0.0,0.0,весна,нет,да
2018-05-18,19,1751,17.0,76,1.5,20000,12.7,0.29,0.0,0.0,весна,нет,да
2018-05-18,20,1386,16.2,76,2.1,20000,11.9,0.02,0.0,0.0,весна,нет,да
2018-05-18,21,1263,15.3,73,2.3,20000,10.4,0.0,0.0,0.0,весна,нет,да
2018-05-18,22,1221,14.2,73,1.9,20000,9.4,0.0,0.0,0.0,весна,нет,да
2018-05-18,23,864,13.2,68,1.8,20000,7.4,0.0,0.0,0.0,весна,нет,да
2018-05-19,0,689,12.2,67,1.2,20000,6.2,0.0,0.0,0.0,весна,нет,да
2018-05-19,1,676,11.4,74,1.3,20000,6.9,0.0,0.0,0.0,весна,нет,да
2018-05-19,2,526,11.1,74,1.9,20000,6.6,0.0,0.0,0.0,весна,нет,да
2018-05-19,3,320,10.7,73,1.3,20000,6.0,0.0,0.0,0.0,весна,нет,да
2018-05-19,4,213,10.5,73,1.2,20000,5.8,0.0,0.0,0.0,весна,нет,да
2018-05-19,5,198,10.4,71,1.1,20000,5.3,0.0,0.0,0.0,весна,нет,да
2018-05-19,6,234,10.5,70,1.0,20000,5.2,0.03,0.0,0.0,весна,нет,да
2018-05-19,7,436,11.4,0,1.4,20000,4.5,0.46,0.0,0.0,весна,нет,да
2018-05-19,8,766,13.7,57,1.4,20000,5.3,1.28,0.0,0.0,весна,нет,да
2018-05-19,9,932,15.7,49,1.6,20000,5.0,2.0,0.0,0.0,весна,нет,да
2018-05-19,10,1051,17.2,45,2.1,20000,5.1,2.61,0.0,0.0,весна,нет,да
2018-05-19,11,1290,19.0,44,1.4,20000,6.4,3.12,0.0,0.0,весна,нет,да
2018-05-19,12,1573,20.5,42,2.1,20000,7.1,3.42,0.0,0.0,весна,нет,да
2018-05-19,13,1865,21.9,39,2.0,20000,7.3,3.52,0.0,0.0,весна,нет,да
2018-05-19,14,2128,22.8,39,2.6,19830,8.1,3.39,0.0,0.0,весна,нет,да
2018-05-19,15,2268,23.9,37,1.6,20000,8.3,3.07,0.0,0.0,весна,нет,да
2018-05-19,16,2479,24.5,34,1.5,20000,7.5,2.54,0.0,0.0,весна,нет,да
2018-05-19,17,2355,24.5,35,1.8,19270,8.0,1.93,0.0,0.0,весна,нет,да
2018-05-19,18,2439,24.0,34,1.7,20000,7.1,1.22,0.0,0.0,весна,нет,да
2018-05-19,19,2140,22.6,34,1.5,20000,5.9,0.51,0.0,0.0,весна,нет,да
2018-05-19,20,1872,20.9,34,1.4,20000,4.4,0.03,0.0,0.0,весна,нет,да
2018-05-19,21,1780,19.5,34,1.3,20000,3.2,0.0,0.0,0.0,весна,нет,да
2018-05-19,22,1595,18.4,34,1.2,20000,2.2,0.0,0.0,0.0,весна,нет,да
2018-05-19,23,1169,17.1,37,1.3,20000,2.2,0.0,0.0,0.0,весна,нет,да
2018-05-20,0,986,15.8,41,1.2,20000,2.5,0.0,0.0,0.0,весна,нет,да
2018-05-20,1,713,14.7,43,1.2,20000,2.2,0.0,0.0,0.0,весна,нет,да
2018-05-20,2,473,13.9,43,0.9,20000,1.5,0.0,0.0,0.0,весна,нет,да
2018-05-20,3,347,13.5,41,1.0,20000,0.4,0.0,0.0,0.0,весна,нет,да
2018-05-20,4,205,12.8,44,0.8,20000,0.8,0.0,0.0,0.0,весна,нет,да
2018-05-20,5,160,12.1,47,1.6,20000,1.1,0.0,0.0,0.0,весна,нет,да
2018-05-20,6,190,11.6,46,0.8,20000,0.3,0.05,0.0,0.0,весна,нет,да
2018-05-20,7,341,12.3,43,0.6,20000,0.0,0.3,0.0,0.0,весна,нет,да
2018-05-20,8,524,14.1,38,1.0,20000,0.0,0.72,0.0,0.0,весна,нет,да
2018-05-20,9,676,16.0,34,1.3,20000,0.1,1.0,0.0,0.0,весна,нет,да
2018-05-20,10,899,17.0,37,1.4,20000,2.1,0.94,0.0,0.0,весна,нет,да
2018-05-20,11,1013,18.7,30,1.9,20000,0.7,1.66,0.0,0.0,весна,нет,да
2018-05-20,12,1313,18.8,31,1.2,20000,1.2,0.92,0.0,0.0,весна,нет,да
2018-05-20,13,1559,19.9,33,1.4,20000,3.1,1.28,0.0,0.0,весна,нет,да
2018-05-20,14,1680,20.3,30,1.8,20000,2.1,1.01,0.0,0.0,весна,нет,да
2018-05-20,15,1999,21.0,28,1.7,20000,1.7,1.16,0.0,0.0,весна,нет,да
2018-05-20,16,2143,22.2,23,2.2,20000,0.0,1.66,0.0,0.0,весна,нет,да
2018-05-20,17,2310,22.4,23,2.4,20000,0.2,1.89,0.0,0.0,весна,нет,да
2018-05-20,18,2403,22.2,22,1.8,20000,-0.5,1.25,0.0,0.0,весна,нет,да
2018-05-20,19,2145,20.8,24,2.0,20000,-0.5,0.56,0.0,0.0,весна,нет,да
2018-05-20,20,1846,19.0,26,1.5,20000,-0.9,0.02,0.0,0.0,весна,нет,да
2018-05-20,21,1636,17.8,26,1.3,20000,-1.9,0.0,0.0,0.0,весна,нет,да
2018-05-20,22,1325,16.8,29,1.2,20000,-1.3,0.0,0.0,0.0,весна,нет,да
2018-05-20,23,943,15.8,30,1.1,20000,-1.7,0.0,0.0,0.0,весна,нет,да
2018-05-21,0,666,15.3,29,1.3,20000,-2.6,0.0,0.0,0.0,весна,нет,да
2018-05-21,1,420,14.5,31,1.1,20000,-2.4,0.0,0.0,0.0,весна,нет,да
2018-05-21,2,262,13.9,0,0.9,20000,-2.1,0.0,0.0,0.0,весна,нет,да
2018-05-21,3,165,13.0,0,0.8,20000,-2.5,0.0,0.0,0.0,весна,нет,да
2018-05-21,4,113,12.4,0,0.8,20000,-3.4,0.0,0.0,0.0,весна,нет,да
2018-05-21,5,200,11.9,0,1.3,20000,-2.7,0.0,0.0,0.0,весна,нет,да
2018-05-21,6,467,11.4,0,0.9,20000,-2.0,0.03,0.0,0.0,весна,нет,да
2018-05-21,7,1135,12.3,0,0.9,19890,-2.7,0.48,0.0,0.0,весна,нет,да
2018-05-21,8,1785,15.3,30,1.3,20000,-2.2,1.3,0.0,0.0,весна,нет,да
2018-05-21,9,1118,17.7,27,1.3,20000,-1.5,2.02,0.0,0.0,весна,нет,да
2018-05-21,10,962,19.3,27,1.4,20000,-0.1,2.63,0.0,0.0,весна,нет,да
2018-05-21,11,1129,20.9,27,1.7,20000,1.1,3.11,0.0,0.0,весна,нет,да
2018-05-21,12,1373,21.8,31,2.1,20000,3.9,3.39,0.0,0.0,весна,нет,да
2018-05-21,13,1456,22.8,31,1.9,19230,4.7,3.49,0.0,0.0,весна,нет,да
2018-05-21,14,1483,23.4,36,2.8,19470,7.4,3.11,0.0,0.0,весна,нет,да
2018-05-21,15,1612,23.3,38,1.5,19630,8.1,2.13,0.0,0.0,весна,нет,да
2018-05-21,16,1820,22.7,42,1.9,20000,9.1,1.13,0.0,0.0,весна,нет,да
2018-05-21,17,2214,22.2,45,2.4,20000,9.6,0.83,0.0,0.0,весна,нет,да
2018-05-21,18,3069,21.6,48,2.5,18840,10.1,0.61,0.0,0.0,весна,нет,да
2018-05-21,19,2450,19.5,56,1.6,16000,10.4,0.29,0.0,0.0,весна,нет,да
2018-05-21,20,2167,18.4,59,2.6,14760,10.2,0.04,0.0,0.0,весна,нет,да
2018-05-21,21,2065,17.7,63,0.5,13240,10.5,0.0,0.0,0.0,весна,нет,да
2018-05-21,22,1832,16.9,65,0.3,12810,10.2,0.0,0.0,0.0,весна,нет,да
2018-05-21,23,1273,16.3,70,0.7,12930,10.8,0.0,0.0,0.0,весна,нет,да
2018-05-22,0,957,16.0,71,0.5,12990,10.7,0.0,0.0,0.0,весна,да,да
2018-05-22,1,810,15.9,71,1.1,13120,10.6,0.0,0.0,0.0,весна,да,да
2018-05-22,2,590,15.7,74,1.0,13130,11.0,0.0,0.0,0.0,весна,да,да
2018-05-22,3,406,15.5,0,0.7,14200,10.4,0.0,0.0,0.0,весна,да,да
2018-05-22,4,248,15.6,0,0.5,15020,10.5,0.0,0.0,0.0,весна,да,да
2018-05-22,5,182,15.7,0,0.6,16100,10.6,0.0,0.0,0.0,весна,да,да
2018-05-22,6,277,15.5,0,0.5,16910,10.4,0.06,0.0,0.0,весна,да,да
2018-05-22,7,443,16.3,69,0.7,17500,10.5,0.34,0.0,0.0,весна,да,да
2018-05-22,8,694,18.2,63,0.8,17310,11.0,1.0,0.0,0.0,весна,да,да
2018-05-22,9,912,19.3,62,0.8,18940,11.8,1.14,0.0,0.0,весна,да,да
2018-05-22,10,1119,20.7,55,1.8,16980,11.3,1.43,0.0,0.0,весна,да,да
2018-05-22,11,1438,21.9,55,1.4,18200,12.4,1.87,0.0,0.0,весна,да,да
2018-05-22,12,1798,22.9,51,1.1,15910,12.2,1.8,0.0,0.0,весна,да,да
2018-05-22,13,2000,22.7,52,1.0,13990,12.3,0.94,0.0,0.0,весна,да,да
2018-05-22,14,1407,22.8,53,1.4,16300,12.7,0.98,0.0,0.0,весна,да,да
2018-05-22,15,163,21.1,72,2.7,6630,15.8,0.31,0.1,0.0,весна,да,да
2018-05-22,16,86,19.5,80,1.2,5530,15.9,0.53,0.4,0.0,весна,да,да
2018-05-22,17,50,18.6,84,1.8,4990,15.8,0.28,1.0,0.0,весна,да,да
2018-05-22,18,30,17.9,93,1.2,2580,16.7,0.13,2.0,0.0,весна,да,да
2018-05-22,19,45,17.6,93,0.3,3310,16.4,0.06,1.5,0.0,весна,да,да
2018-05-22,20,30,17.2,85,1.4,4670,14.6,0.0,0.5,0.0,весна,да,да
2018-05-22,21,58,17.0,85,1.1,5970,14.4,0.0,0.5,0.0,весна,да,да
2018-05-22,22,29,16.8,87,0.6,4470,14.6,0.0,0.5,0.0,весна,да,да
2018-05-22,23,18,16.3,96,1.1,1980,15.6,0.0,2.5,0.0,весна,да,да
2018-05-23,0,32,15.8,97,2.4,1810,15.3,0.0,3.5,0.0,весна,нет,да
2018-05-23,1,25,15.3,97,3.2,1780,14.8,0.0,3.0,0.0,весна,нет,да
2018-05-23,2,34,15.0,97,2.5,2360,14.5,0.0,3.0,0.0,весна,нет,да
2018-05-23,3,43,14.9,96,2.2,6360,14.2,0.0,0.5,0.0,весна,нет,да
2018-05-23,4,59,15.0,97,1.4,18270,14.5,0.0,0.0,0.0,весна,нет,да
2018-05-23,5,152,14.6,87,2.2,20000,12.4,0.0,0.0,0.0,весна,нет,да
2018-05-23,6,436,13.9,83,3.2,20000,11.0,0.04,0.0,0.0,весна,нет,да
2018-05-23,7,1241,13.6,75,1.6,19870,9.2,0.47,0.0,0.0,весна,нет,да
2018-05-23,8,2035,14.6,70,3.1,20000,9.1,1.28,0.0,0.0,весна,нет,да
2018-05-23,9,1125,16.0,60,1.9,19920,8.2,1.98,0.0,0.0,весна,нет,да
2018-05-23,10,871,17.9,56,3.3,19190,8.9,2.63,0.0,0.0,весна,нет,да
2018-05-23,11,1012,18.9,42,3.8,20000,5.6,3.13,0.0,0.0,весна,нет,да
2018-05-23,12,1216,20.1,37,4.0,19100,4.9,3.44,0.0,0.0,весна,нет,да
2018-05-23,13,1167,20.9,33,3.9,18530,4.0,3.52,0.0,0.0,весна,нет,да
2018-05-23,14,1183,22.0,33,3.4,19660,4.9,3.41,0.0,0.0,весна,нет,да
2018-05-23,15,1332,23.0,29,2.9,18760,3.9,3.11,0.0,0.0,весна,нет,да
2018-05-23,16,1563,23.0,33,4.2,18800,5.8,2.57,0.0,0.0,весна,нет,да
2018-05-23,17,2069,22.4,39,3.2,19430,7.7,1.9,0.0,0.0,весна,нет,да
2018-05-23,18,3123,21.7,40,3.5,19870,7.4,1.18,0.0,0.0,весна,нет,да
2018-05-23,19,2454,18.8,52,3.4,20000,8.7,0.49,0.0,0.0,весна,нет,да
2018-05-23,20,2001,16.7,61,1.9,20000,9.1,0.05,0.0,0.0,весна,нет,да
2018-05-23,21,1833,15.4,61,1.1,19590,7.9,0.0,0.0,0.0,весна,нет,да
2018-05-23,22,1588,14.8,59,1.0,17400,6.8,0.0,0.0,0.0,весна,нет,да
2018-05-23,23,1080,14.6,54,1.5,15960,5.3,0.0,0.0,0.0,весна,нет,да
2018-05-24,0,778,13.7,51,1.3,16510,3.7,0.0,0.0,0.0,весна,нет,да
2018-05-24,1,578,12.9,62,0.6,15570,5.7,0.0,0.0,0.0,весна,нет,да
2018-05-24,2,385,12.5,54,0.7,15000,3.4,0.0,0.0,0.0,весна,нет,да
2018-05-24,3,265,12.1,64,0.8,15380,5.4,0.0,0.0,0.0,весна,нет,да
2018-05-24,4,161,11.7,64,1.6,15780,5.1,0.0,0.0,0.0,весна,нет,да
2018-05-24,5,205,11.3,64,1.2,16340,4.7,0.0,0.0,0.0,весна,нет,да
2018-05-24,6,530,11.4,67,1.0,16000,5.4,0.04,0.0,0.0,весна,нет,да
2018-05-24,7,1390,12.5,61,1.3,18180,5.1,0.42,0.0,0.0,весна,нет,да
2018-05-24,8,2081,15.2,50,1.6,15300,4.8,1.1,0.0,0.0,весна,нет,да
2018-05-24,9,1226,17.6,30,1.1,15310,0.0,1.79,0.0,0.0,весна,нет,да
2018-05-24,10,880,19.9,27,2.7,17750,0.3,2.44,0.0,0.0,весна,нет,да
2018-05-24,11,922,21.5,30,2.9,17790,3.1,2.92,0.0,0.0,весна,нет,да
2018-05-24,12,1087,22.1,36,5.3,16960,6.3,3.2,0.0,0.0,весна,нет,да
2018-05-24,13,1078,23.3,35,3.7,18740,6.9,3.28,0.0,0.0,весна,нет,да
2018-05-24,14,1059,23.2,36,4.9,15970,7.2,3.18,0.0,0.0,весна,нет,да
2018-05-24,15,1174,23.5,36,3.2,17860,7.5,2.91,0.0,0.0,весна,нет,да
2018-05-24,16,1455,23.5,36,4.0,17630,7.5,2.42,0.0,0.0,весна,нет,да
2018-05-24,17,1863,23.4,38,2.7,18850,8.2,1.76,0.0,0.0,весна,нет,да
2018-05-24,18,2825,22.6,39,2.8,16550,7.9,1.1,0.0,0.0,весна,нет,да
2018-05-24,19,2334,21.1,44,2.6,15120,8.3,0.41,0.0,0.0,весна,нет,да
2018-05-24,20,1902,20.0,46,2.6,14140,8.0,0.05,0.0,0.0,весна,нет,да
2018-05-24,21,1838,19.3,50,1.7,13810,8.6,0.0,0.0,0.0,весна,нет,да
2018-05-24,22,1678,18.6,54,2.3,13280,9.0,0.0,0.0,0.0,весна,нет,да
2018-05-24,23,1087,18.1,56,1.6,10950,9.1,0.0,0.0,0.0,весна,нет,да
2018-05-25,0,831,17.6,57,1.8,9430,8.9,0.0,0.0,0.0,весна,нет,да
2018-05-25,1,610,16.9,61,1.0,8440,9.3,0.0,0.0,0.0,весна,нет,да
2018-05-25,2,437,16.1,70,0.6,7870,10.6,0.0,0.0,0.0,весна,нет,да
2018-05-25,3,286,15.4,71,0.5,7800,10.1,0.0,0.0,0.0,весна,нет,да
2018-05-25,4,188,14.8,71,0.4,7000,9.5,0.0,0.0,0.0,весна,нет,да
2018-05-25,5,201,14.3,75,0.6,6350,9.9,0.0,0.0,0.0,весна,нет,да
2018-05-25,6,531,13.8,74,0.7,6440,9.2,0.05,0.0,0.0,весна,нет,да
2018-05-25,7,1250,14.4,66,1.1,7040,8.1,0.42,0.0,0.0,весна,нет,да
2018-05-25,8,1996,17.1,57,1.7,7920,8.5,1.21,0.0,0.0,весна,нет,да
2018-05-25,9,1121,19.5,44,1.3,9950,6.9,1.88,0.0,0.0,весна,нет,да
2018-05-25,10,819,21.4,30,2.5,17300,3.0,2.53,0.0,0.0,весна,нет,да
2018-05-25,11,959,23.1,30,2.5,18960,4.5,3.01,0.0,0.0,весна,нет,да
2018-05-25,12,1082,24.4,24,2.9,18110,2.5,3.28,0.0,0.0,весна,нет,да
2018-05-25,13,1106,25.6,26,2.7,17470,4.6,3.36,0.0,0.0,весна,нет,да
2018-05-25,14,1161,26.0,23,2.3,19230,3.2,2.92,0.0,0.0,весна,нет,да
2018-05-25,15,1306,25.1,25,2.7,19590,3.6,2.2,0.0,0.0,весна,нет,да
2018-05-25,16,1533,24.3,27,4.1,18920,4.0,1.78,0.0,0.0,весна,нет,да
2018-05-25,17,2013,23.6,28,3.1,18440,4.0,1.26,0.0,0.0,весна,нет,да
2018-05-25,18,2916,23.3,32,2.6,17720,5.6,1.05,0.0,0.0,весна,нет,да
2018-05-25,19,2227,22.0,40,1.6,16580,7.7,0.47,0.0,0.0,весна,нет,да
2018-05-25,20,1905,20.4,45,2.0,14570,8.0,0.06,0.0,0.0,весна,нет,да
2018-05-25,21,1740,19.1,50,1.4,13780,8.4,0.0,0.0,0.0,весна,нет,да
2018-05-25,22,1630,18.3,54,1.7,13940,8.8,0.0,0.0,0.0,весна,нет,да
2018-05-25,23,1209,17.6,55,0.5,13620,8.4,0.0,0.0,0.0,весна,нет,да
2018-05-26,0,987,17.0,59,1.1,12990,8.9,0.0,0.0,0.0,весна,нет,да
2018-05-26,1,837,16.2,63,0.7,13280,9.1,0.0,0.0,0.0,весна,нет,да
2018-05-26,2,572,15.8,66,0.6,12040,9.4,0.0,0.0,0.0,весна,нет,да
2018-05-26,3,419,15.3,69,0.5,11030,9.6,0.0,0.0,0.0,весна,нет,да
2018-05-26,4,232,14.8,73,0.5,9940,9.9,0.0,0.0,0.0,весна,нет,да
2018-05-26,5,198,14.4,73,0.4,9780,9.6,0.0,0.0,0.0,весна,нет,да
2018-05-26,6,299,14.2,72,0.6,9470,9.2,0.04,0.0,0.0,весна,нет,да
2018-05-26,7,503,15.0,64,0.6,9020,8.2,0.46,0.0,0.0,весна,нет,да
2018-05-26,8,763,17.8,52,0.6,10940,7.8,1.18,0.0,0.0,весна,нет,да
2018-05-26,9,992,20.6,43,1.1,11040,7.5,1.84,0.0,0.0,весна,нет,да
2018-05-26,10,1010,23.2,41,1.1,14400,9.2,2.45,0.0,0.0,весна,нет,да
2018-05-26,11,1164,24.8,34,0.9,14390,7.8,2.92,0.0,0.0,весна,нет,да
2018-05-26,12,1285,26.2,31,1.2,11610,7.7,3.18,0.0,0.0,весна,нет,да
2018-05-26,13,1441,27.8,31,2.0,13260,9.1,3.29,0.0,0.0,весна,нет,да
2018-05-26,14,1448,28.3,30,2.3,10250,9.0,3.14,0.0,0.0,весна,нет,да
2018-05-26,15,1575,29.4,30,2.0,8820,10.0,2.82,0.0,0.0,весна,нет,да
2018-05-26,16,1690,29.0,31,2.9,8890,10.1,2.26,0.0,0.0,весна,нет,да
2018-05-26,17,1886,27.9,34,3.8,12590,10.5,1.73,0.0,0.0,весна,нет,да
2018-05-26,18,2020,27.0,33,2.2,8220,9.3,1.07,0.0,0.0,весна,нет,да
2018-05-26,19,1985,24.9,46,3.1,13410,12.4,0.43,0.0,0.0,весна,нет,да
2018-05-26,20,1909,22.3,50,2.7,15120,11.3,0.05,0.0,0.0,весна,нет,да
2018-05-26,21,1851,21.7,58,1.3,11730,13.0,0.0,0.0,0.0,весна,нет,да
2018-05-26,22,1683,21.2,60,1.0,11920,13.1,0.0,0.0,0.0,весна,нет,да
2018-05-26,23,1330,20.7,63,0.8,11300,13.3,0.0,0.0,0.0,весна,нет,да
2018-05-27,0,1089,20.1,65,1.6,10970,13.3,0.0,0.0,0.0,весна,нет,да
2018-05-27,1,799,19.8,61,1.4,9430,12.0,0.0,0.0,0.0,весна,нет,да
2018-05-27,2,555,19.0,62,1.8,9740,11.5,0.0,0.0,0.0,весна,нет,да
2018-05-27,3,423,18.5,62,0.8,10730,11.0,0.0,0.0,0.0,весна,нет,да
2018-05-27,4,208,17.9,59,1.3,12610,9.7,0.0,0.0,0.0,весна,нет,да
2018-05-27,5,174,17.6,0,0.8,13040,9.7,0.0,0.0,0.0,весна,нет,да
2018-05-27,6,234,17.3,62,1.4,12930,9.9,0.03,0.0,0.0,весна,нет,да
2018-05-27,7,341,17.6,0,1.4,12190,8.7,0.34,0.0,0.0,весна,нет,да
2018-05-27,8,608,18.3,51,2.0,13660,7.9,0.7,0.0,0.0,весна,нет,да
2018-05-27,9,762,19.5,43,1.5,15480,0.0,1.02,0.0,0.0,весна,нет,да
2018-05-27,10,821,21.6,33,2.0,16970,0.0,1.86,0.0,0.0,весна,нет,да
2018-05-27,11,1004,22.3,33,1.8,18530,0.0,1.54,0.0,0.0,весна,нет,да
2018-05-27,12,1404,23.4,38,2.8,17560,8.2,1.87,0.0,0.0,весна,нет,да
2018-05-27,13,1579,24.3,37,2.3,15830,8.6,2.22,0.0,0.0,весна,нет,да
2018-05-27,14,1730,24.2,36,4.0,19070,8.1,2.16,0.0,0.0,весна,нет,да
2018-05-27,15,2019,23.9,37,2.6,18890,8.3,1.82,0.0,0.0,весна,нет,да
2018-05-27,16,2242,24.0,36,1.6,18110,7.9,1.34,0.0,0.0,весна,нет,да
2018-05-27,17,2307,23.5,32,3.2,19250,0.0,1.01,0.0,0.0,весна,нет,да
2018-05-27,18,2267,23.0,36,2.8,19040,7.1,0.85,0.0,0.0,весна,нет,да
2018-05-27,19,2207,21.7,38,2.1,18570,6.7,0.27,0.0,0.0,весна,нет,да
2018-05-27,20,2044,20.6,41,2.3,17880,6.8,0.09,0.0,0.0,весна,нет,да
2018-05-27,21,1729,19.5,46,1.8,17340,7.5,0.0,0.0,0.0,весна,нет,да
2018-05-27,22,1374,18.6,50,1.0,18300,7.9,0.0,0.0,0.0,весна,нет,да
2018-05-27,23,1071,17.9,53,1.9,17740,8.1,0.0,0.0,0.0,весна,нет,да
2018-05-28,0,770,17.3,55,0.7,17410,8.1,0.0,0.0,0.0,весна,нет,да
2018-05-28,1,440,16.7,60,0.8,18060,8.8,0.0,0.0,0.0,весна,нет,да
2018-05-28,2,335,16.5,58,0.3,17590,8.1,0.0,0.0,0.0,весна,нет,да
2018-05-28,3,185,17.1,56,0.4,15830,8.2,0.0,0.0,0.0,весна,нет,да
2018-05-28,4,134,17.2,0,0.4,16190,8.8,0.0,0.0,0.0,весна,нет,да
2018-05-28,5,247,16.6,0,0.9,13610,9.7,0.0,0.0,0.0,весна,нет,да
2018-05-28,6,641,16.2,0,0.5,15880,9.3,0.05,0.0,0.0,весна,нет,да
2018-05-28,7,1502,16.8,0,0.8,13870,8.9,0.36,0.0,0.0,весна,нет,да
2018-05-28,8,2194,19.5,50,0.7,13290,8.7,1.19,0.0,0.0,весна,нет,да
2018-05-28,9,1131,21.7,48,1.1,18060,10.2,1.92,0.0,0.0,весна,нет,да
2018-05-28,10,828,23.3,49,1.1,18810,11.9,2.46,0.0,0.0,весна,нет,да
2018-05-28,11,986,25.1,45,0.9,19820,12.3,2.9,0.0,0.0,весна,нет,да
2018-05-28,12,1139,26.3,44,1.8,20000,13.0,3.24,0.0,0.0,весна,нет,да
2018-05-28,13,1124,27.7,39,1.9,18820,12.4,3.33,0.0,0.0,весна,нет,да
2018-05-28,14,1128,28.7,36,2.6,18530,12.1,3.21,0.0,0.0,весна,нет,да
2018-05-28,15,1258,28.4,43,3.1,9000,14.6,2.28,0.0,0.0,весна,нет,да
2018-05-28,16,1497,28.1,43,3.4,8450,14.3,2.32,0.0,0.0,весна,нет,да
2018-05-28,17,2060,26.9,45,3.5,9900,13.9,1.64,0.0,0.0,весна,нет,да
2018-05-28,18,3245,26.0,39,2.7,19500,10.9,1.07,0.0,0.0,весна,нет,да
2018-05-28,19,2656,24.4,44,2.8,19790,11.3,0.45,0.0,0.0,весна,нет,да
2018-05-28,20,2252,23.0,49,2.4,19050,11.7,0.07,0.0,0.0,весна,нет,да
2018-05-28,21,2140,21.8,50,2.1,19500,10.9,0.0,0.0,0.0,весна,нет,да
2018-05-28,22,1881,21.1,54,0.6,20000,11.4,0.0,0.0,0.0,весна,нет,да
2018-05-28,23,1247,20.9,53,1.6,17120,10.9,0.0,0.0,0.0,весна,нет,да
2018-05-29,0,841,20.6,54,2.6,17370,0.0,0.0,0.0,0.0,весна,нет,да
2018-05-29,1,721,20.3,55,1.1,17560,0.0,0.0,0.0,0.0,весна,нет,да
2018-05-29,2,466,20.2,56,2.3,14980,0.0,0.0,0.0,0.0,весна,нет,да
2018-05-29,3,285,20.0,58,1.8,12790,11.4,0.0,0.0,0.0,весна,нет,да
2018-05-29,4,204,19.8,60,1.9,13640,11.8,0.0,0.0,0.0,весна,нет,да
2018-05-29,5,252,19.6,64,0.3,14830,12.5,0.0,0.0,0.0,весна,нет,да
2018-05-29,6,625,19.5,64,0.4,12680,12.5,0.02,0.0,0.0,весна,нет,да
2018-05-29,7,1427,19.9,63,1.1,9340,12.6,0.24,0.0,0.0,весна,нет,да
2018-05-29,8,2234,20.5,66,1.7,10620,13.9,0.34,0.0,0.0,весна,нет,да
2018-05-29,9,1192,21.0,67,1.1,10120,14.6,0.54,0.0,0.0,весна,нет,да
2018-05-29,10,893,21.6,68,1.6,9800,15.4,0.83,0.0,0.0,весна,нет,да
2018-05-29,11,949,23.1,63,2.6,9490,15.6,1.68,0.0,0.0,весна,нет,да
2018-05-29,12,1184,23.1,64,2.6,12500,15.9,1.35,0.0,0.0,весна,нет,да
2018-05-29,13,1103,24.2,58,1.5,10300,15.4,1.66,0.0,0.0,весна,нет,да
2018-05-29,14,1174,25.5,53,2.0,9810,15.2,2.5,0.0,0.0,весна,нет,да
2018-05-29,15,1234,25.7,56,1.8,11120,16.2,1.71,0.0,0.0,весна,нет,да
2018-05-29,16,1592,23.6,66,4.2,12080,16.8,0.89,0.0,0.0,весна,нет,да
2018-05-29,17,2022,23.9,65,1.9,14250,16.9,1.02,0.0,0.0,весна,нет,да
2018-05-29,18,2154,23.1,68,2.9,15060,16.8,0.42,0.0,0.0,весна,нет,да
2018-05-29,19,477,22.3,71,2.5,12680,16.7,0.14,0.0,0.0,весна,нет,да
2018-05-29,20,422,20.1,88,2.2,5720,18.0,0.0,1.0,0.0,весна,нет,да
2018-05-29,21,1041,19.9,93,1.4,4160,18.7,0.0,0.0,0.0,весна,нет,да
2018-05-29,22,1121,19.9,85,1.7,5590,17.2,0.0,0.0,0.0,весна,нет,да
2018-05-29,23,742,19.5,89,1.7,3040,17.6,0.0,0.0,0.0,весна,нет,да
2018-05-30,0,507,19.1,84,1.6,5400,16.3,0.0,0.0,0.0,весна,нет,да
2018-05-30,1,570,18.8,84,0.5,4880,16.0,0.0,0.0,0.0,весна,нет,да
2018-05-30,2,422,18.7,83,0.6,4690,15.7,0.0,0.0,0.0,весна,нет,да
2018-05-30,3,238,18.4,86,0.6,3600,16.0,0.0,0.0,0.0,весна,нет,да
2018-05-30,4,167,18.3,84,0.9,4090,15.5,0.0,0.0,0.0,весна,нет,да
2018-05-30,5,239,18.4,84,0.6,3520,15.6,0.0,0.0,0.0,весна,нет,да
2018-05-30,6,505,18.6,84,0.7,3160,15.8,0.01,0.0,0.0,весна,нет,да
2018-05-30,7,1150,18.9,85,0.6,2890,16.3,0.12,0.0,0.0,весна,нет,да
2018-05-30,8,1937,19.3,83,0.6,3940,16.3,0.23,0.0,0.0,весна,нет,да
2018-05-30,9,1200,19.8,79,1.3,4050,16.0,0.45,0.0,0.0,весна,нет,да
2018-05-30,10,916,21.4,71,1.7,4760,15.9,1.43,0.0,0.0,весна,нет,да
2018-05-30,11,975,22.8,66,2.7,12700,16.1,2.76,0.0,0.0,весна,нет,да
2018-05-30,12,1187,23.2,64,3.0,13050,16.0,2.08,0.0,0.0,весна,нет,да
2018-05-30,13,1134,24.0,56,2.6,12820,14.6,2.94,0.0,0.0,весна,нет,да
2018-05-30,14,1119,24.3,58,2.9,12110,15.5,2.92,0.0,0.0,весна,нет,да
2018-05-30,15,1280,24.3,52,3.0,14470,13.8,2.55,0.0,0.0,весна,нет,да
2018-05-30,16,1571,24.7,47,3.0,15940,12.6,2.44,0.0,0.0,весна,нет,да
2018-05-30,17,2166,24.1,41,2.2,19800,10.0,1.9,0.0,0.0,весна,нет,да
2018-05-30,18,3251,23.6,42,2.1,20000,9.9,1.23,0.0,0.0,весна,нет,да
2018-05-30,19,2650,21.2,52,3.6,18560,10.9,0.55,0.0,0.0,весна,нет,да
2018-05-30,20,2224,19.1,64,2.6,15300,12.1,0.06,0.0,0.0,весна,нет,да
2018-05-30,21,2074,18.2,69,2.0,12860,12.4,0.0,0.0,0.0,весна,нет,да
2018-05-30,22,1732,17.3,76,1.7,8010,13.0,0.0,0.0,0.0,весна,нет,да
2018-05-30,23,1158,16.4,80,1.5,6420,12.9,0.0,0.0,0.0,весна,нет,да
2018-05-31,0,844,15.8,82,1.6,5460,12.7,0.0,0.0,0.0,весна,нет,да
2018-05-31,1,610,15.5,82,1.5,5130,12.4,0.0,0.0,0.0,весна,нет,да
2018-05-31,2,470,15.2,84,0.7,4850,12.5,0.0,0.0,0.0,весна,нет,да
2018-05-31,3,328,15.0,84,1.3,4730,12.3,0.0,0.0,0.0,весна,нет,да
2018-05-31,4,188,14.8,85,0.7,4780,12.2,0.0,0.0,0.0,весна,нет,да
2018-05-31,5,265,14.4,82,1.2,7080,11.3,0.0,0.0,0.0,весна,нет,да
2018-05-31,6,646,14.3,82,0.7,6530,11.2,0.05,0.0,0.0,весна,нет,да
2018-05-31,7,1401,14.9,71,0.9,6510,9.6,0.47,0.0,0.0,весна,нет,да
2018-05-31,8,2281,16.9,65,1.6,8960,10.2,1.21,0.0,0.0,весна,нет,да
2018-05-31,9,1277,18.8,59,1.6,12330,10.6,1.9,0.0,0.0,весна,нет,да
2018-05-31,10,936,20.8,54,1.2,11290,11.1,2.45,0.0,0.0,весна,нет,да
2018-05-31,11,979,22.0,54,2.7,11890,12.2,2.89,0.0,0.0,весна,нет,да
2018-05-31,12,1134,23.7,44,1.3,16240,10.7,3.2,0.0,0.0,весна,нет,да
2018-05-31,13,1151,25.0,47,2.5,11200,12.8,3.34,0.0,0.0,весна,нет,да
2018-05-31,14,1164,25.9,43,2.7,14930,12.3,2.97,0.0,0.0,весна,нет,да
2018-05-31,15,1280,26.9,37,2.7,18500,10.9,2.9,0.0,0.0,весна,нет,да
2018-05-31,16,1550,27.3,38,2.9,17840,11.7,2.41,0.0,0.0,весна,нет,да
2018-05-31,17,2047,27.2,42,2.9,18280,13.1,1.79,0.0,0.0,весна,нет,да
2018-05-31,18,3119,26.4,42,3.1,19950,12.4,0.79,0.0,0.0,весна,нет,да
2018-05-31,19,2534,25.2,53,3.1,19830,0.0,0.51,0.0,0.0,весна,нет,да
2018-05-31,20,2164,23.1,58,2.9,19500,14.3,0.06,0.0,0.0,весна,нет,да
2018-05-31,21,2070,21.9,60,2.5,15510,13.7,0.0,0.0,0.0,весна,нет,да
2018-05-31,22,1900,21.1,59,2.1,18740,12.7,0.0,0.0,0.0,весна,нет,да
2018-05-31,23,1343,20.5,62,2.2,19030,12.9,0.0,0.0,0.0,весна,нет,да
2018-06-01,0,963,20.1,63,1.1,16980,12.8,0.0,0.0,0.0,лето,нет,да
2018-06-01,1,776,19.5,65,0.4,16620,12.7,0.0,0.0,0.0,лето,нет,да
2018-06-01,2,554,19.0,72,1.4,12580,13.8,0.0,0.0,0.0,лето,нет,да
2018-06-01,3,366,18.6,72,1.4,13400,13.4,0.0,0.0,0.0,лето,нет,да
2018-06-01,4,265,18.1,76,1.8,5610,13.7,0.0,0.0,0.0,лето,нет,да
2018-06-01,5,306,17.8,75,1.0,12100,13.3,0.0,0.0,0.0,лето,нет,да
2018-06-01,6,672,17.5,76,1.2,11610,13.2,0.05,0.0,0.0,лето,нет,да
2018-06-01,7,1421,18.1,64,0.6,9230,11.1,0.47,0.0,0.0,лето,нет,да
2018-06-01,8,2149,20.6,55,0.7,12000,11.2,1.21,0.0,0.0,лето,нет,да
2018-06-01,9,1219,23.1,52,1.7,10120,12.6,1.88,0.0,0.0,лето,нет,да
2018-06-01,10,862,25.3,45,1.3,13710,12.5,2.45,0.0,0.0,лето,нет,да
2018-06-01,11,1036,26.8,38,2.6,18790,11.2,2.99,0.0,0.0,лето,нет,да
2018-06-01,12,1076,28.2,34,2.6,18670,10.8,3.26,0.0,0.0,лето,нет,да
2018-06-01,13,1093,29.4,33,2.2,15350,11.4,3.3,0.0,0.0,лето,нет,да
2018-06-01,14,1071,29.6,31,3.7,19880,10.6,3.25,0.0,0.0,лето,нет,да
2018-06-01,15,1235,29.9,36,3.3,18660,13.2,2.94,0.0,0.0,лето,нет,да
2018-06-01,16,1488,29.9,34,3.2,19120,12.3,2.46,0.0,0.0,лето,нет,да
2018-06-01,17,2123,29.2,35,4.3,19670,12.1,1.87,0.0,0.0,лето,нет,да
2018-06-01,18,3088,28.5,36,3.0,19810,11.9,1.21,0.0,0.0,лето,нет,да
2018-06-01,19,2505,26.8,35,1.9,20000,10.0,0.54,0.0,0.0,лето,нет,да
2018-06-01,20,2163,25.0,39,2.8,20000,10.0,0.06,0.0,0.0,лето,нет,да
2018-06-01,21,2066,23.5,44,1.6,20000,10.5,0.0,0.0,0.0,лето,нет,да
2018-06-01,22,1991,22.7,44,1.5,20000,9.8,0.0,0.0,0.0,лето,нет,да
2018-06-01,23,1440,21.8,49,1.6,19650,10.6,0.0,0.0,0.0,лето,нет,да
2018-06-02,0,1165,20.9,53,1.4,17170,10.9,0.0,0.0,0.0,лето,нет,да
2018-06-02,1,989,20.2,57,0.4,14280,11.4,0.0,0.0,0.0,лето,нет,да
2018-06-02,2,677,19.6,60,1.9,12000,11.6,0.0,0.0,0.0,лето,нет,да
2018-06-02,3,475,18.9,63,1.5,10070,11.6,0.0,0.0,0.0,лето,нет,да
2018-06-02,4,312,18.3,66,1.3,9290,11.8,0.0,0.0,0.0,лето,нет,да
2018-06-02,5,264,17.8,69,1.1,9510,12.0,0.0,0.0,0.0,лето,нет,да
2018-06-02,6,342,17.7,68,1.3,8420,11.7,0.05,0.0,0.0,лето,нет,да
2018-06-02,7,560,18.1,59,0.6,7890,9.9,0.47,0.0,0.0,лето,нет,да
2018-06-02,8,898,20.4,54,1.0,8280,10.7,1.23,0.0,0.0,лето,нет,да
2018-06-02,9,1005,23.3,43,1.2,12570,10.0,1.91,0.0,0.0,лето,нет,да
2018-06-02,10,1044,25.5,33,1.1,18150,0.0,2.52,0.0,0.0,лето,нет,да
2018-06-02,11,1094,27.3,35,2.3,15370,10.4,2.98,0.0,0.0,лето,нет,да
2018-06-02,12,1253,28.3,30,3.0,16750,9.0,3.29,0.0,0.0,лето,нет,да
2018-06-02,13,1334,29.6,24,2.4,18730,6.8,3.42,0.0,0.0,лето,нет,да
2018-06-02,14,1396,29.8,23,3.6,19450,6.4,3.32,0.0,0.0,лето,нет,да
2018-06-02,15,1535,29.8,24,2.9,19390,7.0,3.0,0.0,0.0,лето,нет,да
2018-06-02,16,1707,29.6,26,3.7,20000,8.0,2.58,0.0,0.0,лето,нет,да
2018-06-02,17,2025,28.9,22,2.7,19650,5.0,1.93,0.0,0.0,лето,нет,да
2018-06-02,18,2246,27.4,29,3.6,20000,7.7,1.19,0.0,0.0,лето,нет,да
2018-06-02,19,2337,25.4,33,2.7,20000,7.9,0.54,0.0,0.0,лето,нет,да
2018-06-02,20,2338,23.4,38,2.3,20000,8.2,0.06,0.0,0.0,лето,нет,да
2018-06-02,21,2238,22.1,44,2.5,20000,9.2,0.0,0.0,0.0,лето,нет,да
2018-06-02,22,1969,21.4,48,1.6,20000,9.9,0.0,0.0,0.0,лето,нет,да
2018-06-02,23,1490,20.6,52,0.5,20000,10.3,0.0,0.0,0.0,лето,нет,да
2018-06-03,0,1248,19.7,55,2.0,19860,10.3,0.0,0.0,0.0,лето,нет,да
2018-06-03,1,902,19.2,57,0.8,19850,10.4,0.0,0.0,0.0,лето,нет,да
2018-06-03,2,673,18.6,60,1.8,18410,10.6,0.0,0.0,0.0,лето,нет,да
2018-06-03,3,437,18.0,64,1.3,15600,11.0,0.0,0.0,0.0,лето,нет,да
2018-06-03,4,294,17.4,65,0.8,10930,10.7,0.0,0.0,0.0,лето,нет,да
2018-06-03,5,193,17.1,66,0.3,13700,10.6,0.0,0.0,0.0,лето,нет,да
2018-06-03,6,228,16.9,62,0.4,17680,9.5,0.06,0.0,0.0,лето,нет,да
2018-06-03,7,423,18.0,54,0.7,19970,8.5,0.51,0.0,0.0,лето,нет,да
2018-06-03,8,659,20.3,47,1.5,17850,8.6,1.05,0.0,0.0,лето,нет,да
2018-06-03,9,831,22.7,39,0.7,18800,8.0,1.91,0.0,0.0,лето,нет,да
2018-06-03,10,938,24.8,34,1.3,18690,7.8,2.09,0.0,0.0,лето,нет,да
2018-06-03,11,977,26.7,30,1.1,17820,7.6,2.83,0.0,0.0,лето,нет,да
2018-06-03,12,1134,28.7,27,1.7,18430,7.8,3.29,0.0,0.0,лето,нет,да
2018-06-03,13,1393,29.4,24,2.7,19050,6.7,3.18,0.0,0.0,лето,нет,да
2018-06-03,14,1399,29.8,26,2.2,18180,8.2,3.2,0.0,0.0,лето,нет,да
2018-06-03,15,1556,30.7,21,2.5,18760,5.8,2.95,0.0,0.0,лето,нет,да
2018-06-03,16,1834,30.4,28,3.6,17900,9.8,2.48,0.0,0.0,лето,нет,да
2018-06-03,17,2131,29.5,29,4.1,19440,9.5,1.84,0.0,0.0,лето,нет,да
2018-06-03,18,2349,29.3,25,2.4,19730,7.2,1.23,0.0,0.0,лето,нет,да
2018-06-03,19,2514,27.4,29,2.4,20000,7.7,0.5,0.0,0.0,лето,нет,да
2018-06-03,20,2460,25.3,32,2.2,19970,7.4,0.06,0.0,0.0,лето,нет,да
2018-06-03,21,2173,24.2,32,2.1,20000,6.4,0.0,0.0,0.0,лето,нет,да
2018-06-03,22,1741,23.0,38,1.2,19960,7.9,0.0,0.0,0.0,лето,нет,да
2018-06-03,23,1274,22.0,44,0.8,19780,9.1,0.0,0.0,0.0,лето,нет,да
2018-06-04,0,938,21.4,45,1.4,19640,8.9,0.0,0.0,0.0,лето,нет,да
2018-06-04,1,596,20.7,47,0.9,19870,8.9,0.0,0.0,0.0,лето,нет,да
2018-06-04,2,351,20.1,49,0.8,19780,9.0,0.0,0.0,0.0,лето,нет,да
2018-06-04,3,244,19.6,51,1.0,19230,9.1,0.0,0.0,0.0,лето,нет,да
2018-06-04,4,172,19.4,56,1.2,17520,10.3,0.0,0.0,0.0,лето,нет,да
2018-06-04,5,299,19.2,56,0.9,17720,10.2,0.0,0.0,0.0,лето,нет,да
2018-06-04,6,742,18.9,53,0.3,18710,9.1,0.04,0.0,0.0,лето,нет,да
2018-06-04,7,1505,19.5,52,0.8,18180,9.3,0.46,0.0,0.0,лето,нет,да
2018-06-04,8,2287,22.1,44,1.4,14350,9.2,1.16,0.0,0.0,лето,нет,да
2018-06-04,9,1243,23.3,37,0.4,13360,7.7,1.28,0.0,0.0,лето,нет,да
2018-06-04,10,970,25.1,40,2.7,10760,10.5,2.37,0.0,0.0,лето,нет,да
2018-06-04,11,1008,26.1,37,2.4,10790,10.2,2.79,0.0,0.0,лето,нет,да
2018-06-04,12,1152,26.3,36,3.1,13770,10.0,2.61,0.0,0.0,лето,нет,да
2018-06-04,13,1085,27.4,30,2.0,17680,8.2,3.03,0.0,0.0,лето,нет,да
2018-06-04,14,1148,26.5,43,3.9,16710,12.8,2.36,0.0,0.0,лето,нет,да
2018-06-04,15,1249,25.5,43,2.9,19960,11.9,1.71,0.0,0.0,лето,нет,да
2018-06-04,16,1671,25.5,43,3.2,18920,11.9,1.72,0.0,0.0,лето,нет,да
2018-06-04,17,2190,24.9,46,2.0,18550,12.4,0.91,0.0,0.0,лето,нет,да
2018-06-04,18,3380,24.4,48,1.9,19980,12.6,0.56,0.0,0.0,лето,нет,да
2018-06-04,19,2788,23.9,51,2.3,20000,13.1,0.12,0.0,0.0,лето,нет,да
2018-06-04,20,2508,23.4,43,1.1,20000,10.0,0.01,0.0,0.0,лето,нет,да
2018-06-04,21,2377,22.6,62,1.1,13630,14.9,0.0,0.0,0.0,лето,нет,да
2018-06-04,22,2000,22.0,64,1.8,12110,14.8,0.0,0.0,0.0,лето,нет,да
2018-06-04,23,1354,21.4,68,2.7,9720,15.2,0.0,0.0,0.0,лето,нет,да
2018-06-05,0,927,20.5,71,2.8,12040,15.0,0.0,0.0,0.0,лето,нет,да
2018-06-05,1,742,20.0,67,0.7,14260,13.6,0.0,0.0,0.0,лето,нет,да
2018-06-05,2,448,19.7,66,0.5,15910,13.1,0.0,0.0,0.0,лето,нет,да
2018-06-05,3,314,19.1,72,0.6,13700,13.9,0.0,0.0,0.0,лето,нет,да
2018-06-05,4,214,18.5,72,0.6,11680,13.3,0.0,0.0,0.0,лето,нет,да
2018-06-05,5,282,18.1,73,0.5,11820,13.1,0.0,0.0,0.0,лето,нет,да
2018-06-05,6,733,17.8,73,0.4,11880,12.8,0.04,0.0,0.0,лето,нет,да
2018-06-05,7,1602,18.8,64,0.7,10990,11.8,0.48,0.0,0.0,лето,нет,да
2018-06-05,8,2322,21.5,58,1.1,10210,12.8,1.21,0.0,0.0,лето,нет,да
2018-06-05,9,1344,23.5,51,1.4,11690,12.7,1.82,0.0,0.0,лето,нет,да
2018-06-05,10,959,25.5,43,1.0,15680,11.9,2.49,0.0,0.0,лето,нет,да
2018-06-05,11,974,26.8,37,1.6,16390,10.8,2.91,0.0,0.0,лето,нет,да
2018-06-05,12,1111,28.2,35,1.2,14110,11.2,3.23,0.0,0.0,лето,нет,да
2018-06-05,13,1058,28.6,34,2.0,12740,11.1,2.82,0.0,0.0,лето,нет,да
2018-06-05,14,1120,28.9,34,2.7,13280,11.4,2.06,0.0,0.0,лето,нет,да
2018-06-05,15,1250,29.0,38,3.4,7490,13.2,2.12,0.0,0.0,лето,нет,да
2018-06-05,16,1434,28.8,38,3.1,10270,13.0,2.14,0.0,0.0,лето,нет,да
2018-06-05,17,2115,28.1,37,3.6,13460,12.0,1.56,0.0,0.0,лето,нет,да
2018-06-05,18,3227,27.1,40,2.8,18110,12.3,1.0,0.0,0.0,лето,нет,да
2018-06-05,19,2615,25.5,43,3.1,17600,11.9,0.41,0.0,0.0,лето,нет,да
2018-06-05,20,2346,24.0,46,2.8,18960,11.6,0.06,0.0,0.0,лето,нет,да
2018-06-05,21,2404,23.3,51,1.7,16540,12.5,0.0,0.0,0.0,лето,нет,да
2018-06-05,22,2237,22.4,54,2.5,17780,12.6,0.0,0.0,0.0,лето,нет,да
2018-06-05,23,1646,21.9,56,0.7,18980,12.7,0.0,0.0,0.0,лето,нет,да
2018-06-06,0,1268,21.2,60,0.9,17890,13.1,0.0,0.0,0.0,лето,да,да
2018-06-06,1,1031,20.6,63,0.6,16700,13.3,0.0,0.0,0.0,лето,да,да
2018-06-06,2,792,20.1,65,1.0,14350,13.3,0.0,0.0,0.0,лето,да,да
2018-06-06,3,562,19.6,68,1.7,12600,13.5,0.0,0.0,0.0,лето,да,да
2018-06-06,4,332,19.2,68,0.8,11810,13.1,0.0,0.0,0.0,лето,да,да
2018-06-06,5,218,18.7,73,1.4,10650,13.7,0.0,0.0,0.0,лето,да,да
2018-06-06,6,351,18.5,73,1.1,10280,13.5,0.06,0.0,0.0,лето,да,да
2018-06-06,7,536,19.3,63,0.7,9160,12.0,0.46,0.0,0.0,лето,да,да
2018-06-06,8,799,21.2,59,1.2,7940,12.8,1.13,0.0,0.0,лето,да,да
2018-06-06,9,925,22.9,56,2.3,7630,13.6,1.74,0.0,0.0,лето,да,да
2018-06-06,10,1087,24.3,53,2.9,9490,14.1,2.37,0.0,0.0,лето,да,да
2018-06-06,11,1152,25.8,52,2.1,9050,15.1,2.84,0.0,0.0,лето,да,да
2018-06-06,12,1400,27.3,51,2.8,7030,16.2,3.16,0.0,0.0,лето,да,да
2018-06-06,13,1444,27.3,52,3.1,6130,16.5,3.21,0.0,0.0,лето,да,да
2018-06-06,14,1603,27.4,50,3.5,6150,16.0,3.01,0.0,0.0,лето,да,да
2018-06-06,15,1674,27.6,49,3.7,6560,15.9,2.79,0.0,0.0,лето,да,да
2018-06-06,16,1940,27.9,47,2.8,8240,15.5,2.36,0.0,0.0,лето,да,да
2018-06-06,17,2104,27.4,48,2.7,10840,15.4,1.8,0.0,0.0,лето,да,да
2018-06-06,18,2162,26.6,52,2.5,13680,15.9,1.09,0.0,0.0,лето,да,да
2018-06-06,19,2163,24.9,56,3.1,14690,15.5,0.51,0.0,0.0,лето,да,да
2018-06-06,20,2145,23.4,64,1.8,11440,16.1,0.07,0.0,0.0,лето,да,да
2018-06-06,21,1935,22.1,72,2.5,9230,16.8,0.0,0.0,0.0,лето,да,да
2018-06-06,22,1624,20.8,78,1.8,7630,16.8,0.0,0.0,0.0,лето,да,да
2018-06-06,23,1251,20.1,77,3.1,7970,15.9,0.0,0.0,0.0,лето,да,да
2018-06-07,0,978,19.6,82,1.7,6280,16.4,0.0,0.0,0.0,лето,нет,да
2018-06-07,1,606,19.1,86,1.8,5220,16.6,0.0,0.0,0.0,лето,нет,да
2018-06-07,2,418,18.8,88,0.3,5000,16.7,0.0,0.0,0.0,лето,нет,да
2018-06-07,3,275,18.4,88,1.6,4650,16.3,0.0,0.0,0.0,лето,нет,да
2018-06-07,4,191,18.1,88,1.8,4580,16.0,0.0,0.0,0.0,лето,нет,да
2018-06-07,5,288,17.8,91,2.2,3930,16.3,0.0,0.0,0.0,лето,нет,да
2018-06-07,6,716,18.1,88,1.1,2720,16.0,0.03,0.0,0.0,лето,нет,да
2018-06-07,7,1551,18.6,85,2.0,3070,16.0,0.16,0.0,0.0,лето,нет,да
2018-06-07,8,2317,18.9,82,2.3,3260,15.7,0.44,0.0,0.0,лето,нет,да
2018-06-07,9,1342,20.5,73,1.6,3640,15.4,1.23,0.0,0.0,лето,нет,да
2018-06-07,10,914,22.0,69,2.0,4880,16.0,2.04,0.0,0.0,лето,нет,да
2018-06-07,11,967,23.4,62,1.8,6030,15.6,2.87,0.0,0.0,лето,нет,да
2018-06-07,12,1099,25.0,56,3.0,7150,15.6,3.19,0.0,0.0,лето,нет,да
2018-06-07,13,1071,26.7,47,2.4,8060,14.4,3.26,0.0,0.0,лето,нет,да
2018-06-07,14,1116,28.2,44,1.7,6440,14.7,3.11,0.0,0.0,лето,нет,да
2018-06-07,15,1171,29.3,41,2.0,6090,14.6,2.63,0.0,0.0,лето,нет,да
2018-06-07,16,1442,29.3,41,2.0,9050,14.6,1.95,0.0,0.0,лето,нет,да
2018-06-07,17,2002,28.2,51,3.3,8790,17.0,1.73,0.0,0.0,лето,нет,да
2018-06-07,18,3221,25.6,57,2.7,12170,16.4,0.96,0.0,0.0,лето,нет,да
2018-06-07,19,2649,24.0,60,2.8,13790,15.7,0.38,0.0,0.0,лето,нет,да
2018-06-07,20,2278,22.8,67,1.6,12190,16.3,0.06,0.0,0.0,лето,нет,да
2018-06-07,21,2161,21.5,69,2.6,9420,15.5,0.0,0.0,0.0,лето,нет,да
2018-06-07,22,1939,20.9,71,1.0,7630,15.4,0.0,0.0,0.0,лето,нет,да
2018-06-07,23,1290,20.3,77,1.3,7700,16.1,0.0,0.0,0.0,лето,нет,да
2018-06-08,0,926,19.1,82,2.2,8740,15.9,0.0,0.0,0.0,лето,нет,да
2018-06-08,1,769,18.8,84,1.7,6580,16.0,0.0,0.0,0.0,лето,нет,да
2018-06-08,2,525,18.6,84,2.5,6190,15.8,0.0,0.0,0.0,лето,нет,да
2018-06-08,3,365,18.6,83,2.9,8890,15.6,0.0,0.0,0.0,лето,нет,да
2018-06-08,4,255,18.5,82,2.0,10720,15.3,0.0,0.0,0.0,лето,нет,да
2018-06-08,5,299,18.6,81,0.8,12050,15.2,0.0,0.0,0.0,лето,нет,да
2018-06-08,6,744,18.8,78,2.0,12590,14.8,0.01,0.0,0.0,лето,нет,да
2018-06-08,7,1544,19.1,73,2.0,13000,14.1,0.3,0.0,0.0,лето,нет,да
2018-06-08,8,2348,19.7,69,2.0,14480,13.8,0.54,0.0,0.0,лето,нет,да
2018-06-08,9,1283,21.2,62,1.7,13840,13.6,1.45,0.0,0.0,лето,нет,да
2018-06-08,10,1002,21.9,62,1.7,16640,14.2,1.36,0.0,0.0,лето,нет,да
2018-06-08,11,1095,21.9,64,2.4,13590,14.7,1.03,0.0,0.0,лето,нет,да
2018-06-08,12,1256,23.1,56,1.6,12220,13.8,1.71,0.0,0.0,лето,нет,да
2018-06-08,13,1314,24.2,58,1.9,10150,15.4,1.87,0.0,0.0,лето,нет,да
2018-06-08,14,1249,25.0,54,2.2,11460,15.0,1.86,0.0,0.0,лето,нет,да
2018-06-08,15,1416,26.2,51,3.3,11040,15.2,2.87,0.0,0.0,лето,нет,да
2018-06-08,16,1668,26.6,49,3.2,12000,15.0,2.35,0.0,0.0,лето,нет,да
2018-06-08,17,2314,26.9,49,2.3,12100,15.2,1.72,0.0,0.0,лето,нет,да
2018-06-08,18,3309,26.2,54,2.2,11830,16.1,0.88,0.0,0.0,лето,нет,да
2018-06-08,19,2797,24.5,63,3.1,9700,16.9,0.46,0.0,0.0,лето,нет,да
2018-06-08,20,2476,22.6,71,1.8,8560,17.0,0.11,0.0,0.0,лето,нет,да
2018-06-08,21,2337,21.2,77,1.7,6380,16.9,0.0,0.0,0.0,лето,нет,да
2018-06-08,22,2140,20.5,78,0.9,5500,16.5,0.0,0.0,0.0,лето,нет,да
2018-06-08,23,1672,20.0,79,1.4,5100,16.2,0.0,0.0,0.0,лето,нет,да
2018-06-09,0,1247,19.7,83,1.5,3900,16.7,0.0,0.0,0.0,лето,нет,да
2018-06-09,1,1029,19.7,81,0.6,4190,16.3,0.0,0.0,0.0,лето,нет,да
2018-06-09,2,732,19.4,84,0.7,3820,16.6,0.0,0.0,0.0,лето,нет,да
2018-06-09,3,535,19.1,84,0.6,4210,16.3,0.0,0.0,0.0,лето,нет,да
2018-06-09,4,352,19.0,83,0.4,4730,16.0,0.0,0.0,0.0,лето,нет,да
2018-06-09,5,262,19.0,85,0.4,4670,16.4,0.0,0.0,0.0,лето,нет,да
2018-06-09,6,381,19.0,84,0.5,4400,16.2,0.05,0.0,0.0,лето,нет,да
2018-06-09,7,616,20.2,73,1.1,7080,15.1,0.41,0.0,0.0,лето,нет,да
2018-06-09,8,963,21.9,62,0.9,10710,14.2,1.03,0.0,0.0,лето,нет,да
2018-06-09,9,1102,24.0,55,1.8,14110,14.3,1.81,0.0,0.0,лето,нет,да
2018-06-09,10,1156,25.8,49,1.3,14420,14.2,2.42,0.0,0.0,лето,нет,да
2018-06-09,11,1200,27.2,46,1.7,13010,14.5,2.88,0.0,0.0,лето,нет,да
2018-06-09,12,1462,28.2,42,1.4,15630,14.0,2.84,0.0,0.0,лето,нет,да
2018-06-09,13,1583,28.8,42,2.0,14380,14.6,2.38,0.0,0.0,лето,нет,да
2018-06-09,14,1744,30.1,35,1.4,15830,12.9,2.53,0.0,0.0,лето,нет,да
2018-06-09,15,1890,29.6,40,2.5,15460,14.5,1.96,0.0,0.0,лето,нет,да
2018-06-09,16,2297,28.7,40,2.5,14740,13.7,1.0,0.0,0.0,лето,нет,да
2018-06-09,17,2355,28.2,39,2.9,16530,12.9,0.7,0.0,0.0,лето,нет,да
2018-06-09,18,1934,27.3,42,1.2,20000,13.2,0.19,0.0,0.0,лето,нет,да
2018-06-09,19,1058,25.7,47,1.8,20000,13.5,0.04,0.0,0.0,лето,нет,да
2018-06-09,20,246,23.7,62,1.6,14020,15.9,0.0,0.4,0.0,лето,нет,да
2018-06-09,21,225,22.4,72,1.5,18160,17.0,0.0,0.1,0.0,лето,нет,да
2018-06-09,22,776,21.0,75,1.3,20000,16.3,0.0,0.0,0.0,лето,нет,да
2018-06-09,23,766,20.7,66,1.6,20000,14.1,0.0,0.0,0.0,лето,нет,да
2018-06-10,0,483,20.2,66,1.5,20000,13.6,0.0,0.0,0.0,лето,нет,да
2018-06-10,1,375,19.7,71,1.2,19860,14.2,0.0,0.5,0.0,лето,нет,да
2018-06-10,2,162,19.2,69,1.3,20000,13.3,0.0,0.0,0.0,лето,нет,да
2018-06-10,3,150,18.6,78,0.8,19970,14.6,0.0,0.0,0.0,лето,нет,да
2018-06-10,4,174,18.3,72,1.7,20000,13.1,0.0,0.0,0.0,лето,нет,да
2018-06-10,5,138,18.4,70,1.4,20000,12.8,0.0,0.0,0.0,лето,нет,да
2018-06-10,6,216,18.3,71,0.9,20000,12.9,0.0,0.0,0.0,лето,нет,да
2018-06-10,7,313,18.4,68,0.6,20000,12.3,0.04,0.0,0.0,лето,нет,да
2018-06-10,8,619,19.0,65,2.0,20000,12.2,0.28,0.0,0.0,лето,нет,да
2018-06-10,9,786,19.2,65,1.4,20000,12.4,0.34,0.0,0.0,лето,нет,да
2018-06-10,10,942,20.2,62,1.8,20000,12.6,0.82,0.0,0.0,лето,нет,да
2018-06-10,11,1074,21.3,56,1.5,19890,12.1,1.18,0.0,0.0,лето,нет,да
2018-06-10,12,1442,23.2,50,2.2,19880,12.1,2.45,0.0,0.0,лето,нет,да
2018-06-10,13,1752,24.2,48,1.2,19680,12.4,2.19,0.0,0.0,лето,нет,да
2018-06-10,14,1985,24.1,51,1.1,20000,13.3,1.58,0.0,0.0,лето,нет,да
2018-06-10,15,2182,24.8,49,1.2,20000,13.3,1.34,0.0,0.0,лето,нет,да
2018-06-10,16,2333,24.8,51,1.6,20000,13.9,1.17,0.0,0.0,лето,нет,да
2018-06-10,17,2431,24.6,52,1.3,20000,14.0,0.82,0.0,0.0,лето,нет,да
2018-06-10,18,2367,24.1,53,1.3,20000,13.9,0.48,0.0,0.0,лето,нет,да
2018-06-10,19,2267,23.4,55,1.0,20000,13.8,0.12,0.0,0.0,лето,нет,да
2018-06-10,20,2300,22.8,55,1.3,20000,13.2,0.01,0.0,0.0,лето,нет,да
2018-06-10,21,2026,22.1,55,1.5,20000,12.6,0.0,0.0,0.0,лето,нет,да
2018-06-10,22,1634,21.5,55,1.8,20000,12.0,0.0,0.0,0.0,лето,нет,да
2018-06-10,23,1191,20.9,56,1.5,20000,11.7,0.0,0.0,0.0,лето,нет,да
2018-06-11,0,918,20.3,58,1.4,20000,11.7,0.0,0.0,0.0,лето,нет,да
2018-06-11,1,555,19.8,59,1.3,20000,11.5,0.0,0.0,0.0,лето,нет,да
2018-06-11,2,353,19.2,60,1.5,20000,11.2,0.0,0.0,0.0,лето,нет,да
2018-06-11,3,232,18.8,61,1.3,20000,11.1,0.0,0.0,0.0,лето,нет,да
2018-06-11,4,194,18.8,60,1.0,20000,10.8,0.0,0.0,0.0,лето,нет,да
2018-06-11,5,324,18.8,61,1.2,20000,11.1,0.0,0.0,0.0,лето,нет,да
2018-06-11,6,807,18.6,61,0.8,20000,10.9,0.03,0.0,0.0,лето,нет,да
2018-06-11,7,1629,19.1,59,1.1,20000,10.8,0.38,0.0,0.0,лето,нет,да
2018-06-11,8,2375,20.7,55,1.5,20000,11.3,1.23,0.0,0.0,лето,нет,да
2018-06-11,9,1307,22.2,48,1.7,18890,10.6,1.77,0.0,0.0,лето,нет,да
2018-06-11,10,992,23.7,47,1.3,20000,11.7,2.67,0.0,0.0,лето,нет,да
2018-06-11,11,1107,23.2,52,1.4,20000,12.7,1.53,0.0,0.0,лето,нет,да
2018-06-11,12,1204,23.2,52,1.2,20000,12.7,0.82,0.0,0.0,лето,нет,да
2018-06-11,13,1033,23.7,49,1.2,20000,12.3,1.04,0.0,0.0,лето,нет,да
2018-06-11,14,1075,23.9,47,1.0,20000,11.8,0.97,0.0,0.0,лето,нет,да
2018-06-11,15,1240,22.2,60,1.3,19070,14.0,0.34,0.0,0.0,лето,нет,да
2018-06-11,16,1220,22.0,60,1.8,20000,13.8,0.14,0.0,0.0,лето,нет,да
2018-06-11,17,1475,20.7,72,3.4,20000,15.4,0.11,0.0,0.0,лето,нет,да
2018-06-11,18,1491,19.8,80,3.9,20000,16.2,0.12,0.0,0.0,лето,нет,да
2018-06-11,19,873,19.4,85,1.2,16510,16.8,0.08,0.5,0.0,лето,нет,да
2018-06-11,20,1280,19.1,84,1.7,20000,16.3,0.04,0.0,0.0,лето,нет,да
2018-06-11,21,1647,19.0,82,1.0,20000,15.8,0.0,0.0,0.0,лето,нет,да
2018-06-11,22,1117,19.0,76,0.1,20000,14.6,0.0,0.0,0.0,лето,нет,да
2018-06-11,23,384,18.2,93,0.8,4600,17.0,0.0,3.5,0.0,лето,нет,да
2018-06-12,0,470,18.0,94,0.7,19060,17.0,0.0,1.0,0.0,лето,нет,да
2018-06-12,1,454,17.7,92,0.9,19580,16.3,0.0,0.0,0.0,лето,нет,да
2018-06-12,2,385,17.7,87,1.2,20000,15.5,0.0,0.0,0.0,лето,нет,да
2018-06-12,3,206,17.5,87,0.5,19950,15.3,0.0,0.0,0.0,лето,нет,да
2018-06-12,4,144,17.5,84,0.8,20000,14.7,0.0,0.0,0.0,лето,нет,да
2018-06-12,5,296,17.2,87,0.6,20000,15.0,0.0,0.0,0.0,лето,нет,да
2018-06-12,6,740,16.7,85,1.0,20000,14.1,0.03,0.0,0.0,лето,нет,да
2018-06-12,7,1573,17.1,77,1.5,17480,13.0,0.49,0.0,0.0,лето,нет,да
2018-06-12,8,2495,19.0,67,1.1,19760,12.7,1.29,0.0,0.0,лето,нет,да
2018-06-12,9,1317,21.1,60,0.9,19980,13.0,2.18,0.0,0.0,лето,нет,да
2018-06-12,10,971,22.1,53,1.1,19990,12.0,2.28,0.0,0.0,лето,нет,да
2018-06-12,11,1092,22.9,54,2.6,19590,13.0,2.56,0.0,0.0,лето,нет,да
2018-06-12,12,1202,24.0,51,1.8,20000,13.2,2.29,0.0,0.0,лето,нет,да
2018-06-12,13,1215,25.7,46,0.8,20000,13.2,3.18,0.0,0.0,лето,нет,да
2018-06-12,14,1246,25.6,45,2.2,19610,12.7,1.39,0.0,0.0,лето,нет,да
2018-06-12,15,1427,26.2,42,2.7,19770,12.2,1.59,0.0,0.0,лето,нет,да
2018-06-12,16,1714,26.2,47,3.8,19960,13.9,2.45,0.0,0.0,лето,нет,да
2018-06-12,17,2270,26.4,47,3.0,19760,14.1,1.76,0.0,0.0,лето,нет,да
2018-06-12,18,3404,24.9,53,3.6,20000,14.6,1.28,0.0,0.0,лето,нет,да
2018-06-12,19,2873,23.1,58,2.4,19970,14.3,0.59,0.0,0.0,лето,нет,да
2018-06-12,20,2579,21.6,62,3.3,20000,13.9,0.09,0.0,0.0,лето,нет,да
2018-06-12,21,2505,20.6,70,1.8,19860,14.9,0.0,0.0,0.0,лето,нет,да
2018-06-12,22,2309,20.0,70,1.0,20000,14.3,0.0,0.0,0.0,лето,нет,да
2018-06-12,23,1657,19.5,72,0.6,19890,14.3,0.0,0.0,0.0,лето,нет,да
2018-06-13,0,1274,19.3,76,1.2,19680,14.9,0.0,0.0,0.0,лето,нет,да
2018-06-13,1,1088,18.9,77,0.7,19870,14.7,0.0,0.0,0.0,лето,нет,да
2018-06-13,2,847,18.4,75,0.6,19860,13.8,0.0,0.0,0.0,лето,нет,да
2018-06-13,3,591,18.5,73,1.0,19510,13.5,0.0,0.0,0.0,лето,нет,да
2018-06-13,4,421,18.7,74,0.9,19330,13.9,0.0,0.0,0.0,лето,нет,да
2018-06-13,5,290,18.6,76,0.4,19570,14.2,0.0,0.0,0.0,лето,нет,да
2018-06-13,6,416,18.7,75,0.9,19230,14.1,0.06,0.0,0.0,лето,нет,да
2018-06-13,7,657,19.4,69,0.3,12770,13.5,0.42,0.0,0.0,лето,нет,да
2018-06-13,8,959,20.7,65,1.5,10040,13.8,0.97,0.0,0.0,лето,нет,да
2018-06-13,9,1111,22.6,59,1.6,10300,14.1,1.8,0.0,0.0,лето,нет,да
2018-06-13,10,1269,23.0,57,2.2,11450,14.0,1.1,0.0,0.0,лето,нет,да
2018-06-13,11,1478,24.5,51,1.5,13330,13.6,1.97,0.0,0.0,лето,нет,да
2018-06-13,12,1747,24.5,56,2.3,10940,15.1,1.74,0.0,0.0,лето,нет,да
2018-06-13,13,1834,24.9,52,1.8,15540,14.3,1.7,0.0,0.0,лето,нет,да
2018-06-13,14,2088,26.6,50,2.4,11190,15.3,2.95,0.0,0.0,лето,нет,да
2018-06-13,15,2288,25.5,50,2.2,10250,14.3,0.47,0.0,0.0,лето,нет,да
2018-06-13,16,2474,25.8,50,1.7,11520,14.5,0.66,0.0,0.0,лето,нет,да
2018-06-13,17,2664,25.6,57,3.3,9190,16.4,0.87,0.0,0.0,лето,нет,да
2018-06-13,18,2479,23.4,63,3.6,12450,15.9,0.5,0.0,0.0,лето,нет,да
2018-06-13,19,2404,22.8,64,2.3,14440,15.6,0.45,0.0,0.0,лето,нет,да
2018-06-13,20,2276,22.1,65,1.3,16110,15.2,0.09,0.0,0.0,лето,нет,да
2018-06-13,21,2166,21.8,67,0.0,14850,15.3,0.0,0.0,0.0,лето,нет,да
2018-06-13,22,1934,21.6,66,1.2,14380,14.9,0.0,0.0,0.0,лето,нет,да
2018-06-13,23,1394,21.5,62,0.1,18270,13.9,0.0,0.0,0.0,лето,нет,да
2018-06-14,0,1047,21.1,69,0.5,10860,15.1,0.0,0.0,0.0,лето,нет,да
2018-06-14,1,715,20.8,72,1.0,9120,15.5,0.0,0.0,0.0,лето,нет,да
2018-06-14,2,453,20.8,73,0.8,8290,15.7,0.0,0.0,0.0,лето,нет,да
2018-06-14,3,289,20.8,73,0.7,7560,15.7,0.0,0.0,0.0,лето,нет,да
2018-06-14,4,193,21.0,72,0.8,6770,15.7,0.0,0.0,0.0,лето,нет,да
2018-06-14,5,154,20.3,84,3.2,5180,17.5,0.0,0.0,0.0,лето,нет,да
2018-06-14,6,100,19.5,95,1.4,1790,18.6,0.0,1.5,0.0,лето,нет,да
2018-06-14,7,94,19.4,97,0.9,2720,18.9,0.0,13.5,0.0,лето,нет,да
2018-06-14,8,187,18.9,97,1.2,4920,18.4,0.06,11.5,0.0,лето,нет,да
2018-06-14,9,175,19.1,96,0.6,2730,18.4,0.17,1.5,0.0,лето,нет,да
2018-06-14,10,532,19.7,94,1.1,4970,18.7,0.61,1.0,0.0,лето,нет,да
2018-06-14,11,735,20.5,79,1.7,7700,16.7,1.25,0.0,0.0,лето,нет,да
2018-06-14,12,945,21.2,75,0.7,8760,16.5,1.07,0.0,0.0,лето,нет,да
2018-06-14,13,1056,22.8,67,1.2,9300,16.3,1.55,0.0,0.0,лето,нет,да
2018-06-14,14,1153,23.8,62,1.2,12820,16.0,1.91,0.0,0.0,лето,нет,да
2018-06-14,15,1292,24.6,57,1.8,16640,15.5,1.54,0.0,0.0,лето,нет,да
2018-06-14,16,1550,25.0,56,0.7,17230,15.6,1.27,0.0,0.0,лето,нет,да
2018-06-14,17,1934,24.6,57,1.0,18660,15.5,0.45,0.0,0.0,лето,нет,да
2018-06-14,18,2962,24.0,61,1.5,19350,16.0,0.26,0.0,0.0,лето,нет,да
2018-06-14,19,1856,23.6,63,0.6,19560,16.1,0.19,0.0,0.0,лето,нет,да
2018-06-14,20,1557,22.6,74,1.2,15940,17.7,0.01,0.0,0.0,лето,нет,да
2018-06-14,21,1807,22.2,72,1.0,17860,16.9,0.0,0.0,0.0,лето,нет,да
2018-06-14,22,1737,21.8,72,1.0,19520,16.5,0.0,0.0,0.0,лето,нет,да
2018-06-14,23,1295,21.6,68,0.8,20000,15.4,0.0,0.0,0.0,лето,нет,да
2018-06-15,0,986,21.0,70,0.9,20000,15.3,0.0,0.0,0.0,лето,нет,да
2018-06-15,1,717,20.6,65,1.2,20000,13.7,0.0,0.0,0.0,лето,нет,да
2018-06-15,2,403,20.1,67,1.1,20000,13.7,0.0,0.1,0.0,лето,нет,да
2018-06-15,3,154,18.8,93,1.0,4190,17.6,0.0,5.4,0.0,лето,нет,да
2018-06-15,4,72,18.0,93,1.6,6270,16.8,0.0,10.5,0.0,лето,нет,да
2018-06-15,5,161,17.4,86,1.1,18200,15.0,0.0,0.5,0.0,лето,нет,да
2018-06-15,6,609,17.2,83,1.3,20000,14.2,0.07,0.0,0.0,лето,нет,да
2018-06-15,7,1467,18.2,75,1.4,20000,13.6,0.56,0.0,0.0,лето,нет,да
2018-06-15,8,2328,18.7,71,1.1,19920,13.3,0.61,0.0,0.0,лето,нет,да
2018-06-15,9,1170,20.1,65,1.4,20000,13.3,0.93,0.0,0.0,лето,нет,да
2018-06-15,10,1004,22.0,56,1.5,19890,12.8,1.91,0.0,0.0,лето,нет,да
2018-06-15,11,1118,22.9,57,1.4,19180,13.9,2.24,0.0,0.0,лето,нет,да
2018-06-15,12,1193,24.4,50,1.6,20000,13.2,3.07,0.0,0.0,лето,нет,да
2018-06-15,13,1035,25.3,48,1.8,19350,13.4,3.42,0.0,0.0,лето,нет,да
2018-06-15,14,1027,26.4,43,2.1,19440,12.8,3.23,0.0,0.0,лето,нет,да
2018-06-15,15,1461,26.7,40,1.6,19950,11.9,2.42,0.0,0.0,лето,нет,да
2018-06-15,16,1726,26.5,45,1.6,20000,13.5,1.91,0.0,0.0,лето,нет,да
2018-06-15,17,2460,26.1,45,1.4,20000,13.2,1.26,0.0,0.0,лето,нет,да
2018-06-15,18,2891,25.9,44,1.5,20000,12.7,1.36,0.0,0.0,лето,нет,да
2018-06-15,19,2984,24.3,48,1.5,20000,12.5,0.59,0.0,0.0,лето,нет,да
2018-06-15,20,2441,22.6,51,1.3,20000,11.9,0.06,0.0,0.0,лето,нет,да
2018-06-15,21,2337,21.4,54,1.5,20000,11.6,0.0,0.0,0.0,лето,нет,да
2018-06-15,22,2155,20.4,54,1.4,20000,10.7,0.0,0.0,0.0,лето,нет,да
2018-06-15,23,1593,19.6,55,1.4,20000,10.3,0.0,0.0,0.0,лето,нет,да
2018-06-16,0,1217,19.0,57,1.6,20000,10.2,0.0,0.0,0.0,лето,нет,да
2018-06-16,1,1056,18.4,59,1.3,20000,10.2,0.0,0.0,0.0,лето,нет,да
2018-06-16,2,764,17.9,60,0.8,20000,10.0,0.0,0.0,0.0,лето,нет,да
2018-06-16,3,518,17.4,61,1.2,20000,9.7,0.0,0.0,0.0,лето,нет,да
2018-06-16,4,317,16.9,63,1.0,20000,9.8,0.0,0.0,0.0,лето,нет,да
2018-06-16,5,277,16.6,65,1.2,20000,9.9,0.0,0.0,0.0,лето,нет,да
2018-06-16,6,381,16.3,66,0.7,20000,9.9,0.05,0.0,0.0,лето,нет,да
2018-06-16,7,583,17.0,60,1.1,19930,9.1,0.47,0.0,0.0,лето,нет,да
2018-06-16,8,892,18.7,57,1.0,19560,9.9,1.05,0.0,0.0,лето,нет,да
2018-06-16,9,1144,20.4,54,1.5,20000,10.7,1.88,0.0,0.0,лето,нет,да
2018-06-16,10,1166,21.8,46,0.9,19270,9.6,2.46,0.0,0.0,лето,нет,да
2018-06-16,11,1330,23.4,46,1.6,19540,11.1,2.96,0.0,0.0,лето,нет,да
2018-06-16,12,1525,24.8,43,1.2,19430,11.3,3.27,0.0,0.0,лето,нет,да
2018-06-16,13,1704,26.2,37,1.2,19360,10.3,3.36,0.0,0.0,лето,нет,да
2018-06-16,14,1783,27.1,40,1.8,17790,12.3,3.26,0.0,0.0,лето,нет,да
2018-06-16,15,1861,27.8,41,1.6,18510,13.3,2.89,0.0,0.0,лето,нет,да
2018-06-16,16,1991,28.3,41,2.6,18520,13.7,2.58,0.0,0.0,лето,нет,да
2018-06-16,17,2383,28.4,43,2.0,18060,14.6,1.93,0.0,0.0,лето,нет,да
2018-06-16,18,2451,28.0,46,2.3,18330,15.2,1.23,0.0,0.0,лето,нет,да
2018-06-16,19,2475,27.2,48,1.4,19940,15.2,0.57,0.0,0.0,лето,нет,да
2018-06-16,20,2497,25.0,60,2.4,17730,16.6,0.1,0.0,0.0,лето,нет,да
2018-06-16,21,2435,23.7,64,1.7,17070,16.4,0.0,0.0,0.0,лето,нет,да
2018-06-16,22,1995,22.8,69,1.7,16560,16.8,0.0,0.0,0.0,лето,нет,да
2018-06-16,23,1615,22.1,73,1.6,11800,17.0,0.0,0.0,0.0,лето,нет,да
2018-06-17,0,1394,21.5,76,1.4,10150,17.0,0.0,0.0,0.0,лето,нет,да
2018-06-17,1,929,20.9,79,2.0,9320,17.1,0.0,0.0,0.0,лето,нет,да
2018-06-17,2,755,20.5,76,1.1,9940,16.1,0.0,0.0,0.0,лето,нет,да
2018-06-17,3,491,19.9,80,1.6,7410,16.3,0.0,0.0,0.0,лето,нет,да
2018-06-17,4,304,19.4,82,0.9,5310,16.2,0.0,0.0,0.0,лето,нет,да
2018-06-17,5,238,19.0,85,0.8,5670,16.4,0.0,0.0,0.0,лето,нет,да
2018-06-17,6,324,18.9,83,0.3,5760,15.9,0.05,0.0,0.0,лето,нет,да
2018-06-17,7,475,19.6,75,0.9,8840,15.0,0.42,0.0,0.0,лето,нет,да
2018-06-17,8,715,21.1,70,0.3,7660,15.4,0.9,0.0,0.0,лето,нет,да
2018-06-17,9,944,22.5,66,1.2,6050,15.8,0.97,0.0,0.0,лето,нет,да
2018-06-17,10,953,23.0,66,1.1,5160,16.2,0.83,0.0,0.0,лето,нет,да
2018-06-17,11,1146,23.6,63,0.7,5230,16.1,0.93,0.0,0.0,лето,нет,да
2018-06-17,12,1422,24.8,56,0.9,5300,15.4,1.57,0.0,0.0,лето,нет,да
2018-06-17,13,1563,25.7,52,1.1,6390,15.0,1.81,0.0,0.0,лето,нет,да
2018-06-17,14,1709,26.8,44,1.6,7600,13.5,2.01,0.0,0.0,лето,нет,да
2018-06-17,15,1979,27.3,51,2.6,5980,16.2,2.4,0.0,0.0,лето,нет,да
2018-06-17,16,2235,26.6,51,2.2,8090,15.6,1.27,0.0,0.0,лето,нет,да
2018-06-17,17,2330,25.6,58,3.3,8650,16.7,0.66,0.0,0.0,лето,нет,да
2018-06-17,18,2474,25.0,59,3.4,13240,16.4,0.54,0.0,0.0,лето,нет,да
2018-06-17,19,2481,24.2,62,1.9,12250,16.4,0.39,0.0,0.0,лето,нет,да
2018-06-17,20,2429,23.1,67,2.1,10600,16.6,0.03,0.0,0.0,лето,нет,да
2018-06-17,21,2055,22.7,66,0.9,10690,16.0,0.0,0.0,0.0,лето,нет,да
2018-06-17,22,1819,22.2,70,0.5,10560,16.4,0.0,0.0,0.0,лето,нет,да
2018-06-17,23,1323,21.7,74,1.4,9200,16.8,0.0,0.0,0.0,лето,нет,да
2018-06-18,0,917,21.3,74,1.4,9630,16.4,0.0,0.0,0.0,лето,нет,да
2018-06-18,1,547,21.0,74,0.5,9900,16.1,0.0,0.0,0.0,лето,нет,да
2018-06-18,2,436,20.7,76,0.3,9200,16.3,0.0,0.0,0.0,лето,нет,да
2018-06-18,3,202,20.5,77,0.5,8650,16.3,0.0,0.0,0.0,лето,нет,да
2018-06-18,4,164,20.2,78,0.7,8840,16.2,0.0,0.0,0.0,лето,нет,да
2018-06-18,5,383,20.0,80,0.3,8240,16.4,0.0,0.0,0.0,лето,нет,да
2018-06-18,6,779,20.0,78,0.4,7520,16.0,0.05,0.0,0.0,лето,нет,да
2018-06-18,7,1590,20.6,76,0.5,7860,16.2,0.3,0.0,0.0,лето,нет,да
2018-06-18,8,2357,22.7,65,0.7,7590,15.7,1.05,0.0,0.0,лето,нет,да
2018-06-18,9,1263,24.7,59,1.1,6160,16.1,1.8,0.0,0.0,лето,нет,да
2018-06-18,10,822,26.1,53,0.9,5540,15.7,2.14,0.0,0.0,лето,нет,да
2018-06-18,11,915,27.3,45,2.4,8460,14.3,2.84,0.0,0.0,лето,нет,да
2018-06-18,12,988,28.4,45,2.2,6490,15.3,2.92,0.0,0.0,лето,нет,да
2018-06-18,13,938,29.4,42,1.7,6890,15.1,3.1,0.0,0.0,лето,нет,да
2018-06-18,14,997,29.8,36,2.0,13820,13.1,2.63,0.0,0.0,лето,нет,да
2018-06-18,15,1177,30.5,34,2.8,15900,12.8,2.87,0.0,0.0,лето,нет,да
2018-06-18,16,1401,30.5,34,2.9,18300,12.8,2.51,0.0,0.0,лето,нет,да
2018-06-18,17,2040,29.5,36,3.7,17860,12.8,1.94,0.0,0.0,лето,нет,да
2018-06-18,18,746,29.2,35,2.7,19000,12.1,1.27,0.0,0.0,лето,нет,да
2018-06-18,19,1557,28.1,38,2.6,20000,12.4,0.63,0.0,0.0,лето,нет,да
2018-06-18,20,2515,25.7,43,2.1,20000,12.1,0.12,0.0,0.0,лето,нет,да
2018-06-18,21,1702,23.8,48,2.0,20000,12.1,0.0,0.0,0.0,лето,нет,да
2018-06-18,22,1373,22.9,56,1.3,19270,13.6,0.0,0.0,0.0,лето,нет,да
2018-06-18,23,1732,22.3,59,1.1,18920,13.8,0.0,0.0,0.0,лето,нет,да
2018-06-19,0,1055,21.5,63,1.0,17400,14.1,0.0,0.0,0.0,лето,нет,да
2018-06-19,1,766,20.9,66,0.8,15280,14.3,0.0,0.0,0.0,лето,нет,да
2018-06-19,2,527,20.2,71,1.2,14140,14.7,0.0,0.0,0.0,лето,нет,да
2018-06-19,3,369,19.9,69,1.4,11790,14.0,0.0,0.0,0.0,лето,нет,да
2018-06-19,4,268,19.7,73,1.6,8480,14.7,0.0,0.0,0.0,лето,нет,да
2018-06-19,5,317,19.4,77,0.8,8310,15.2,0.0,0.0,0.0,лето,нет,да
2018-06-19,6,746,19.1,75,0.4,10390,14.5,0.08,0.0,0.0,лето,нет,да
2018-06-19,7,1616,19.9,72,0.6,8400,14.6,0.32,0.0,0.0,лето,нет,да
2018-06-19,8,2430,21.1,66,1.0,7970,14.4,0.62,0.0,0.0,лето,нет,да
2018-06-19,9,1381,22.4,62,0.9,7610,14.7,0.93,0.0,0.0,лето,нет,да
2018-06-19,10,937,23.7,56,1.6,10740,14.3,1.34,0.0,0.0,лето,нет,да
2018-06-19,11,1014,24.6,53,1.4,14720,14.3,1.67,0.0,0.0,лето,нет,да
2018-06-19,12,1224,25.8,48,1.5,14870,13.9,2.31,0.0,0.0,лето,нет,да
2018-06-19,13,1230,26.6,46,2.9,14820,14.0,2.31,0.0,0.0,лето,нет,да
2018-06-19,14,1258,27.2,44,2.9,13770,13.8,2.59,0.0,0.0,лето,нет,да
2018-06-19,15,1363,26.7,42,2.6,16340,12.7,1.89,0.0,0.0,лето,нет,да
2018-06-19,16,1700,26.1,46,3.0,17280,13.5,1.55,0.0,0.0,лето,нет,да
2018-06-19,17,2328,25.1,51,2.4,17140,14.2,1.15,0.0,0.0,лето,нет,да
2018-06-19,18,3556,24.1,57,2.9,13010,15.0,0.56,0.0,0.0,лето,нет,да
2018-06-19,19,2809,23.3,59,2.6,12140,14.8,0.28,0.0,0.0,лето,нет,да
2018-06-19,20,2525,22.4,62,2.2,10410,14.7,0.05,0.0,0.0,лето,нет,да
2018-06-19,21,2378,21.6,66,2.4,9620,14.9,0.0,0.0,0.0,лето,нет,да
2018-06-19,22,2096,20.8,71,2.1,8000,15.3,0.0,0.0,0.0,лето,нет,да
2018-06-19,23,1456,20.1,73,1.9,7710,15.1,0.0,0.0,0.0,лето,нет,да
2018-06-20,0,1030,19.7,71,2.0,13300,14.2,0.0,0.0,0.0,лето,нет,да
2018-06-20,1,803,19.6,73,1.4,9580,14.6,0.0,0.0,0.0,лето,нет,да
2018-06-20,2,576,19.6,78,0.8,6620,15.6,0.0,0.0,0.0,лето,нет,да
2018-06-20,3,340,19.4,79,0.8,5630,15.6,0.0,0.0,0.0,лето,нет,да
2018-06-20,4,249,19.1,82,1.5,4710,15.9,0.0,0.0,0.0,лето,нет,да
2018-06-20,5,336,19.1,83,2.0,4570,16.1,0.0,0.0,0.0,лето,нет,да
2018-06-20,6,714,19.4,83,1.6,4480,16.4,0.03,0.0,0.0,лето,нет,да
2018-06-20,7,1629,20.0,77,1.7,5950,15.8,0.29,0.0,0.0,лето,нет,да
2018-06-20,8,2440,20.6,77,1.2,5660,16.4,0.53,0.0,0.0,лето,нет,да
2018-06-20,9,1401,21.1,73,2.0,6230,16.0,0.43,0.0,0.0,лето,нет,да
2018-06-20,10,1002,22.2,70,3.1,7400,16.4,1.44,0.0,0.0,лето,нет,да
2018-06-20,11,1100,23.7,56,2.4,10700,14.3,2.33,0.0,0.0,лето,нет,да
2018-06-20,12,1252,25.2,53,3.3,9760,14.9,3.38,0.0,0.0,лето,нет,да
2018-06-20,13,1184,26.2,51,3.2,10780,15.2,3.36,0.0,0.0,лето,нет,да
2018-06-20,14,1158,27.5,47,2.7,9900,15.1,3.24,0.0,0.0,лето,нет,да
2018-06-20,15,1266,27.9,45,3.6,15580,14.8,3.04,0.0,0.0,лето,нет,да
2018-06-20,16,1600,28.2,48,3.9,11030,16.1,2.55,0.0,0.0,лето,нет,да
2018-06-20,17,2289,28.0,50,3.2,11370,16.6,1.93,0.0,0.0,лето,нет,да
2018-06-20,18,3384,27.0,55,3.1,12460,17.1,1.26,0.0,0.0,лето,нет,да
2018-06-20,19,2741,25.6,61,2.7,12360,17.5,0.6,0.0,0.0,лето,нет,да
2018-06-20,20,2519,23.3,68,3.6,8950,17.0,0.11,0.0,0.0,лето,нет,да
2018-06-20,21,2246,21.6,74,3.3,7580,16.7,0.0,0.0,0.0,лето,нет,да
2018-06-20,22,1979,20.6,78,3.0,6840,16.6,0.0,0.0,0.0,лето,нет,да
2018-06-20,23,1401,20.1,82,3.6,4940,16.9,0.0,0.0,0.0,лето,нет,да
2018-06-21,0,1083,20.0,83,2.6,5470,17.0,0.0,0.0,0.0,лето,нет,да
2018-06-21,1,794,20.1,82,1.2,5820,16.9,0.0,0.0,0.0,лето,нет,да
2018-06-21,2,539,20.2,82,0.9,5750,17.0,0.0,0.0,0.0,лето,нет,да
2018-06-21,3,394,20.0,83,1.7,6070,17.0,0.0,0.0,0.0,лето,нет,да
2018-06-21,4,215,19.6,87,1.2,4650,17.3,0.0,0.0,0.0,лето,нет,да
2018-06-21,5,308,19.4,82,2.1,6770,16.2,0.0,0.0,0.0,лето,нет,да
2018-06-21,6,709,19.5,80,1.6,7090,15.9,0.04,0.0,0.0,лето,нет,да
2018-06-21,7,1543,19.9,74,1.7,6830,15.1,0.21,0.0,0.0,лето,нет,да
2018-06-21,8,2370,21.4,65,1.9,8210,14.5,1.15,0.0,0.0,лето,нет,да
2018-06-21,9,1360,22.7,59,2.0,9400,14.2,1.77,0.0,0.0,лето,нет,да
2018-06-21,10,922,23.9,57,2.1,9770,14.8,2.54,0.0,0.0,лето,нет,да
2018-06-21,11,1066,25.5,57,1.8,9430,16.3,3.01,0.0,0.0,лето,нет,да
2018-06-21,12,1197,26.4,46,1.4,11030,13.8,3.26,0.0,0.0,лето,нет,да
2018-06-21,13,1147,27.3,33,3.4,19210,9.6,3.42,0.0,0.0,лето,нет,да
2018-06-21,14,1152,28.0,39,2.6,18330,12.7,3.14,0.0,0.0,лето,нет,да
2018-06-21,15,1276,28.3,40,3.2,16190,13.4,2.96,0.0,0.0,лето,нет,да
2018-06-21,16,1473,28.5,42,3.1,16220,14.3,2.62,0.0,0.0,лето,нет,да
2018-06-21,17,2176,28.4,43,3.3,17150,14.6,2.04,0.0,0.0,лето,нет,да
2018-06-21,18,3418,27.8,43,3.0,19330,14.0,1.35,0.0,0.0,лето,нет,да
2018-06-21,19,2811,26.9,42,2.4,20000,12.8,0.62,0.0,0.0,лето,нет,да
2018-06-21,20,2556,25.1,55,2.3,17790,15.4,0.08,0.0,0.0,лето,нет,да
2018-06-21,21,2436,23.8,63,1.5,14550,16.3,0.0,0.0,0.0,лето,нет,да
2018-06-21,22,2179,22.8,67,2.1,10420,16.3,0.0,0.0,0.0,лето,нет,да
2018-06-21,23,1497,21.9,59,2.6,11880,13.5,0.0,0.0,0.0,лето,нет,да
2018-06-22,0,1137,20.7,67,1.9,8850,14.3,0.0,0.0,0.0,лето,нет,да
2018-06-22,1,912,20.2,75,1.4,5250,15.6,0.0,0.0,0.0,лето,нет,да
2018-06-22,2,602,19.8,80,1.5,3700,16.2,0.0,0.0,0.0,лето,нет,да
2018-06-22,3,413,19.3,85,1.6,3450,16.7,0.0,0.0,0.0,лето,нет,да
2018-06-22,4,268,19.1,86,1.4,3220,16.6,0.0,0.0,0.0,лето,нет,да
2018-06-22,5,336,18.6,85,1.0,3840,16.0,0.0,0.0,0.0,лето,нет,да
2018-06-22,6,710,18.2,83,0.6,4480,15.2,0.06,0.0,0.0,лето,нет,да
2018-06-22,7,1529,18.8,66,1.1,8140,12.3,0.46,0.0,0.0,лето,нет,да
2018-06-22,8,2283,21.9,58,1.2,7710,13.2,1.29,0.0,0.0,лето,нет,да
2018-06-22,9,1284,24.2,47,1.2,8220,12.1,1.94,0.0,0.0,лето,нет,да
2018-06-22,10,902,26.3,34,0.9,17920,9.1,2.57,0.0,0.0,лето,нет,да
2018-06-22,11,1020,28.1,35,1.3,16080,11.1,3.02,0.0,0.0,лето,нет,да
2018-06-22,12,1116,29.8,28,1.3,17770,9.3,3.21,0.0,0.0,лето,нет,да
2018-06-22,13,1073,30.6,26,1.2,17920,8.9,3.17,0.0,0.0,лето,нет,да
2018-06-22,14,1087,31.6,25,2.3,17800,9.1,3.21,0.0,0.0,лето,нет,да
2018-06-22,15,1203,31.9,23,1.8,19770,8.1,2.57,0.0,0.0,лето,нет,да
2018-06-22,16,1466,30.8,31,3.8,12460,11.7,2.17,0.0,0.0,лето,нет,да
2018-06-22,17,2146,30.4,28,2.9,18340,9.8,1.9,0.0,0.0,лето,нет,да
2018-06-22,18,3365,29.3,27,3.4,19770,8.3,1.24,0.0,0.0,лето,нет,да
2018-06-22,19,2732,27.1,32,3.5,20000,8.9,0.52,0.0,0.0,лето,нет,да
2018-06-22,20,2493,25.4,31,2.5,20000,7.0,0.07,0.0,0.0,лето,нет,да
2018-06-22,21,2251,24.2,32,1.5,20000,6.4,0.0,0.0,0.0,лето,нет,да
2018-06-22,22,2103,23.3,32,1.1,20000,5.6,0.0,0.0,0.0,лето,нет,да
2018-06-22,23,1648,22.9,34,1.1,18100,6.1,0.0,0.0,0.0,лето,нет,да
2018-06-23,0,1322,22.7,36,1.5,20000,6.8,0.0,0.0,0.0,лето,нет,да
2018-06-23,1,1073,22.5,39,1.1,20000,7.8,0.0,0.0,0.0,лето,нет,да
2018-06-23,2,818,22.3,37,1.8,20000,6.8,0.0,0.0,0.0,лето,нет,да
2018-06-23,3,540,22.0,42,0.2,18910,8.4,0.0,0.0,0.0,лето,нет,да
2018-06-23,4,375,21.6,47,0.4,19850,9.7,0.0,0.0,0.0,лето,нет,да
2018-06-23,5,339,21.1,48,0.3,20000,9.6,0.0,0.0,0.0,лето,нет,да
2018-06-23,6,417,21.0,48,0.6,20000,9.5,0.01,0.0,0.0,лето,нет,да
2018-06-23,7,622,21.3,44,0.5,19110,8.5,0.2,0.0,0.0,лето,нет,да
2018-06-23,8,934,22.6,42,0.7,18870,9.0,0.62,0.0,0.0,лето,нет,да
2018-06-23,9,1072,24.3,37,1.1,19390,8.6,1.31,0.0,0.0,лето,нет,да
2018-06-23,10,1064,25.8,35,1.5,19000,9.1,1.66,0.0,0.0,лето,нет,да
2018-06-23,11,1229,27.5,31,1.9,18410,8.8,2.7,0.0,0.0,лето,нет,да
2018-06-23,12,1374,28.4,31,2.7,18490,9.6,2.93,0.0,0.0,лето,нет,да
2018-06-23,13,1483,27.9,41,3.9,16490,13.4,2.08,0.0,0.0,лето,нет,да
2018-06-23,14,1445,28.0,46,3.6,14010,15.2,2.88,0.0,0.0,лето,нет,да
2018-06-23,15,1589,28.4,43,3.1,13370,14.6,2.65,0.0,0.0,лето,нет,да
2018-06-23,16,1837,28.3,48,3.1,12320,16.2,2.41,0.0,0.0,лето,нет,да
2018-06-23,17,2101,28.1,49,3.2,11170,16.3,1.62,0.0,0.0,лето,нет,да
2018-06-23,18,2256,26.3,55,3.2,11190,16.5,0.64,0.0,0.0,лето,нет,да
2018-06-23,19,2288,25.7,59,2.8,10830,17.0,0.38,0.0,0.0,лето,нет,да
2018-06-23,20,2262,24.6,65,2.1,10180,17.5,0.1,0.0,0.0,лето,нет,да
2018-06-23,21,2175,23.8,68,2.2,6940,17.5,0.0,0.0,0.0,лето,нет,да
2018-06-23,22,1932,23.0,74,2.4,4730,18.1,0.0,0.0,0.0,лето,нет,да
2018-06-23,23,1402,22.5,77,2.7,3960,18.2,0.0,0.0,0.0,лето,нет,да
2018-06-24,0,849,22.0,81,1.6,3740,18.5,0.0,0.0,0.0,лето,нет,да
2018-06-24,1,545,21.5,83,1.3,3450,18.4,0.0,0.0,0.0,лето,нет,да
2018-06-24,2,1254,20.9,87,1.8,2220,18.6,0.0,0.0,0.0,лето,нет,да
2018-06-24,3,644,20.6,91,0.8,1940,19.0,0.0,0.0,0.0,лето,нет,да
2018-06-24,4,286,20.5,90,0.8,2230,18.7,0.0,0.0,0.0,лето,нет,да
2018-06-24,5,235,20.3,87,1.0,2510,18.0,0.0,0.0,0.0,лето,нет,да
2018-06-24,6,258,20.2,87,2.0,2550,17.9,0.01,0.0,0.0,лето,нет,да
2018-06-24,7,369,20.5,82,0.8,3380,17.3,0.16,0.0,0.0,лето,нет,да
2018-06-24,8,561,21.3,78,0.7,3510,17.3,0.51,0.0,0.0,лето,нет,да
2018-06-24,9,734,23.1,68,1.9,4820,16.8,1.64,0.0,0.0,лето,нет,да
2018-06-24,10,763,25.0,60,1.5,5700,16.6,2.33,0.0,0.0,лето,нет,да
2018-06-24,11,870,27.1,52,2.1,5570,16.3,2.82,0.0,0.0,лето,нет,да
2018-06-24,12,1042,28.9,40,2.3,8090,13.9,3.15,0.0,0.0,лето,нет,да
2018-06-24,13,1062,30.6,31,2.7,12400,11.5,3.24,0.0,0.0,лето,нет,да
2018-06-24,14,1064,31.6,34,2.9,10500,13.8,3.12,0.0,0.0,лето,нет,да
2018-06-24,15,1213,31.8,31,3.4,14000,12.5,2.85,0.0,0.0,лето,нет,да
2018-06-24,16,1471,31.3,32,3.2,14270,12.6,2.38,0.0,0.0,лето,нет,да
2018-06-24,17,1754,30.9,34,2.5,16400,13.2,1.79,0.0,0.0,лето,нет,да
2018-06-24,18,2094,29.8,35,3.3,18050,12.6,1.15,0.0,0.0,лето,нет,да
2018-06-24,19,2290,27.8,41,2.7,19900,13.3,0.45,0.0,0.0,лето,нет,да
2018-06-24,20,2387,26.1,49,1.9,19600,14.5,0.1,0.0,0.0,лето,нет,да
2018-06-24,21,2153,24.5,71,1.7,12950,18.8,0.0,0.0,0.0,лето,нет,да
2018-06-24,22,1801,23.9,72,0.8,10980,18.5,0.0,0.0,0.0,лето,нет,да
2018-06-24,23,1329,23.3,75,2.0,8900,18.6,0.0,0.0,0.0,лето,нет,да
2018-06-25,0,962,22.9,79,0.6,7150,19.0,0.0,0.0,0.0,лето,нет,да
2018-06-25,1,585,22.5,80,1.1,6190,18.8,0.0,0.0,0.0,лето,нет,да
2018-06-25,2,424,22.3,80,0.8,7090,18.6,0.0,0.0,0.0,лето,нет,да
2018-06-25,3,264,22.0,83,0.5,6840,18.9,0.0,0.0,0.0,лето,нет,да
2018-06-25,4,199,21.8,82,0.7,7020,18.5,0.0,0.0,0.0,лето,нет,да
2018-06-25,5,338,21.5,84,0.3,5690,18.6,0.0,0.0,0.0,лето,нет,да
2018-06-25,6,785,21.3,81,0.7,6040,17.8,0.05,0.0,0.0,лето,нет,да
2018-06-25,7,1620,22.1,74,0.3,8300,17.2,0.37,0.0,0.0,лето,нет,да
2018-06-25,8,2331,23.8,66,0.9,9600,17.0,0.74,0.0,0.0,лето,нет,да
2018-06-25,9,1293,25.4,61,1.0,10790,17.3,1.28,0.0,0.0,лето,нет,да
2018-06-25,10,878,26.4,55,0.9,9010,16.6,1.16,0.0,0.0,лето,нет,да
2018-06-25,11,968,27.8,46,1.3,9120,15.1,1.77,0.0,0.0,лето,нет,да
2018-06-25,12,1039,29.8,42,2.1,12200,15.5,2.9,0.0,0.0,лето,нет,да
2018-06-25,13,1073,31.2,36,2.0,10220,14.3,2.91,0.0,0.0,лето,нет,да
2018-06-25,14,1016,32.3,35,1.8,9820,14.8,2.71,0.0,0.0,лето,нет,да
2018-06-25,15,1184,32.7,31,1.7,12430,13.3,2.3,0.0,0.0,лето,нет,да
2018-06-25,16,1407,32.2,39,2.8,9280,16.4,1.74,0.0,0.0,лето,нет,да
2018-06-25,17,2008,31.5,42,2.3,9900,17.0,1.36,0.0,0.0,лето,нет,да
2018-06-25,18,3238,30.7,43,1.6,9310,16.6,0.74,0.0,0.0,лето,нет,да
2018-06-25,19,2779,29.8,45,1.5,9560,16.5,0.32,0.0,0.0,лето,нет,да
2018-06-25,20,2456,28.8,54,1.1,9640,18.5,0.09,0.0,0.0,лето,нет,да
2018-06-25,21,2372,27.9,55,0.5,10830,18.0,0.0,0.0,0.0,лето,нет,да
2018-06-25,22,2046,27.4,55,0.3,10010,17.5,0.0,0.0,0.0,лето,нет,да
2018-06-25,23,1437,27.2,55,0.7,9200,17.3,0.0,0.0,0.0,лето,нет,да
2018-06-26,0,1052,26.9,61,1.5,8050,18.7,0.0,0.0,0.0,лето,нет,да
2018-06-26,1,783,26.7,50,1.8,8840,15.4,0.0,0.0,0.0,лето,нет,да
2018-06-26,2,524,26.1,51,1.7,7600,15.1,0.0,0.0,0.0,лето,нет,да
2018-06-26,3,353,25.4,50,1.1,8700,14.2,0.0,0.0,0.0,лето,нет,да
2018-06-26,4,143,24.7,49,1.0,12930,13.2,0.0,0.0,0.0,лето,нет,да
2018-06-26,5,45,23.7,64,0.9,8760,16.4,0.0,0.1,0.0,лето,нет,да
2018-06-26,6,37,22.5,83,0.8,5370,19.4,0.0,0.4,0.0,лето,нет,да
2018-06-26,7,49,21.2,87,0.8,3760,18.9,0.03,1.5,0.0,лето,нет,да
2018-06-26,8,53,20.8,94,1.0,1590,19.7,0.05,3.5,0.0,лето,нет,да
2018-06-26,9,19,20.3,96,1.1,1430,19.6,0.06,6.5,0.0,лето,нет,да
2018-06-26,10,9,20.3,97,1.0,1030,19.8,0.12,9.5,0.0,лето,нет,да
2018-06-26,11,11,20.4,97,1.4,1290,19.9,0.09,16.0,0.0,лето,нет,да
2018-06-26,12,10,20.5,97,1.8,2570,20.0,0.15,5.0,0.0,лето,нет,да
2018-06-26,13,24,20.5,97,1.2,3380,20.0,0.11,14.5,0.0,лето,нет,да
2018-06-26,14,26,21.0,97,0.7,3810,20.4,0.26,2.5,0.0,лето,нет,да
2018-06-26,15,65,21.5,97,0.6,3110,20.9,0.21,4.5,0.0,лето,нет,да
2018-06-26,16,56,23.3,96,3.4,4410,22.6,0.08,1.0,0.0,лето,нет,да
2018-06-26,17,113,24.0,95,5.0,3620,23.1,0.07,2.0,0.0,лето,нет,да
2018-06-26,18,156,24.1,95,4.4,2610,23.2,0.03,1.0,0.0,лето,нет,да
2018-06-26,19,203,24.2,94,4.7,2420,23.1,0.03,1.5,0.0,лето,нет,да
2018-06-26,20,199,24.1,94,4.5,2140,23.0,0.0,0.5,0.0,лето,нет,да
2018-06-26,21,275,23.5,94,4.6,2270,22.4,0.0,1.5,0.0,лето,нет,да
2018-06-26,22,443,22.4,95,4.1,2220,21.5,0.0,0.0,0.0,лето,нет,да
2018-06-26,23,552,21.6,89,4.3,6980,19.7,0.0,0.0,0.0,лето,нет,да
2018-06-27,0,513,20.5,94,3.7,8960,19.4,0.0,0.0,0.0,лето,нет,да
2018-06-27,1,254,20.0,96,3.0,1820,19.3,0.0,0.1,0.0,лето,нет,да
2018-06-27,2,164,19.6,97,2.6,2010,19.1,0.0,0.4,0.0,лето,нет,да
2018-06-27,3,152,19.4,97,2.9,2820,18.9,0.0,0.0,0.0,лето,нет,да
2018-06-27,4,110,19.2,97,1.0,2170,18.7,0.0,0.5,0.0,лето,нет,да
2018-06-27,5,162,19.1,97,1.2,4020,18.6,0.0,0.0,0.0,лето,нет,да
2018-06-27,6,417,19.2,97,1.5,1570,18.7,0.0,0.0,0.0,лето,нет,да
2018-06-27,7,1084,19.3,98,1.0,1880,18.9,0.06,0.0,0.0,лето,нет,да
2018-06-27,8,1995,19.7,97,1.5,2000,19.2,0.25,0.0,0.0,лето,нет,да
2018-06-27,9,1238,20.0,96,1.6,2870,19.3,0.39,0.0,0.0,лето,нет,да
2018-06-27,10,862,21.4,85,1.1,5960,18.7,1.34,0.0,0.0,лето,нет,да
2018-06-27,11,1015,23.4,73,1.3,8270,18.2,2.38,0.0,0.0,лето,нет,да
2018-06-27,12,1145,24.1,73,2.2,9920,18.9,2.15,0.0,0.0,лето,нет,да
2018-06-27,13,1234,24.9,69,2.2,8500,18.8,2.14,0.0,0.0,лето,нет,да
2018-06-27,14,1243,24.7,72,2.9,7200,19.3,1.45,0.0,0.0,лето,нет,да
2018-06-27,15,1362,25.5,68,2.4,6380,19.1,1.61,0.0,0.0,лето,нет,да
2018-06-27,16,1618,25.0,74,2.2,5780,20.0,0.52,0.0,0.0,лето,нет,да
2018-06-27,17,2115,25.1,70,2.2,7960,19.2,0.48,0.0,0.0,лето,нет,да
2018-06-27,18,3172,25.0,69,1.5,11250,18.9,0.52,0.0,0.0,лето,нет,да
2018-06-27,19,2487,24.9,70,1.8,11310,19.0,0.24,0.0,0.0,лето,нет,да
2018-06-27,20,2274,24.2,72,1.4,8330,18.8,0.03,0.0,0.0,лето,нет,да
2018-06-27,21,2200,23.3,71,1.3,11450,17.7,0.0,0.0,0.0,лето,нет,да
2018-06-27,22,1959,22.7,77,2.0,10990,18.4,0.0,0.0,0.0,лето,нет,да
2018-06-27,23,980,22.3,83,2.6,4900,19.2,0.0,0.0,0.0,лето,нет,да
2018-06-28,0,561,22.2,84,1.1,4820,19.3,0.0,0.0,0.0,лето,нет,да
2018-06-28,1,1068,22.2,84,0.3,6100,19.3,0.0,0.0,0.0,лето,нет,да
2018-06-28,2,652,22.4,84,0.6,6670,19.5,0.0,0.0,0.0,лето,нет,да
2018-06-28,3,344,22.4,86,0.6,6180,19.9,0.0,0.0,0.0,лето,нет,да
2018-06-28,4,233,22.3,88,0.9,2980,20.2,0.0,0.0,0.0,лето,нет,да
2018-06-28,5,266,22.1,93,0.4,3330,20.9,0.0,0.0,0.0,лето,нет,да
2018-06-28,6,594,22.0,90,0.4,3730,20.2,0.04,0.1,0.0,лето,нет,да
2018-06-28,7,1391,22.7,81,0.4,8660,19.2,0.4,0.0,0.0,лето,нет,да
2018-06-28,8,2288,24.2,73,1.0,15810,19.0,0.96,0.0,0.0,лето,нет,да
2018-06-28,9,1246,24.8,75,1.1,14180,20.0,0.63,0.0,0.0,лето,нет,да
2018-06-28,10,826,25.3,70,0.6,13860,19.4,0.7,0.0,0.0,лето,нет,да
2018-06-28,11,938,26.5,64,1.8,18060,19.1,1.3,0.0,0.0,лето,нет,да
2018-06-28,12,1158,27.0,68,2.0,18630,20.5,1.3,0.0,0.0,лето,нет,да
2018-06-28,13,1040,27.2,68,1.8,15750,20.7,1.1,0.0,0.0,лето,нет,да
2018-06-28,14,1030,27.1,72,3.0,11260,21.6,0.91,0.0,0.0,лето,нет,да
2018-06-28,15,1209,26.4,76,3.7,13700,21.8,1.01,0.0,0.0,лето,нет,да
2018-06-28,16,766,25.2,81,3.6,9610,21.6,0.5,0.0,0.0,лето,нет,да
2018-06-28,17,65,22.2,92,1.2,2540,20.8,0.11,4.9,0.0,лето,нет,да
2018-06-28,18,596,20.6,97,0.7,2220,20.1,0.14,21.5,0.0,лето,нет,да
2018-06-28,19,944,20.9,97,1.0,17470,20.3,0.19,0.0,0.0,лето,нет,да
2018-06-28,20,1039,21.0,96,0.1,14310,20.3,0.02,0.0,0.0,лето,нет,да
2018-06-28,21,1223,21.3,94,0.3,13140,20.2,0.0,0.0,0.0,лето,нет,да
2018-06-28,22,1239,21.6,94,1.1,7660,20.5,0.0,0.0,0.0,лето,нет,да
2018-06-28,23,931,21.7,96,0.3,2930,21.0,0.0,0.0,0.0,лето,нет,да
2018-06-29,0,470,21.9,95,1.9,3570,21.0,0.0,0.0,0.0,лето,нет,да
2018-06-29,1,460,22.0,96,0.1,3870,21.3,0.0,0.1,0.0,лето,нет,да
2018-06-29,2,345,22.2,96,0.8,2690,21.5,0.0,0.2,0.0,лето,нет,да
2018-06-29,3,227,22.3,96,1.2,2900,21.6,0.0,0.1,0.0,лето,нет,да
2018-06-29,4,123,22.3,96,0.0,2780,21.6,0.0,0.1,0.0,лето,нет,да
2018-06-29,5,133,22.1,97,0.5,1520,21.5,0.0,1.5,0.0,лето,нет,да
2018-06-29,6,308,21.9,97,0.2,1900,21.3,0.0,4.5,0.0,лето,нет,да
2018-06-29,7,883,22.0,97,0.9,2690,21.4,0.03,0.0,0.0,лето,нет,да
2018-06-29,8,2028,22.2,95,1.6,3890,21.3,0.26,0.0,0.0,лето,нет,да
2018-06-29,9,1195,22.9,86,1.7,5380,20.4,0.76,0.0,0.0,лето,нет,да
2018-06-29,10,913,24.4,76,2.1,6170,19.8,1.58,0.0,0.0,лето,нет,да
2018-06-29,11,956,24.8,74,1.8,6440,19.8,1.41,0.0,0.0,лето,нет,да
2018-06-29,12,1168,26.1,67,2.2,7580,19.4,2.15,0.0,0.0,лето,нет,да
2018-06-29,13,1117,26.8,65,2.0,7320,19.6,2.37,0.0,0.0,лето,нет,да
2018-06-29,14,1175,27.8,57,2.1,7600,18.4,2.62,0.0,0.0,лето,нет,да
2018-06-29,15,1209,28.4,63,2.8,7420,20.6,2.47,0.0,0.0,лето,нет,да
2018-06-29,16,1554,29.0,57,2.3,9870,19.6,2.36,0.0,0.0,лето,нет,да
2018-06-29,17,2099,28.5,60,2.6,10140,19.9,1.33,0.0,0.0,лето,нет,да
2018-06-29,18,3113,28.1,60,1.9,9590,19.5,1.05,0.0,0.0,лето,нет,да
2018-06-29,19,2602,27.1,64,1.1,8290,19.6,0.28,0.0,0.0,лето,нет,да
2018-06-29,20,2339,26.2,70,1.5,7920,20.2,0.12,0.0,0.0,лето,нет,да
2018-06-29,21,2225,25.2,75,1.4,6440,20.4,0.0,0.0,0.0,лето,нет,да
2018-06-29,22,2103,24.2,80,1.3,5000,20.5,0.0,0.0,0.0,лето,нет,да
2018-06-29,23,1552,23.5,83,1.4,4360,20.4,0.0,0.0,0.0,лето,нет,да
2018-06-30,0,1275,23.0,84,1.9,3750,20.1,0.0,0.0,0.0,лето,нет,да
2018-06-30,1,1070,22.6,85,0.3,3230,19.9,0.0,0.0,0.0,лето,нет,да
2018-06-30,2,859,22.2,88,1.0,2950,20.1,0.0,0.0,0.0,лето,нет,да
2018-06-30,3,625,21.9,88,0.9,2740,19.8,0.0,0.0,0.0,лето,нет,да
2018-06-30,4,382,21.7,93,0.1,2440,20.5,0.0,0.0,0.0,лето,нет,да
2018-06-30,5,247,21.7,88,0.6,2890,19.6,0.0,0.0,0.0,лето,нет,да
2018-06-30,6,310,22.1,85,0.5,3030,19.4,0.01,0.1,0.0,лето,нет,да
2018-06-30,7,468,22.5,86,0.6,2990,20.0,0.07,0.0,0.0,лето,нет,да
2018-06-30,8,825,23.4,81,0.5,3130,19.9,0.37,0.0,0.0,лето,нет,да
2018-06-30,9,862,24.2,81,0.9,2950,20.7,0.53,0.0,0.0,лето,нет,да
2018-06-30,10,933,25.1,73,0.9,3580,19.9,0.66,0.0,0.0,лето,нет,да
2018-06-30,11,871,26.4,71,1.0,4300,20.7,1.36,0.0,0.0,лето,нет,да
2018-06-30,12,858,25.2,94,2.8,1660,24.1,0.39,6.4,0.0,лето,нет,да
2018-06-30,13,1144,25.6,87,1.7,3900,23.2,0.71,3.5,0.0,лето,нет,да
2018-06-30,14,1235,27.5,69,0.5,7360,21.2,1.84,0.0,0.0,лето,нет,да
2018-06-30,15,1311,27.8,71,0.9,7330,22.0,0.93,0.0,0.0,лето,нет,да
2018-06-30,16,1317,27.9,69,0.5,8800,21.6,0.61,0.0,0.0,лето,нет,да
2018-06-30,17,1291,27.4,75,2.3,6160,22.5,0.46,0.0,0.0,лето,нет,да
2018-06-30,18,306,27.5,79,0.5,12370,23.5,0.65,0.5,0.0,лето,нет,да
2018-06-30,19,481,24.3,95,0.5,9580,23.4,0.11,4.0,0.0,лето,нет,да
2018-06-30,20,778,24.2,88,0.8,12760,22.0,0.06,0.0,0.0,лето,нет,да
2018-06-30,21,1005,23.9,84,0.7,15520,21.0,0.0,0.0,0.0,лето,нет,да
2018-06-30,22,1107,23.4,88,0.9,11530,21.2,0.0,0.0,0.0,лето,нет,да
2018-06-30,23,919,22.9,92,0.6,9890,21.5,0.0,0.0,0.0,лето,нет,да
2018-07-01,0,865,22.6,88,0.2,12590,20.5,0.0,0.0,0.0,лето,нет,да
2018-07-01,1,740,22.7,87,0.5,10720,20.4,0.0,0.0,0.0,лето,нет,да
2018-07-01,2,586,22.7,87,0.5,11870,20.4,0.0,0.0,0.0,лето,нет,да
2018-07-01,3,368,22.7,86,0.7,14550,20.2,0.0,0.0,0.0,лето,нет,да
2018-07-01,4,211,22.7,85,0.7,15470,20.0,0.0,0.0,0.0,лето,нет,да
2018-07-01,5,54,22.6,86,0.5,10760,20.1,0.0,0.1,0.0,лето,нет,да
2018-07-01,6,60,22.3,93,0.6,12620,21.1,0.01,0.4,0.0,лето,нет,да
2018-07-01,7,25,22.1,89,0.5,16170,20.1,0.08,0.5,0.0,лето,нет,да
2018-07-01,8,20,22.1,93,0.5,8050,20.9,0.14,1.0,0.0,лето,нет,да
2018-07-01,9,9,22.1,94,0.9,6240,21.0,0.22,1.5,0.0,лето,нет,да
2018-07-01,10,13,21.6,97,0.5,2660,21.0,0.13,12.0,0.0,лето,нет,да
2018-07-01,11,11,21.2,97,1.2,1050,20.6,0.15,18.5,0.0,лето,нет,да
2018-07-01,12,9,21.1,97,1.2,6530,20.5,0.17,7.5,0.0,лето,нет,да
2018-07-01,13,30,21.2,97,1.1,7600,20.6,0.2,3.5,0.0,лето,нет,да
2018-07-01,14,14,21.5,97,0.7,15220,20.9,0.29,1.0,0.0,лето,нет,да
2018-07-01,15,51,21.8,97,0.7,3240,21.2,0.14,5.5,0.0,лето,нет,да
2018-07-01,16,41,22.2,97,1.1,17450,21.6,0.25,1.0,0.0,лето,нет,да
2018-07-01,17,25,22.4,96,0.4,16610,21.7,0.21,1.5,0.0,лето,нет,да
2018-07-01,18,17,22.2,96,1.2,6730,21.5,0.09,3.5,0.0,лето,нет,да
2018-07-01,19,18,21.9,96,1.2,5090,21.2,0.01,5.5,0.0,лето,нет,да
2018-07-01,20,16,21.9,97,1.1,5340,21.3,0.0,6.0,0.0,лето,нет,да
2018-07-01,21,17,21.8,97,0.6,6920,21.2,0.0,3.5,0.0,лето,нет,да
2018-07-01,22,16,21.7,97,0.7,5400,21.1,0.0,3.5,0.0,лето,нет,да
2018-07-01,23,15,21.5,97,1.5,5230,20.9,0.0,5.0,0.0,лето,нет,да
2018-07-02,0,26,21.4,97,0.6,6800,20.8,0.0,2.5,0.0,лето,нет,да
2018-07-02,1,28,21.3,97,1.0,14510,20.7,0.0,3.0,0.0,лето,нет,да
2018-07-02,2,17,21.2,97,0.8,10180,20.6,0.0,2.0,0.0,лето,нет,да
2018-07-02,3,23,21.1,96,2.4,8660,20.4,0.0,4.5,0.0,лето,нет,да
2018-07-02,4,58,20.8,97,1.0,20000,20.3,0.0,4.0,0.0,лето,нет,да
2018-07-02,5,28,20.7,97,0.3,20000,20.2,0.0,0.5,0.0,лето,нет,да
2018-07-02,6,40,20.7,97,0.3,12620,20.2,0.0,1.0,0.0,лето,нет,да
2018-07-02,7,126,20.7,97,0.4,18010,20.2,0.0,0.5,0.0,лето,нет,да
2018-07-02,8,104,20.8,96,0.4,16270,20.1,0.11,1.5,0.0,лето,нет,да
2018-07-02,9,128,21.0,97,1.3,8250,20.4,0.14,3.0,0.0,лето,нет,да
2018-07-02,10,27,21.4,97,0.6,5630,20.8,0.27,1.0,0.0,лето,нет,да
2018-07-02,11,153,21.7,97,0.5,5910,21.1,0.25,8.0,0.0,лето,нет,да
2018-07-02,12,218,22.4,97,1.0,9450,21.8,0.46,0.0,0.0,лето,нет,да
2018-07-02,13,304,22.6,97,0.6,3670,22.0,0.3,0.5,0.0,лето,нет,да
2018-07-02,14,381,23.3,96,0.3,4340,22.6,0.53,0.0,0.0,лето,нет,да
2018-07-02,15,619,24.2,93,1.0,5900,22.9,0.78,0.0,0.0,лето,нет,да
2018-07-02,16,839,25.2,87,0.9,6010,22.8,0.88,0.0,0.0,лето,нет,да
2018-07-02,17,861,25.3,87,0.6,7510,22.9,0.49,0.0,0.0,лето,нет,да
2018-07-02,18,832,24.9,87,1.9,17420,22.5,0.25,0.0,0.0,лето,нет,да
2018-07-02,19,44,24.1,93,2.1,11180,22.8,0.23,1.5,0.0,лето,нет,да
2018-07-02,20,61,23.5,97,0.1,18140,22.9,0.04,24.0,0.0,лето,нет,да
2018-07-02,21,72,23.4,98,0.4,10380,23.0,0.0,1.0,0.0,лето,нет,да
2018-07-02,22,83,23.4,98,0.3,5850,23.0,0.0,2.5,0.0,лето,нет,да
2018-07-02,23,168,23.4,98,0.3,6620,23.0,0.0,0.5,0.0,лето,нет,да
2018-07-03,0,349,23.2,98,0.2,9270,22.8,0.0,0.5,0.0,лето,нет,да
2018-07-03,1,407,23.1,98,0.0,9580,22.7,0.0,0.0,0.0,лето,нет,да
2018-07-03,2,354,23.0,98,0.1,10260,22.6,0.0,0.0,0.0,лето,нет,да
2018-07-03,3,233,22.8,98,0.0,17340,22.4,0.0,0.0,0.0,лето,нет,да
2018-07-03,4,149,22.7,97,0.2,18080,22.1,0.0,0.0,0.0,лето,нет,да
2018-07-03,5,224,22.6,97,0.0,13830,22.0,0.0,0.0,0.0,лето,нет,да
2018-07-03,6,600,22.6,95,0.1,19370,21.7,0.05,0.0,0.0,лето,нет,да
2018-07-03,7,1308,23.5,86,0.2,19080,21.0,0.38,0.0,0.0,лето,нет,да
2018-07-03,8,2135,24.3,83,0.5,19860,21.2,0.53,0.0,0.0,лето,нет,да
2018-07-03,9,1156,25.7,76,0.8,19200,21.1,1.11,0.0,0.0,лето,нет,да
2018-07-03,10,818,27.6,71,1.6,18700,21.8,2.14,0.0,0.0,лето,нет,да
2018-07-03,11,906,29.2,66,1.4,19530,22.1,2.72,0.0,0.0,лето,нет,да
2018-07-03,12,944,30.1,64,1.2,20000,22.5,2.54,0.0,0.0,лето,нет,да
2018-07-03,13,994,31.2,54,1.3,19610,20.7,3.11,0.0,0.0,лето,нет,да
2018-07-03,14,1001,31.0,56,1.5,20000,21.1,1.47,0.0,0.0,лето,нет,да
2018-07-03,15,1069,32.0,54,1.2,19620,21.5,2.99,0.0,0.0,лето,нет,да
2018-07-03,16,1325,31.3,52,1.2,20000,20.2,1.63,0.0,0.0,лето,нет,да
2018-07-03,17,1783,32.4,50,2.2,20000,20.6,1.92,0.0,0.0,лето,нет,да
2018-07-03,18,2965,32.2,57,1.8,18800,22.5,1.53,0.0,0.0,лето,нет,да
2018-07-03,19,2598,30.4,62,0.9,20000,22.2,0.65,0.1,0.0,лето,нет,да
2018-07-03,20,2398,28.8,72,0.9,20000,23.2,0.11,0.0,0.0,лето,нет,да
2018-07-03,21,2264,27.8,72,0.6,20000,22.2,0.0,0.0,0.0,лето,нет,да
2018-07-03,22,1948,26.9,78,0.6,18060,22.7,0.0,0.0,0.0,лето,нет,да
2018-07-03,23,1365,26.4,78,0.3,20000,22.2,0.0,0.0,0.0,лето,нет,да
2018-07-04,0,971,25.9,79,0.3,20000,21.9,0.0,0.0,0.0,лето,нет,да
2018-07-04,1,796,25.4,79,1.0,20000,21.4,0.0,0.0,0.0,лето,нет,да
2018-07-04,2,555,25.1,82,0.2,20000,21.8,0.0,0.0,0.0,лето,нет,да
2018-07-04,3,372,24.9,83,0.2,18570,21.8,0.0,0.0,0.0,лето,нет,да
2018-07-04,4,234,24.7,82,0.3,20000,21.4,0.0,0.0,0.0,лето,нет,да
2018-07-04,5,316,24.2,86,0.2,20000,21.7,0.0,0.0,0.0,лето,нет,да
2018-07-04,6,747,24.0,84,0.1,19690,21.1,0.05,0.0,0.0,лето,нет,да
2018-07-04,7,1450,24.6,78,0.5,20000,20.5,0.33,0.0,0.0,лето,нет,да
2018-07-04,8,2215,26.4,64,0.5,19090,19.0,1.33,0.0,0.0,лето,нет,да
2018-07-04,9,1191,27.4,68,0.5,19410,20.9,1.31,0.0,0.0,лето,нет,да
2018-07-04,10,831,28.5,65,1.5,15190,21.2,1.74,0.0,0.0,лето,нет,да
2018-07-04,11,941,30.0,60,2.3,18610,21.3,2.61,0.0,0.0,лето,нет,да
2018-07-04,12,1021,30.5,58,2.5,17410,21.2,2.26,0.0,0.0,лето,нет,да
2018-07-04,13,1007,31.0,60,2.6,16570,22.3,2.75,0.0,0.0,лето,нет,да
2018-07-04,14,1005,31.3,58,3.0,14790,22.0,2.46,0.0,0.0,лето,нет,да
2018-07-04,15,1038,31.1,57,3.7,19120,21.5,2.03,0.0,0.0,лето,нет,да
2018-07-04,16,1306,31.6,57,2.7,18820,22.0,2.19,0.0,0.0,лето,нет,да
2018-07-04,17,1856,31.2,56,3.4,19430,21.3,1.82,0.0,0.0,лето,нет,да
2018-07-04,18,3080,30.0,60,2.5,19330,21.3,0.99,0.0,0.0,лето,нет,да
2018-07-04,19,2637,28.2,64,2.8,19780,20.7,0.5,0.0,0.0,лето,нет,да
2018-07-04,20,2415,27.1,67,2.9,19490,20.4,0.06,0.0,0.0,лето,нет,да
2018-07-04,21,2274,26.2,70,2.2,19080,20.2,0.0,0.0,0.0,лето,нет,да
2018-07-04,22,2091,25.1,73,2.5,18080,19.9,0.0,0.0,0.0,лето,нет,да
2018-07-04,23,1432,24.7,74,1.4,15960,19.7,0.0,0.0,0.0,лето,нет,да
2018-07-05,0,1078,24.2,77,1.8,13650,19.9,0.0,0.0,0.0,лето,нет,да
2018-07-05,1,846,23.9,79,1.7,11210,20.0,0.0,0.0,0.0,лето,нет,да
2018-07-05,2,568,23.6,80,1.5,8790,19.9,0.0,0.0,0.0,лето,нет,да
2018-07-05,3,376,23.5,81,0.9,8780,20.0,0.0,0.0,0.0,лето,нет,да
2018-07-05,4,267,23.5,80,0.4,9240,19.8,0.0,0.0,0.0,лето,нет,да
2018-07-05,5,326,23.5,80,0.3,8380,19.8,0.0,0.0,0.0,лето,нет,да
2018-07-05,6,438,23.5,80,0.3,7680,19.8,0.0,0.0,0.0,лето,нет,да
2018-07-05,7,828,23.5,90,0.5,4450,21.7,0.05,0.5,0.0,лето,нет,да
2018-07-05,8,1836,23.6,93,0.9,3080,22.3,0.21,0.0,0.0,лето,нет,да
2018-07-05,9,1112,24.2,84,0.9,6320,21.3,0.49,0.0,0.0,лето,нет,да
2018-07-05,10,827,25.6,75,1.1,10280,20.8,1.22,0.0,0.0,лето,нет,да
2018-07-05,11,890,26.3,71,1.1,13400,20.6,0.86,0.0,0.0,лето,нет,да
2018-07-05,12,996,27.0,68,1.1,17440,20.5,1.2,0.0,0.0,лето,нет,да
2018-07-05,13,929,28.1,67,1.1,17720,21.3,1.43,0.0,0.0,лето,нет,да
2018-07-05,14,933,28.3,67,3.0,12420,21.5,1.73,0.0,0.0,лето,нет,да
2018-07-05,15,1011,28.8,66,0.9,18060,21.8,1.55,0.0,0.0,лето,нет,да
2018-07-05,16,1105,28.2,71,1.7,20000,22.4,0.96,0.0,0.0,лето,нет,да
2018-07-05,17,1381,27.3,76,0.9,19710,22.6,0.52,0.0,0.0,лето,нет,да
2018-07-05,18,2594,26.8,71,1.2,20000,21.0,0.21,0.0,0.0,лето,нет,да
2018-07-05,19,2309,26.7,69,1.4,20000,20.5,0.36,0.0,0.0,лето,нет,да
2018-07-05,20,2122,25.8,68,1.4,20000,19.4,0.09,0.0,0.0,лето,нет,да
2018-07-05,21,2063,25.2,67,1.5,20000,18.6,0.0,0.0,0.0,лето,нет,да
2018-07-05,22,1941,24.4,67,1.6,20000,17.8,0.0,0.0,0.0,лето,нет,да
2018-07-05,23,1406,23.9,66,1.5,20000,17.1,0.0,0.0,0.0,лето,нет,да
2018-07-06,0,1075,23.5,65,1.9,20000,16.5,0.0,0.0,0.0,лето,нет,да
2018-07-06,1,839,23.1,66,1.6,20000,16.3,0.0,0.0,0.0,лето,нет,да
2018-07-06,2,558,22.8,65,1.8,20000,15.8,0.0,0.0,0.0,лето,нет,да
2018-07-06,3,403,22.6,66,1.5,20000,15.9,0.0,0.0,0.0,лето,нет,да
2018-07-06,4,273,22.6,66,0.9,20000,15.9,0.0,0.0,0.0,лето,нет,да
2018-07-06,5,311,22.5,66,1.5,20000,15.8,0.0,0.0,0.0,лето,нет,да
2018-07-06,6,723,22.4,65,1.6,20000,15.4,0.01,0.0,0.0,лето,нет,да
2018-07-06,7,1449,22.6,63,1.3,20000,15.1,0.21,0.0,0.0,лето,нет,да
2018-07-06,8,2273,23.2,60,1.7,20000,14.9,0.58,0.0,0.0,лето,нет,да
2018-07-06,9,1318,23.3,61,1.7,20000,15.3,0.8,0.0,0.0,лето,нет,да
2018-07-06,10,998,23.7,59,1.7,20000,15.2,0.89,0.0,0.0,лето,нет,да
2018-07-06,11,1024,23.9,59,2.1,20000,15.3,1.08,0.0,0.0,лето,нет,да
2018-07-06,12,1216,25.7,57,1.9,20000,16.5,2.32,0.0,0.0,лето,нет,да
2018-07-06,13,1210,26.2,53,2.1,20000,15.8,2.23,0.0,0.0,лето,нет,да
2018-07-06,14,1209,27.0,52,2.1,20000,16.2,2.51,0.0,0.0,лето,нет,да
2018-07-06,15,1346,26.9,51,2.0,20000,15.9,1.95,0.0,0.0,лето,нет,да
2018-07-06,16,1635,26.6,54,2.3,20000,16.5,1.24,0.0,0.0,лето,нет,да
2018-07-06,17,2282,26.6,52,2.2,20000,15.9,1.02,0.0,0.0,лето,нет,да
2018-07-06,18,3196,25.9,52,2.1,20000,15.2,0.57,0.0,0.0,лето,нет,да
2018-07-06,19,2557,25.0,52,2.2,20000,14.4,0.37,0.0,0.0,лето,нет,да
2018-07-06,20,2223,23.8,55,2.3,20000,14.2,0.05,0.0,0.0,лето,нет,да
2018-07-06,21,2183,23.1,54,2.1,20000,13.2,0.0,0.0,0.0,лето,нет,да
2018-07-06,22,1917,22.5,54,2.1,20000,12.7,0.0,0.0,0.0,лето,нет,да
2018-07-06,23,1458,22.0,55,1.7,20000,12.5,0.0,0.0,0.0,лето,нет,да
2018-07-07,0,1191,21.5,56,1.8,20000,12.3,0.0,0.0,0.0,лето,нет,да
2018-07-07,1,1079,21.1,57,2.0,20000,12.2,0.0,0.0,0.0,лето,нет,да
2018-07-07,2,760,20.7,58,1.5,20000,12.1,0.0,0.0,0.0,лето,нет,да
2018-07-07,3,545,20.4,59,1.0,20000,12.1,0.0,0.0,0.0,лето,нет,да
2018-07-07,4,331,20.0,63,1.8,20000,12.7,0.0,0.0,0.0,лето,нет,да
2018-07-07,5,273,19.8,63,1.4,20000,12.5,0.0,0.0,0.0,лето,нет,да
2018-07-07,6,396,19.5,61,1.5,20000,11.7,0.03,0.0,0.0,лето,нет,да
2018-07-07,7,567,19.6,57,1.6,20000,10.8,0.42,0.0,0.0,лето,нет,да
2018-07-07,8,832,21.2,52,1.6,19980,10.9,1.2,0.0,0.0,лето,нет,да
2018-07-07,9,1009,22.6,51,1.7,20000,11.9,1.87,0.0,0.0,лето,нет,да
2018-07-07,10,1050,24.0,49,1.7,20000,12.6,2.48,0.0,0.0,лето,нет,да
2018-07-07,11,1129,25.0,48,1.5,19860,13.2,2.95,0.0,0.0,лето,нет,да
2018-07-07,12,1328,26.4,47,1.7,20000,14.1,3.26,0.0,0.0,лето,нет,да
2018-07-07,13,1399,27.5,43,2.0,20000,13.7,3.41,0.0,0.0,лето,нет,да
2018-07-07,14,1430,28.3,43,1.6,19410,14.5,3.33,0.0,0.0,лето,нет,да
2018-07-07,15,1579,28.7,42,1.3,20000,14.5,2.98,0.0,0.0,лето,нет,да
2018-07-07,16,1764,28.9,44,1.6,19980,15.4,2.2,0.0,0.0,лето,нет,да
2018-07-07,17,2020,28.9,45,1.4,20000,15.7,1.89,0.0,0.0,лето,нет,да
2018-07-07,18,2238,27.8,48,1.2,20000,15.7,0.91,0.0,0.0,лето,нет,да
2018-07-07,19,2352,26.1,51,1.4,20000,15.1,0.32,0.0,0.0,лето,нет,да
2018-07-07,20,2232,24.6,51,1.7,20000,13.7,0.07,0.0,0.0,лето,нет,да
2018-07-07,21,2235,23.4,52,1.4,20000,12.9,0.0,0.0,0.0,лето,нет,да
2018-07-07,22,1921,22.6,51,1.7,20000,11.9,0.0,0.0,0.0,лето,нет,да
2018-07-07,23,1416,21.7,51,1.7,20000,11.1,0.0,0.0,0.0,лето,нет,да
2018-07-08,0,1208,20.7,51,1.7,20000,10.1,0.0,0.0,0.0,лето,нет,да
2018-07-08,1,946,19.9,52,1.6,20000,9.7,0.0,0.0,0.0,лето,нет,да
2018-07-08,2,648,19.3,54,1.4,20000,9.7,0.0,0.0,0.0,лето,нет,да
2018-07-08,3,460,18.8,56,1.2,20000,9.8,0.0,0.0,0.0,лето,нет,да
2018-07-08,4,277,18.4,57,1.1,20000,9.7,0.0,0.0,0.0,лето,нет,да
2018-07-08,5,253,18.1,57,1.4,20000,9.4,0.0,0.0,0.0,лето,нет,да
2018-07-08,6,267,17.8,58,1.1,20000,9.4,0.04,0.0,0.0,лето,нет,да
2018-07-08,7,410,18.2,54,1.2,20000,8.7,0.42,0.0,0.0,лето,нет,да
2018-07-08,8,684,19.1,53,1.7,19520,9.2,0.8,0.0,0.0,лето,нет,да
2018-07-08,9,787,20.8,51,1.5,19730,10.2,1.65,0.0,0.0,лето,нет,да
2018-07-08,10,867,22.5,48,1.6,19400,10.9,2.33,0.0,0.0,лето,нет,да
2018-07-08,11,1053,23.8,47,2.1,20000,11.8,2.59,0.0,0.0,лето,нет,да
2018-07-08,12,1237,25.0,46,1.9,19430,12.5,2.93,0.0,0.0,лето,нет,да
2018-07-08,13,1442,26.1,45,1.8,20000,13.2,3.33,0.0,0.0,лето,нет,да
2018-07-08,14,1517,27.1,41,1.4,19410,12.7,3.24,0.0,0.0,лето,нет,да
2018-07-08,15,1693,27.6,37,1.9,20000,11.5,2.58,0.0,0.0,лето,нет,да
2018-07-08,16,2070,27.9,39,1.2,20000,12.6,2.16,0.0,0.0,лето,нет,да
2018-07-08,17,2266,27.4,44,1.7,20000,14.0,1.17,0.0,0.0,лето,нет,да
2018-07-08,18,2351,26.7,48,1.0,20000,14.7,0.53,0.0,0.0,лето,нет,да
2018-07-08,19,2272,26.3,51,1.7,20000,15.3,0.18,0.0,0.0,лето,нет,да
2018-07-08,20,2348,25.7,53,1.3,20000,15.3,0.03,0.0,0.0,лето,нет,да
2018-07-08,21,2055,25.3,55,1.4,20000,15.6,0.0,0.0,0.0,лето,нет,да
2018-07-08,22,1717,25.0,57,1.0,20000,15.8,0.0,0.0,0.0,лето,нет,да
2018-07-08,23,1252,24.6,60,2.6,20000,16.3,0.0,0.0,0.0,лето,нет,да
2018-07-09,0,900,24.2,61,1.7,20000,16.1,0.0,0.0,0.0,лето,нет,да
2018-07-09,1,554,23.7,64,0.8,20000,16.4,0.0,0.0,0.0,лето,нет,да
2018-07-09,2,387,22.7,63,0.9,20000,15.2,0.0,0.0,0.0,лето,нет,да
2018-07-09,3,285,21.9,63,1.3,20000,14.5,0.0,0.0,0.0,лето,нет,да
2018-07-09,4,206,21.4,63,1.5,20000,14.0,0.0,0.0,0.0,лето,нет,да
2018-07-09,5,301,21.1,64,1.5,20000,14.0,0.0,0.0,0.0,лето,нет,да
2018-07-09,6,486,21.0,64,1.0,20000,13.9,0.03,0.0,0.0,лето,нет,да
2018-07-09,7,451,20.9,66,1.4,20000,14.3,0.1,0.0,0.0,лето,нет,да
2018-07-09,8,670,20.7,73,0.8,20000,15.6,0.3,0.2,0.0,лето,нет,да
2018-07-09,9,575,21.1,72,1.0,19820,15.8,0.52,0.0,0.0,лето,нет,да
2018-07-09,10,217,21.1,73,1.2,19570,16.0,0.4,0.0,0.0,лето,нет,да
2018-07-09,11,186,20.6,82,1.0,20000,17.4,0.29,0.3,0.0,лето,нет,да
2018-07-09,12,71,20.7,83,0.6,12440,17.7,0.32,0.0,0.0,лето,нет,да
2018-07-09,13,99,20.3,87,1.0,7710,18.0,0.31,0.5,0.0,лето,нет,да
2018-07-09,14,110,20.2,89,1.0,18540,18.3,0.27,0.5,0.0,лето,нет,да
2018-07-09,15,59,20.3,90,0.9,13560,18.5,0.34,0.0,0.0,лето,нет,да
2018-07-09,16,68,20.2,91,1.2,16370,18.6,0.42,1.0,0.0,лето,нет,да
2018-07-09,17,104,20.3,93,1.4,16840,19.1,0.32,1.0,0.0,лето,нет,да
2018-07-09,18,140,20.3,93,1.3,18320,19.1,0.22,0.5,0.0,лето,нет,да
2018-07-09,19,68,20.4,94,1.1,17690,19.3,0.14,0.5,0.0,лето,нет,да
2018-07-09,20,48,20.3,95,0.8,13720,19.4,0.02,1.0,0.0,лето,нет,да
2018-07-09,21,95,20.3,96,1.0,10070,19.6,0.0,1.5,0.0,лето,нет,да
2018-07-09,22,71,20.4,96,1.1,16410,19.7,0.0,0.5,0.0,лето,нет,да
2018-07-09,23,40,20.4,96,0.6,11370,19.7,0.0,1.0,0.0,лето,нет,да
2018-07-10,0,29,20.4,97,0.3,1830,19.9,0.0,5.5,0.0,лето,нет,да
2018-07-10,1,39,20.4,97,0.3,1930,19.9,0.0,8.5,0.0,лето,нет,да
2018-07-10,2,84,20.5,98,0.5,5960,20.1,0.0,6.5,0.0,лето,нет,да
2018-07-10,3,136,20.6,98,0.8,19860,20.2,0.0,0.5,0.0,лето,нет,да
2018-07-10,4,133,20.6,97,0.5,19890,20.1,0.0,0.0,0.0,лето,нет,да
2018-07-10,5,174,20.6,97,0.6,20000,20.1,0.0,0.0,0.0,лето,нет,да
2018-07-10,6,534,20.7,97,0.9,20000,20.2,0.02,0.0,0.0,лето,нет,да
2018-07-10,7,1209,21.1,95,0.4,20000,20.2,0.14,0.0,0.0,лето,нет,да
2018-07-10,8,2017,21.7,89,0.5,20000,19.8,0.31,0.0,0.0,лето,нет,да
2018-07-10,9,1061,22.3,86,1.0,20000,19.8,0.42,0.0,0.0,лето,нет,да
2018-07-10,10,768,22.6,85,0.9,19960,19.9,0.38,0.0,0.0,лето,нет,да
2018-07-10,11,909,23.2,82,1.1,19910,19.9,0.47,0.0,0.0,лето,нет,да
2018-07-10,12,1035,24.1,80,0.8,20000,20.4,0.72,0.0,0.0,лето,нет,да
2018-07-10,13,1074,25.2,77,1.2,19510,20.8,1.06,0.0,0.0,лето,нет,да
2018-07-10,14,1142,25.5,77,0.8,19570,21.1,0.75,0.0,0.0,лето,нет,да
2018-07-10,15,1169,25.7,77,0.5,18750,21.3,0.48,0.0,0.0,лето,нет,да
2018-07-10,16,1462,26.3,74,0.7,15800,21.2,0.52,0.0,0.0,лето,нет,да
2018-07-10,17,1603,26.5,76,1.0,14000,21.9,0.36,0.0,0.0,лето,нет,да
2018-07-10,18,1665,26.2,82,0.4,14080,22.8,0.21,0.0,0.0,лето,нет,да
2018-07-10,19,794,25.7,83,1.1,10110,22.5,0.08,0.5,0.0,лето,нет,да
2018-07-10,20,908,25.3,89,0.3,7450,23.3,0.0,0.0,0.0,лето,нет,да
2018-07-10,21,1352,25.1,86,0.3,8700,22.5,0.0,0.0,0.0,лето,нет,да
2018-07-10,22,971,25.0,86,0.5,7960,22.4,0.0,0.0,0.0,лето,нет,да
2018-07-10,23,373,24.9,87,0.5,6580,22.5,0.0,0.0,0.0,лето,нет,да
2018-07-11,0,240,24.6,96,0.7,3080,23.9,0.0,0.5,0.0,лето,нет,да
2018-07-11,1,240,24.6,96,0.5,4430,23.9,0.0,0.5,0.0,лето,нет,да
2018-07-11,2,236,24.5,96,0.5,4760,23.8,0.0,0.0,0.0,лето,нет,да
2018-07-11,3,157,24.5,97,0.8,2630,23.9,0.0,0.5,0.0,лето,нет,да
2018-07-11,4,71,24.5,97,1.0,3170,23.9,0.0,0.0,0.0,лето,нет,да
2018-07-11,5,76,24.5,97,0.5,2290,23.9,0.0,0.5,0.0,лето,нет,да
2018-07-11,6,187,24.5,97,0.1,2900,23.9,0.0,0.5,0.0,лето,нет,да
2018-07-11,7,303,24.6,97,0.3,1800,24.0,0.07,0.5,0.0,лето,нет,да
2018-07-11,8,827,25.1,97,0.8,4900,24.5,0.26,0.0,0.0,лето,нет,да
2018-07-11,9,634,25.6,96,0.6,4500,24.9,0.41,0.0,0.0,лето,нет,да
2018-07-11,10,581,26.3,91,0.6,7490,24.7,0.63,0.5,0.0,лето,нет,да
2018-07-11,11,792,27.2,82,0.9,10930,23.8,0.93,0.0,0.0,лето,нет,да
2018-07-11,12,964,28.1,73,2.1,13260,22.7,0.87,0.0,0.0,лето,нет,да
2018-07-11,13,991,28.7,69,2.6,15460,22.4,1.02,0.0,0.0,лето,нет,да
2018-07-11,14,1052,29.2,67,2.8,17250,22.4,1.13,0.0,0.0,лето,нет,да
2018-07-11,15,1106,29.4,68,2.3,15250,22.8,1.29,0.0,0.0,лето,нет,да
2018-07-11,16,1344,28.7,70,3.2,15860,22.6,0.73,0.0,0.0,лето,нет,да
2018-07-11,17,1923,28.7,71,2.9,16660,22.9,0.71,0.0,0.0,лето,нет,да
2018-07-11,18,2931,28.4,75,2.4,15640,23.5,0.52,0.0,0.0,лето,нет,да
2018-07-11,19,2328,28.2,72,1.6,17450,22.6,0.13,0.0,0.0,лето,нет,да
2018-07-11,20,2048,27.7,76,1.8,17270,23.0,0.04,0.0,0.0,лето,нет,да
2018-07-11,21,1936,27.3,78,1.2,16060,23.1,0.0,0.0,0.0,лето,нет,да
2018-07-11,22,1870,27.1,79,1.2,15780,23.1,0.0,0.0,0.0,лето,нет,да
2018-07-11,23,1298,26.9,79,0.1,15410,22.9,0.0,0.0,0.0,лето,нет,да
2018-07-12,0,938,26.7,79,0.9,15900,22.7,0.0,0.0,0.0,лето,нет,да
2018-07-12,1,787,26.6,80,0.0,14850,22.8,0.0,0.0,0.0,лето,нет,да
2018-07-12,2,517,26.3,84,0.3,13610,23.3,0.0,0.0,0.0,лето,нет,да
2018-07-12,3,322,26.2,83,0.3,12940,23.0,0.0,0.0,0.0,лето,нет,да
2018-07-12,4,159,26.1,85,0.6,10810,23.3,0.0,0.0,0.0,лето,нет,да
2018-07-12,5,231,25.9,91,0.4,8720,24.3,0.0,0.5,0.0,лето,нет,да
2018-07-12,6,593,25.6,93,1.1,8520,24.3,0.01,0.0,0.0,лето,нет,да
2018-07-12,7,1279,25.9,87,1.7,8340,23.5,0.26,0.0,0.0,лето,нет,да
2018-07-12,8,1811,26.3,84,2.1,9730,23.3,0.48,0.0,0.0,лето,нет,да
2018-07-12,9,982,26.5,82,2.7,8150,23.1,0.57,0.0,0.0,лето,нет,да
2018-07-12,10,746,26.7,88,1.6,8020,24.5,0.89,0.5,0.0,лето,нет,да
2018-07-12,11,805,27.4,78,2.3,11640,23.2,1.11,0.0,0.0,лето,нет,да
2018-07-12,12,991,27.4,80,2.7,10830,23.6,0.97,0.0,0.0,лето,нет,да
2018-07-12,13,959,27.7,76,2.6,12580,23.0,1.0,0.0,0.0,лето,нет,да
2018-07-12,14,976,27.8,76,3.1,15170,23.1,1.0,0.0,0.0,лето,нет,да
2018-07-12,15,1163,28.0,76,2.3,14370,23.3,1.0,0.0,0.0,лето,нет,да
2018-07-12,16,1296,28.1,74,2.8,15590,23.0,1.06,0.0,0.0,лето,нет,да
2018-07-12,17,1915,27.9,75,2.5,16430,23.0,0.75,0.0,0.0,лето,нет,да
2018-07-12,18,3016,27.5,77,2.1,18970,23.0,0.46,0.0,0.0,лето,нет,да
2018-07-12,19,2313,27.4,78,1.1,18990,23.2,0.27,0.0,0.0,лето,нет,да
2018-07-12,20,2214,26.9,80,1.5,18060,23.1,0.09,0.0,0.0,лето,нет,да
2018-07-12,21,2115,26.3,81,0.8,19100,22.7,0.0,0.0,0.0,лето,нет,да
2018-07-12,22,1945,25.9,83,0.6,18270,22.7,0.0,0.0,0.0,лето,нет,да
2018-07-12,23,1355,25.5,84,0.8,19060,22.5,0.0,0.0,0.0,лето,нет,да
2018-07-13,0,1006,25.1,87,0.4,18000,22.7,0.0,0.0,0.0,лето,нет,да
2018-07-13,1,760,24.8,89,0.9,15550,22.8,0.0,0.0,0.0,лето,нет,да
2018-07-13,2,600,24.9,86,1.3,14690,22.3,0.0,0.0,0.0,лето,нет,да
2018-07-13,3,377,24.9,86,2.0,10790,22.3,0.0,0.0,0.0,лето,нет,да
2018-07-13,4,241,24.8,86,2.1,11030,22.2,0.0,0.0,0.0,лето,нет,да
2018-07-13,5,301,24.8,84,1.4,13030,21.9,0.0,0.0,0.0,лето,нет,да
2018-07-13,6,665,24.8,84,1.1,14260,21.9,0.0,0.0,0.0,лето,нет,да
2018-07-13,7,1321,25.0,83,1.0,13500,21.9,0.13,0.0,0.0,лето,нет,да
2018-07-13,8,2114,25.5,80,1.8,14020,21.7,0.37,0.0,0.0,лето,нет,да
2018-07-13,9,1240,26.6,73,2.2,11470,21.3,1.01,0.0,0.0,лето,нет,да
2018-07-13,10,836,27.4,70,2.4,13350,21.4,1.28,0.0,0.0,лето,нет,да
2018-07-13,11,887,27.5,70,2.4,17190,21.5,1.07,0.0,0.0,лето,нет,да
2018-07-13,12,1013,28.3,68,1.9,15460,21.8,1.35,0.0,0.0,лето,нет,да
2018-07-13,13,1046,28.9,68,2.8,19340,22.3,1.55,0.0,0.0,лето,нет,да
2018-07-13,14,999,29.5,62,2.7,19410,21.4,1.79,0.0,0.0,лето,нет,да
2018-07-13,15,1094,30.2,62,2.4,18060,22.1,1.91,0.0,0.0,лето,нет,да
2018-07-13,16,1291,30.0,67,2.0,16980,23.1,1.46,0.0,0.0,лето,нет,да
2018-07-13,17,1782,30.1,65,1.8,19230,22.7,1.36,0.0,0.0,лето,нет,да
2018-07-13,18,2884,30.8,60,2.5,17930,22.1,1.43,0.0,0.0,лето,нет,да
2018-07-13,19,2320,29.8,68,2.6,17490,23.2,0.81,0.0,0.0,лето,нет,да
2018-07-13,20,2069,28.2,76,2.2,18880,23.5,0.08,0.0,0.0,лето,нет,да
2018-07-13,21,1924,27.2,80,2.3,18700,23.4,0.0,0.0,0.0,лето,нет,да
2018-07-13,22,1879,26.7,82,1.3,17250,23.3,0.0,0.0,0.0,лето,нет,да
2018-07-13,23,1439,26.2,84,1.0,16460,23.2,0.0,0.0,0.0,лето,нет,да
2018-07-14,0,1169,25.7,85,0.4,15190,22.9,0.0,0.0,0.0,лето,нет,да
2018-07-14,1,1062,25.4,85,1.4,16630,22.6,0.0,0.0,0.0,лето,нет,да
2018-07-14,2,783,25.3,85,1.7,15940,22.5,0.0,0.0,0.0,лето,нет,да
2018-07-14,3,545,25.2,83,1.1,18350,22.0,0.0,0.0,0.0,лето,нет,да
2018-07-14,4,307,25.1,82,1.5,13360,21.8,0.0,0.0,0.0,лето,нет,да
2018-07-14,5,266,24.8,86,1.6,11700,22.2,0.0,0.0,0.0,лето,нет,да
2018-07-14,6,356,24.6,86,0.4,11190,22.0,0.02,0.0,0.0,лето,нет,да
2018-07-14,7,537,24.9,81,0.3,12890,21.4,0.24,0.0,0.0,лето,нет,да
2018-07-14,8,787,26.1,74,0.7,12540,21.0,0.87,0.0,0.0,лето,нет,да
2018-07-14,9,909,27.0,70,1.1,13930,21.0,1.15,0.0,0.0,лето,нет,да
2018-07-14,10,910,27.8,68,2.1,14900,21.3,1.29,0.0,0.0,лето,нет,да
2018-07-14,11,945,29.0,65,2.0,16420,21.7,2.22,0.0,0.0,лето,нет,да
2018-07-14,12,1039,30.2,58,2.3,13590,21.0,2.64,0.0,0.0,лето,нет,да
2018-07-14,13,1078,30.7,59,2.3,15340,21.7,2.67,0.0,0.0,лето,нет,да
2018-07-14,14,1038,30.7,59,2.9,16120,21.7,2.05,0.0,0.0,лето,нет,да
2018-07-14,15,1058,31.1,59,2.3,19290,22.1,2.34,0.0,0.0,лето,нет,да
2018-07-14,16,1177,31.7,55,2.3,18950,21.5,2.16,0.0,0.0,лето,нет,да
2018-07-14,17,1433,31.5,53,3.7,19740,20.7,2.02,0.0,0.0,лето,нет,да
2018-07-14,18,1624,31.1,55,2.2,18970,20.9,1.05,0.0,0.0,лето,нет,да
2018-07-14,19,1797,30.4,59,2.4,19720,21.4,0.69,0.0,0.0,лето,нет,да
2018-07-14,20,2023,29.2,63,1.7,19880,21.4,0.1,0.0,0.0,лето,нет,да
2018-07-14,21,2011,28.2,64,2.8,20000,20.7,0.0,0.0,0.0,лето,нет,да
2018-07-14,22,1682,27.6,70,2.7,19940,21.6,0.0,0.0,0.0,лето,нет,да
2018-07-14,23,1278,26.6,80,2.0,15270,22.8,0.0,0.0,0.0,лето,нет,да
2018-07-15,0,1143,26.0,82,1.9,16740,22.6,0.0,0.0,0.0,лето,нет,да
2018-07-15,1,868,25.5,83,2.3,15760,22.3,0.0,0.0,0.0,лето,нет,да
2018-07-15,2,632,25.1,85,1.1,13790,22.3,0.0,0.0,0.0,лето,нет,да
2018-07-15,3,443,24.8,86,0.2,13540,22.2,0.0,0.0,0.0,лето,нет,да
2018-07-15,4,278,24.6,86,0.1,13580,22.0,0.0,0.0,0.0,лето,нет,да
2018-07-15,5,223,24.5,85,0.7,13450,21.8,0.0,0.0,0.0,лето,нет,да
2018-07-15,6,292,24.8,83,0.2,15340,21.7,0.02,0.0,0.0,лето,нет,да
2018-07-15,7,402,25.2,80,0.2,15510,21.4,0.18,0.0,0.0,лето,нет,да
2018-07-15,8,613,26.2,75,0.9,15600,21.4,0.77,0.0,0.0,лето,нет,да
2018-07-15,9,715,27.0,71,1.0,15180,21.2,0.97,0.0,0.0,лето,нет,да
2018-07-15,10,701,28.5,66,1.7,13190,21.5,1.83,0.0,0.0,лето,нет,да
2018-07-15,11,712,28.7,64,1.3,13320,21.2,1.53,0.0,0.0,лето,нет,да
2018-07-15,12,803,30.1,58,1.6,14910,20.9,2.15,0.0,0.0,лето,нет,да
2018-07-15,13,810,31.4,53,3.2,16950,20.6,3.28,0.0,0.0,лето,нет,да
2018-07-15,14,822,32.4,50,2.0,17350,20.6,3.13,0.0,0.0,лето,нет,да
2018-07-15,15,946,32.9,49,2.6,16310,20.7,2.81,0.0,0.0,лето,нет,да
2018-07-15,16,1125,32.8,52,3.0,18030,21.6,2.28,0.0,0.0,лето,нет,да
2018-07-15,17,1247,32.7,52,3.0,18720,21.5,1.96,0.0,0.0,лето,нет,да
2018-07-15,18,1466,32.2,55,2.4,17690,22.0,1.28,0.0,0.0,лето,нет,да
2018-07-15,19,1847,31.2,62,2.1,18520,23.0,0.63,0.0,0.0,лето,нет,да
2018-07-15,20,2058,29.2,72,2.1,19320,23.6,0.09,0.0,0.0,лето,нет,да
2018-07-15,21,1924,28.1,74,3.1,18400,23.0,0.0,0.0,0.0,лето,нет,да
2018-07-15,22,1607,27.5,77,0.9,17780,23.0,0.0,0.0,0.0,лето,нет,да
2018-07-15,23,1113,27.0,78,1.6,16090,22.8,0.0,0.0,0.0,лето,нет,да
2018-07-16,0,732,26.5,81,0.9,16500,22.9,0.0,0.0,0.0,лето,нет,да
2018-07-16,1,498,25.9,83,1.3,15200,22.7,0.0,0.0,0.0,лето,нет,да
2018-07-16,2,469,25.4,84,0.6,13400,22.4,0.0,0.0,0.0,лето,нет,да
2018-07-16,3,276,25.1,85,0.7,15070,22.3,0.0,0.0,0.0,лето,нет,да
2018-07-16,4,211,24.6,84,0.7,13730,21.7,0.0,0.0,0.0,лето,нет,да
2018-07-16,5,324,24.3,85,1.0,14960,21.6,0.0,0.0,0.0,лето,нет,да
2018-07-16,6,703,24.0,85,0.9,15690,21.3,0.02,0.0,0.0,лето,нет,да
2018-07-16,7,1344,24.5,73,0.9,19010,19.3,0.36,0.0,0.0,лето,нет,да
2018-07-16,8,1935,26.4,69,0.5,15590,20.2,1.09,0.0,0.0,лето,нет,да
2018-07-16,9,1014,28.0,64,1.0,16820,20.5,1.35,0.0,0.0,лето,нет,да
2018-07-16,10,678,29.8,54,1.8,17370,19.4,2.34,0.0,0.0,лето,нет,да
2018-07-16,11,688,31.5,51,2.1,14980,20.1,2.83,0.0,0.0,лето,нет,да
2018-07-16,12,719,32.4,49,2.0,18440,20.3,3.09,0.0,0.0,лето,нет,да
2018-07-16,13,727,33.0,51,2.5,11000,21.5,3.09,0.0,0.0,лето,нет,да
2018-07-16,14,691,33.7,45,2.5,18430,20.1,3.23,0.0,0.0,лето,нет,да
2018-07-16,15,745,33.4,44,3.1,19280,19.4,2.95,0.0,0.0,лето,нет,да
2018-07-16,16,818,33.3,46,3.1,19140,20.1,2.51,0.0,0.0,лето,нет,да
2018-07-16,17,1425,33.0,46,3.1,19260,19.8,1.89,0.0,0.0,лето,нет,да
2018-07-16,18,2636,32.3,47,3.0,19610,19.5,1.26,0.0,0.0,лето,нет,да
2018-07-16,19,2368,31.2,52,2.4,19900,20.1,0.57,0.0,0.0,лето,нет,да
2018-07-16,20,2362,29.3,58,2.4,20000,20.1,0.09,0.0,0.0,лето,нет,да
2018-07-16,21,2241,28.0,64,1.5,20000,20.5,0.0,0.0,0.0,лето,нет,да
2018-07-16,22,1934,27.2,69,1.7,20000,21.0,0.0,0.0,0.0,лето,нет,да
2018-07-16,23,1285,26.6,75,1.5,19960,21.7,0.0,0.0,0.0,лето,нет,да
2018-07-17,0,1003,26.4,76,1.2,20000,21.8,0.0,0.0,0.0,лето,нет,да
2018-07-17,1,692,25.8,78,0.4,20000,21.6,0.0,0.0,0.0,лето,нет,да
2018-07-17,2,497,25.3,78,1.0,20000,21.1,0.0,0.0,0.0,лето,нет,да
2018-07-17,3,372,24.8,80,1.0,19880,21.1,0.0,0.0,0.0,лето,нет,да
2018-07-17,4,222,24.4,80,1.0,11120,20.7,0.0,0.0,0.0,лето,нет,да
2018-07-17,5,372,24.1,81,0.9,16460,20.6,0.0,0.0,0.0,лето,нет,да
2018-07-17,6,713,24.0,81,0.9,12710,20.5,0.02,0.0,0.0,лето,нет,да
2018-07-17,7,1356,24.4,75,1.0,8410,19.6,0.35,0.0,0.0,лето,нет,да
2018-07-17,8,1955,25.8,69,0.8,9690,19.6,1.06,0.0,0.0,лето,нет,да
2018-07-17,9,1031,27.5,60,2.2,12520,19.0,1.59,0.0,0.0,лето,нет,да
2018-07-17,10,719,29.2,55,1.6,14040,19.2,2.36,0.0,0.0,лето,нет,да
2018-07-17,11,797,30.4,53,1.8,13590,19.7,2.74,0.0,0.0,лето,нет,да
2018-07-17,12,803,30.8,57,2.3,9400,21.2,2.52,0.0,0.0,лето,нет,да
2018-07-17,13,763,31.1,53,3.2,11620,20.3,2.63,0.0,0.0,лето,нет,да
2018-07-17,14,786,31.8,49,3.5,14290,19.7,2.93,0.0,0.0,лето,нет,да
2018-07-17,15,878,31.9,51,3.3,14650,20.4,3.01,0.0,0.0,лето,нет,да
2018-07-17,16,1062,32.0,51,2.4,14020,20.5,2.55,0.0,0.0,лето,нет,да
2018-07-17,17,1591,31.8,52,2.4,14380,20.7,1.93,0.0,0.0,лето,нет,да
2018-07-17,18,2770,31.3,55,2.5,15500,21.1,1.2,0.0,0.0,лето,нет,да
2018-07-17,19,2326,30.6,57,1.4,15290,21.1,0.58,0.0,0.0,лето,нет,да
2018-07-17,20,2174,28.9,64,1.7,15670,21.3,0.1,0.0,0.0,лето,нет,да
2018-07-17,21,2273,27.9,69,1.9,11940,21.6,0.0,0.0,0.0,лето,нет,да
2018-07-17,22,1940,27.2,70,1.9,11100,21.2,0.0,0.0,0.0,лето,нет,да
2018-07-17,23,1340,26.6,76,1.6,9360,22.0,0.0,0.0,0.0,лето,нет,да
2018-07-18,0,1002,26.2,79,0.7,8500,22.2,0.0,0.0,0.0,лето,нет,да
2018-07-18,1,741,25.7,80,0.2,8050,21.9,0.0,0.0,0.0,лето,нет,да
2018-07-18,2,526,25.2,82,0.4,7910,21.9,0.0,0.0,0.0,лето,нет,да
2018-07-18,3,381,24.7,84,0.7,6940,21.8,0.0,0.0,0.0,лето,нет,да
2018-07-18,4,266,24.3,83,0.7,6210,21.2,0.0,0.0,0.0,лето,нет,да
2018-07-18,5,327,23.9,83,0.4,7800,20.8,0.0,0.0,0.0,лето,нет,да
2018-07-18,6,695,23.7,83,0.1,7130,20.6,0.03,0.0,0.0,лето,нет,да
2018-07-18,7,1308,24.2,74,0.7,6560,19.2,0.35,0.0,0.0,лето,нет,да
2018-07-18,8,1944,25.8,71,0.4,7600,20.1,0.93,0.0,0.0,лето,нет,да
2018-07-18,9,982,27.2,59,0.4,9480,18.4,1.18,0.0,0.0,лето,нет,да
2018-07-18,10,722,28.9,61,1.5,9410,20.6,2.04,0.0,0.0,лето,нет,да
2018-07-18,11,701,30.2,53,2.2,11430,19.5,2.77,0.0,0.0,лето,нет,да
2018-07-18,12,780,31.2,51,2.0,11010,19.8,2.96,0.0,0.0,лето,нет,да
2018-07-18,13,778,32.1,51,2.3,7760,20.6,2.96,0.0,0.0,лето,нет,да
2018-07-18,14,762,32.7,49,1.5,7650,20.5,2.62,0.0,0.0,лето,нет,да
2018-07-18,15,776,32.9,46,2.5,12480,19.7,2.9,0.0,0.0,лето,нет,да
2018-07-18,16,912,33.1,42,2.9,17120,18.4,2.52,0.0,0.0,лето,нет,да
2018-07-18,17,1596,32.6,46,2.8,15600,19.4,1.95,0.0,0.0,лето,нет,да
2018-07-18,18,2692,32.0,50,2.6,13740,20.2,1.25,0.0,0.0,лето,нет,да
2018-07-18,19,2281,30.6,54,2.8,15310,20.2,0.59,0.0,0.0,лето,нет,да
2018-07-18,20,2202,28.8,66,1.9,12090,21.8,0.09,0.0,0.0,лето,нет,да
2018-07-18,21,2188,28.0,69,1.8,11400,21.7,0.0,0.0,0.0,лето,нет,да
2018-07-18,22,1980,27.2,73,1.5,10050,21.9,0.0,0.0,0.0,лето,нет,да
2018-07-18,23,1354,26.4,76,0.6,9590,21.8,0.0,0.0,0.0,лето,нет,да
2018-07-19,0,1068,25.9,76,1.3,9840,21.3,0.0,0.0,0.0,лето,нет,да
2018-07-19,1,824,25.4,79,0.8,9240,21.4,0.0,0.0,0.0,лето,нет,да
2018-07-19,2,591,24.8,80,1.5,8880,21.1,0.0,0.0,0.0,лето,нет,да
2018-07-19,3,393,24.4,85,0.6,6780,21.7,0.0,0.0,0.0,лето,нет,да
2018-07-19,4,231,24.0,87,0.9,5820,21.6,0.0,0.0,0.0,лето,нет,да
2018-07-19,5,329,23.6,88,0.2,6040,21.4,0.0,0.0,0.0,лето,нет,да
2018-07-19,6,672,23.3,83,0.2,8750,20.2,0.02,0.0,0.0,лето,нет,да
2018-07-19,7,1315,23.6,75,0.9,8560,18.9,0.36,0.0,0.0,лето,нет,да
2018-07-19,8,1993,25.5,65,0.9,8330,18.4,1.1,0.0,0.0,лето,нет,да
2018-07-19,9,985,27.6,62,1.5,10430,19.6,1.76,0.0,0.0,лето,нет,да
2018-07-19,10,695,29.4,56,2.2,11530,19.7,2.38,0.0,0.0,лето,нет,да
2018-07-19,11,687,30.7,48,1.6,17050,18.4,2.92,0.0,0.0,лето,нет,да
2018-07-19,12,828,31.7,42,2.6,18680,17.2,3.23,0.0,0.0,лето,нет,да
2018-07-19,13,798,32.6,47,2.7,16410,19.8,3.36,0.0,0.0,лето,нет,да
2018-07-19,14,722,33.1,47,2.5,17850,20.2,3.26,0.0,0.0,лето,нет,да
2018-07-19,15,827,33.7,41,2.5,19240,18.6,3.04,0.0,0.0,лето,нет,да
2018-07-19,16,1017,33.7,43,2.7,18900,19.3,2.55,0.0,0.0,лето,нет,да
2018-07-19,17,1536,34.0,44,2.3,18910,20.0,1.95,0.0,0.0,лето,нет,да
2018-07-19,18,2640,33.0,51,2.4,15660,21.5,1.23,0.0,0.0,лето,нет,да
2018-07-19,19,2245,31.6,58,2.3,15560,22.3,0.56,0.0,0.0,лето,нет,да
2018-07-19,20,2114,29.8,62,2.9,19310,21.7,0.08,0.0,0.0,лето,нет,да
2018-07-19,21,2122,28.8,69,2.4,16190,22.5,0.0,0.0,0.0,лето,нет,да
2018-07-19,22,1870,28.0,76,1.5,15420,23.3,0.0,0.0,0.0,лето,нет,да
2018-07-19,23,1318,27.2,78,1.9,16010,23.0,0.0,0.0,0.0,лето,нет,да
2018-07-20,0,1041,26.7,80,1.4,14650,22.9,0.0,0.0,0.0,лето,нет,да
2018-07-20,1,773,26.1,81,1.6,14090,22.5,0.0,0.0,0.0,лето,нет,да
2018-07-20,2,557,25.7,84,0.1,12930,22.7,0.0,0.0,0.0,лето,нет,да
2018-07-20,3,428,25.4,84,0.9,11740,22.4,0.0,0.0,0.0,лето,нет,да
2018-07-20,4,267,25.1,83,0.0,12530,22.0,0.0,0.0,0.0,лето,нет,да
2018-07-20,5,327,24.9,83,0.3,12070,21.8,0.0,0.0,0.0,лето,нет,да
2018-07-20,6,672,24.6,82,0.2,11570,21.3,0.02,0.0,0.0,лето,нет,да
2018-07-20,7,1251,25.2,75,0.6,10560,20.4,0.34,0.0,0.0,лето,нет,да
2018-07-20,8,1896,26.6,70,1.3,10620,20.6,1.01,0.0,0.0,лето,нет,да
2018-07-20,9,1029,28.4,65,1.2,8060,21.1,1.69,0.0,0.0,лето,нет,да
2018-07-20,10,641,29.8,59,1.2,9730,20.9,2.32,0.0,0.0,лето,нет,да
2018-07-20,11,791,31.6,54,1.3,9900,21.1,2.84,0.0,0.0,лето,нет,да
2018-07-20,12,822,32.6,51,2.1,8000,21.1,3.21,0.0,0.0,лето,нет,да
2018-07-20,13,805,32.4,54,2.4,7080,21.8,2.5,0.0,0.0,лето,нет,да
2018-07-20,14,741,33.4,52,2.7,6850,22.1,2.67,0.0,0.0,лето,нет,да
2018-07-20,15,794,34.1,45,2.4,11100,20.4,2.88,0.0,0.0,лето,нет,да
2018-07-20,16,928,34.3,45,2.3,14660,20.6,2.47,0.0,0.0,лето,нет,да
2018-07-20,17,1468,34.3,44,2.1,17040,20.2,1.87,0.0,0.0,лето,нет,да
2018-07-20,18,2419,33.9,42,2.0,19690,19.1,1.25,0.0,0.0,лето,нет,да
2018-07-20,19,2084,32.9,44,2.0,19850,19.0,0.59,0.0,0.0,лето,нет,да
2018-07-20,20,1888,30.9,51,2.2,20000,19.5,0.07,0.0,0.0,лето,нет,да
2018-07-20,21,1869,29.8,59,1.4,20000,20.9,0.0,0.0,0.0,лето,нет,да
2018-07-20,22,1782,28.8,65,1.3,19880,21.5,0.0,0.0,0.0,лето,нет,да
2018-07-20,23,1426,28.2,70,1.3,18110,22.2,0.0,0.0,0.0,лето,нет,да
2018-07-21,0,1132,27.5,73,1.1,18340,22.2,0.0,0.0,0.0,лето,нет,да
2018-07-21,1,945,27.0,74,1.1,18330,21.9,0.0,0.0,0.0,лето,нет,да
2018-07-21,2,684,26.4,72,0.2,17660,20.9,0.0,0.0,0.0,лето,нет,да
2018-07-21,3,477,26.1,74,0.1,16830,21.0,0.0,0.0,0.0,лето,нет,да
2018-07-21,4,347,25.6,77,1.2,12030,21.2,0.0,0.0,0.0,лето,нет,да
2018-07-21,5,292,25.0,78,0.3,14740,20.8,0.0,0.0,0.0,лето,нет,да
2018-07-21,6,381,24.9,76,0.0,14730,20.3,0.02,0.0,0.0,лето,нет,да
2018-07-21,7,491,25.3,71,0.4,12260,19.6,0.34,0.0,0.0,лето,нет,да
2018-07-21,8,720,27.4,63,0.9,10430,19.7,1.03,0.0,0.0,лето,нет,да
2018-07-21,9,729,29.6,57,0.9,9770,20.1,1.71,0.0,0.0,лето,нет,да
2018-07-21,10,699,31.4,51,1.1,8470,20.0,2.32,0.0,0.0,лето,нет,да
2018-07-21,11,676,32.9,45,2.1,10200,19.3,2.72,0.0,0.0,лето,нет,да
2018-07-21,12,735,34.2,35,1.8,15280,16.5,3.14,0.0,0.0,лето,нет,да
2018-07-21,13,727,35.2,34,1.8,16360,16.9,3.21,0.0,0.0,лето,нет,да
2018-07-21,14,682,36.3,34,1.3,14930,17.9,3.17,0.0,0.0,лето,нет,да
2018-07-21,15,785,36.5,35,3.0,13550,18.5,2.71,0.0,0.0,лето,нет,да
2018-07-21,16,883,36.8,30,2.8,17560,16.3,2.41,0.0,0.0,лето,нет,да
2018-07-21,17,1011,36.3,36,3.1,19720,18.8,1.91,0.0,0.0,лето,нет,да
2018-07-21,18,1202,35.0,42,2.9,19530,20.1,1.26,0.0,0.0,лето,нет,да
2018-07-21,19,1423,33.4,51,2.6,20000,21.8,0.59,0.0,0.0,лето,нет,да
2018-07-21,20,1655,31.5,53,1.8,20000,20.7,0.08,0.0,0.0,лето,нет,да
2018-07-21,21,1731,30.2,54,1.8,20000,19.8,0.0,0.0,0.0,лето,нет,да
2018-07-21,22,1588,29.4,55,1.4,20000,19.4,0.0,0.0,0.0,лето,нет,да
2018-07-21,23,1288,28.8,56,1.6,20000,19.1,0.0,0.0,0.0,лето,нет,да
2018-07-22,0,1088,28.1,56,0.2,20000,18.4,0.0,0.0,0.0,лето,нет,да
2018-07-22,1,772,27.3,60,0.8,20000,18.8,0.0,0.0,0.0,лето,нет,да
2018-07-22,2,587,26.8,63,0.6,20000,19.1,0.0,0.0,0.0,лето,нет,да
2018-07-22,3,438,26.3,63,0.2,20000,18.6,0.0,0.0,0.0,лето,нет,да
2018-07-22,4,270,25.9,71,0.3,20000,20.2,0.0,0.0,0.0,лето,нет,да
2018-07-22,5,256,25.5,72,0.4,20000,20.0,0.0,0.0,0.0,лето,нет,да
2018-07-22,6,286,25.3,73,0.6,19790,20.1,0.02,0.0,0.0,лето,нет,да
2018-07-22,7,360,25.8,67,0.9,17730,19.1,0.34,0.0,0.0,лето,нет,да
2018-07-22,8,477,27.9,60,0.6,18350,19.4,1.06,0.0,0.0,лето,нет,да
2018-07-22,9,526,30.5,54,0.9,19070,20.1,1.71,0.0,0.0,лето,нет,да
2018-07-22,10,522,32.2,50,0.8,18810,20.4,2.29,0.0,0.0,лето,нет,да
2018-07-22,11,499,33.8,45,1.9,19280,20.2,2.74,0.0,0.0,лето,нет,да
2018-07-22,12,560,35.5,39,1.9,18030,19.4,3.05,0.0,0.0,лето,нет,да
2018-07-22,13,569,36.7,33,1.8,19110,17.7,3.24,0.0,0.0,лето,нет,да
2018-07-22,14,565,37.4,34,2.3,18600,18.8,3.05,0.0,0.0,лето,нет,да
2018-07-22,15,632,37.5,33,2.0,18160,18.4,2.32,0.0,0.0,лето,нет,да
2018-07-22,16,771,37.8,31,2.5,19290,17.7,2.46,0.0,0.0,лето,нет,да
2018-07-22,17,965,37.6,33,2.1,18370,18.5,1.82,0.0,0.0,лето,нет,да
2018-07-22,18,1212,36.3,35,3.0,18600,18.3,0.89,0.0,0.0,лето,нет,да
2018-07-22,19,1478,34.5,47,2.8,17620,21.5,0.42,0.0,0.0,лето,нет,да
2018-07-22,20,1688,33.3,50,2.3,17060,21.4,0.1,0.0,0.0,лето,нет,да
2018-07-22,21,1666,32.3,50,1.7,17840,20.5,0.0,0.0,0.0,лето,нет,да
2018-07-22,22,1346,31.7,51,1.4,17420,20.3,0.0,0.0,0.0,лето,нет,да
2018-07-22,23,1030,31.2,52,1.5,16700,20.1,0.0,0.0,0.0,лето,нет,да
2018-07-23,0,792,30.6,50,2.3,16310,18.9,0.0,0.0,0.0,лето,нет,да
2018-07-23,1,542,30.0,52,1.5,17740,19.0,0.0,0.0,0.0,лето,нет,да
2018-07-23,2,382,29.7,53,1.4,16820,19.0,0.0,0.0,0.0,лето,нет,да
2018-07-23,3,238,29.6,50,2.1,19700,18.0,0.0,0.0,0.0,лето,нет,да
2018-07-23,4,174,29.3,51,0.9,14980,18.1,0.0,0.0,0.0,лето,нет,да
2018-07-23,5,310,29.3,55,1.6,20000,19.3,0.0,0.0,0.0,лето,нет,да
2018-07-23,6,652,29.2,58,1.7,20000,20.0,0.01,0.0,0.0,лето,нет,да
2018-07-23,7,1241,29.3,58,0.8,20000,20.1,0.23,0.0,0.0,лето,нет,да
2018-07-23,8,1889,30.0,56,0.9,20000,20.2,0.54,0.0,0.0,лето,нет,да
2018-07-23,9,985,31.0,55,1.5,19450,20.8,1.14,0.0,0.0,лето,нет,да
2018-07-23,10,636,31.8,51,1.5,19000,20.4,1.71,0.0,0.0,лето,нет,да
2018-07-23,11,611,32.7,48,2.2,19080,20.2,2.53,0.0,0.0,лето,нет,да
2018-07-23,12,655,34.1,47,2.3,18620,21.1,2.94,0.0,0.0,лето,нет,да
2018-07-23,13,688,33.8,47,1.7,18870,20.9,1.57,0.0,0.0,лето,нет,да
2018-07-23,14,670,34.3,45,2.2,19670,20.6,1.64,0.0,0.0,лето,нет,да
2018-07-23,15,739,35.4,46,2.2,18610,22.0,2.48,0.0,0.0,лето,нет,да
2018-07-23,16,960,34.8,47,2.2,18390,21.8,1.32,0.0,0.0,лето,нет,да
2018-07-23,17,1310,34.8,49,3.0,18660,22.5,1.37,0.0,0.0,лето,нет,да
2018-07-23,18,2405,33.9,53,3.2,18860,22.9,0.94,0.0,0.0,лето,нет,да
2018-07-23,19,2112,32.6,58,3.2,19620,23.2,0.45,0.0,0.0,лето,нет,да
2018-07-23,20,2051,31.5,61,1.8,20000,23.0,0.07,0.0,0.0,лето,нет,да
2018-07-23,21,1994,30.8,60,1.8,20000,22.1,0.0,0.0,0.0,лето,нет,да
2018-07-23,22,1697,30.3,60,1.8,20000,21.6,0.0,0.0,0.0,лето,нет,да
2018-07-23,23,1157,30.0,58,1.6,20000,20.8,0.0,0.0,0.0,лето,нет,да
2018-07-24,0,874,29.6,61,1.0,20000,21.2,0.0,0.0,0.0,лето,нет,да
2018-07-24,1,715,29.1,64,1.2,20000,21.5,0.0,0.0,0.0,лето,нет,да
2018-07-24,2,487,28.6,66,0.9,20000,21.6,0.0,0.0,0.0,лето,нет,да
2018-07-24,3,332,28.2,65,0.3,19990,20.9,0.0,0.0,0.0,лето,нет,да
2018-07-24,4,218,27.8,67,0.2,19820,21.1,0.0,0.0,0.0,лето,нет,да
2018-07-24,5,306,27.5,70,0.1,19760,21.5,0.0,0.0,0.0,лето,нет,да
2018-07-24,6,673,27.2,71,0.8,19200,21.4,0.02,0.0,0.0,лето,нет,да
2018-07-24,7,1213,27.8,63,1.2,17810,20.1,0.32,0.0,0.0,лето,нет,да
2018-07-24,8,1820,29.9,59,0.8,17270,21.0,1.03,0.0,0.0,лето,нет,да
2018-07-24,9,926,31.7,59,1.0,17060,22.6,1.69,0.0,0.0,лето,нет,да
2018-07-24,10,610,32.4,54,0.9,16310,21.8,1.45,0.0,0.0,лето,нет,да
2018-07-24,11,620,33.9,46,1.6,13870,20.6,2.15,0.0,0.0,лето,нет,да
2018-07-24,12,671,34.5,50,1.4,19010,22.5,1.89,0.0,0.0,лето,нет,да
2018-07-24,13,688,36.4,41,1.3,16550,21.0,2.86,0.0,0.0,лето,нет,да
2018-07-24,14,649,35.8,49,2.8,12640,23.4,2.4,0.0,0.0,лето,нет,да
2018-07-24,15,735,35.8,47,2.2,10290,22.7,1.51,0.0,0.0,лето,нет,да
2018-07-24,16,834,34.9,51,2.0,12210,23.2,0.76,0.0,0.0,лето,нет,да
2018-07-24,17,1297,34.9,51,2.2,12350,23.2,0.98,0.0,0.0,лето,нет,да
2018-07-24,18,2300,34.9,53,2.2,12960,23.8,0.86,0.0,0.0,лето,нет,да
2018-07-24,19,1968,33.1,57,2.2,16700,23.4,0.44,0.0,0.0,лето,нет,да
2018-07-24,20,1834,31.1,63,2.0,15420,23.2,0.06,0.0,0.0,лето,нет,да
2018-07-24,21,1899,30.2,65,2.3,16420,22.8,0.0,0.0,0.0,лето,нет,да
2018-07-24,22,1773,29.8,66,3.2,15110,22.7,0.0,0.0,0.0,лето,нет,да
2018-07-24,23,1193,29.3,66,2.8,18540,22.2,0.0,0.0,0.0,лето,нет,да
2018-07-25,0,939,28.9,66,2.2,20000,21.9,0.0,0.0,0.0,лето,нет,да
2018-07-25,1,726,28.7,67,2.6,20000,21.9,0.0,0.0,0.0,лето,нет,да
2018-07-25,2,499,28.8,68,1.8,20000,22.2,0.0,0.0,0.0,лето,нет,да
2018-07-25,3,327,28.9,69,2.8,18710,22.6,0.0,0.0,0.0,лето,нет,да
2018-07-25,4,212,28.5,74,2.6,15490,23.4,0.0,0.0,0.0,лето,нет,да
2018-07-25,5,299,28.3,74,2.4,13780,23.2,0.0,0.0,0.0,лето,нет,да
2018-07-25,6,657,28.1,75,1.8,10920,23.2,0.01,0.0,0.0,лето,нет,да
2018-07-25,7,1171,28.3,72,2.0,12000,22.7,0.1,0.0,0.0,лето,нет,да
2018-07-25,8,1893,28.7,70,3.5,14700,22.6,0.52,0.0,0.0,лето,нет,да
2018-07-25,9,995,29.4,66,2.5,13080,22.3,0.91,0.0,0.0,лето,нет,да
2018-07-25,10,696,30.7,61,2.8,15210,22.3,1.5,0.0,0.0,лето,нет,да
2018-07-25,11,749,30.7,63,3.4,13230,22.8,1.13,0.0,0.0,лето,нет,да
2018-07-25,12,791,31.1,60,2.7,13310,22.4,1.02,0.0,0.0,лето,нет,да
2018-07-25,13,783,32.3,56,3.0,15040,22.3,1.74,0.0,0.0,лето,нет,да
2018-07-25,14,754,33.0,53,1.7,13570,22.1,1.73,0.0,0.0,лето,нет,да
2018-07-25,15,781,34.0,50,3.0,17050,22.1,1.72,0.0,0.0,лето,нет,да
2018-07-25,16,977,34.1,52,2.5,13040,22.8,2.23,0.0,0.0,лето,нет,да
2018-07-25,17,1412,33.2,56,2.2,14280,23.2,1.03,0.0,0.0,лето,нет,да
2018-07-25,18,2416,32.2,58,2.5,15530,22.8,0.44,0.0,0.0,лето,нет,да
2018-07-25,19,2039,31.7,60,2.3,14920,22.9,0.23,0.0,0.0,лето,нет,да
2018-07-25,20,1935,30.9,67,1.7,14700,24.0,0.05,0.0,0.0,лето,нет,да
2018-07-25,21,1811,29.7,74,2.2,13420,24.5,0.0,0.0,0.0,лето,нет,да
2018-07-25,22,1767,28.8,76,2.8,12310,24.1,0.0,0.0,0.0,лето,нет,да
2018-07-25,23,1289,28.0,77,1.9,13460,23.5,0.0,0.0,0.0,лето,нет,да
2018-07-26,0,939,27.7,78,1.2,13410,23.5,0.0,0.0,0.0,лето,нет,да
2018-07-26,1,718,27.6,79,1.0,12610,23.6,0.0,0.0,0.0,лето,нет,да
2018-07-26,2,498,27.6,78,0.1,12890,23.4,0.0,0.0,0.0,лето,нет,да
2018-07-26,3,355,27.7,76,0.2,13760,23.0,0.0,0.0,0.0,лето,нет,да
2018-07-26,4,252,27.7,75,1.0,13600,22.8,0.0,0.0,0.0,лето,нет,да
2018-07-26,5,306,27.4,78,0.8,13010,23.2,0.0,0.0,0.0,лето,нет,да
2018-07-26,6,602,27.4,77,0.7,11130,23.0,0.0,0.0,0.0,лето,нет,да
2018-07-26,7,1175,27.7,75,1.2,11030,22.8,0.1,0.0,0.0,лето,нет,да
2018-07-26,8,1823,28.3,72,0.8,11650,22.7,0.34,0.0,0.0,лето,нет,да
2018-07-26,9,966,29.1,69,1.0,8530,22.8,0.67,0.0,0.0,лето,нет,да
2018-07-26,10,644,29.5,68,1.8,9460,22.9,0.54,0.0,0.0,лето,нет,да
2018-07-26,11,614,30.2,67,1.5,10030,23.3,0.87,0.0,0.0,лето,нет,да
2018-07-26,12,600,32.0,57,1.6,10750,22.4,1.94,0.0,0.0,лето,нет,да
2018-07-26,13,628,32.4,54,0.7,8960,21.8,1.41,0.0,0.0,лето,нет,да
2018-07-26,14,706,33.0,56,2.5,8790,23.0,1.33,0.0,0.0,лето,нет,да
2018-07-26,15,774,33.1,58,1.9,8820,23.7,0.87,0.0,0.0,лето,нет,да
2018-07-26,16,920,33.5,57,2.8,9890,23.8,1.55,0.0,0.0,лето,нет,да
2018-07-26,17,1394,33.1,59,2.9,10380,24.0,1.14,0.0,0.0,лето,нет,да
2018-07-26,18,2367,33.2,59,1.8,10690,24.0,0.99,0.0,0.0,лето,нет,да
2018-07-26,19,1994,32.3,63,2.1,10370,24.3,0.41,0.0,0.0,лето,нет,да
2018-07-26,20,1790,31.0,68,1.4,11620,24.3,0.05,0.0,0.0,лето,нет,да
2018-07-26,21,1868,30.0,74,2.7,10560,24.8,0.0,0.0,0.0,лето,нет,да
2018-07-26,22,1709,29.4,78,1.6,10110,25.1,0.0,0.0,0.0,лето,нет,да
2018-07-26,23,1273,29.0,79,1.2,9710,24.9,0.0,0.0,0.0,лето,нет,да
2018-07-27,0,909,28.6,80,0.6,9900,24.8,0.0,0.0,0.0,лето,нет,да
2018-07-27,1,747,28.3,78,0.5,10720,24.0,0.0,0.0,0.0,лето,нет,да
2018-07-27,2,537,27.8,79,1.4,10490,23.8,0.0,0.0,0.0,лето,нет,да
2018-07-27,3,371,27.6,80,1.6,9290,23.8,0.0,0.0,0.0,лето,нет,да
2018-07-27,4,218,27.3,85,1.6,6710,24.5,0.0,0.0,0.0,лето,нет,да
2018-07-27,5,295,27.2,86,0.8,6570,24.6,0.0,0.0,0.0,лето,нет,да
2018-07-27,6,647,27.2,85,0.1,7020,24.4,0.02,0.0,0.0,лето,нет,да
2018-07-27,7,1111,27.6,80,1.0,7830,23.8,0.27,0.0,0.0,лето,нет,да
2018-07-27,8,1763,28.5,76,0.9,7250,23.8,0.59,0.0,0.0,лето,нет,да
2018-07-27,9,934,29.9,69,1.5,7690,23.5,1.12,0.0,0.0,лето,нет,да
2018-07-27,10,639,31.2,61,2.3,9010,22.7,1.71,0.0,0.0,лето,нет,да
2018-07-27,11,619,32.7,56,1.9,10340,22.7,2.57,0.0,0.0,лето,нет,да
2018-07-27,12,714,33.7,53,1.9,9900,22.7,2.5,0.0,0.0,лето,нет,да
2018-07-27,13,653,35.3,48,2.5,8800,22.6,2.89,0.0,0.0,лето,нет,да
2018-07-27,14,507,34.1,57,1.8,6670,24.3,1.13,0.0,0.0,лето,нет,да
2018-07-27,15,776,35.3,52,1.9,8220,23.9,2.15,0.0,0.0,лето,нет,да
2018-07-27,16,905,35.0,55,2.8,8350,24.6,1.56,0.0,0.0,лето,нет,да
2018-07-27,17,1289,34.7,59,2.7,10950,25.5,1.49,0.0,0.0,лето,нет,да
2018-07-27,18,2183,33.7,62,3.2,10820,25.3,0.87,0.0,0.0,лето,нет,да
2018-07-27,19,1657,32.0,68,3.0,12860,25.3,0.38,0.0,0.0,лето,нет,да
2018-07-27,20,1565,30.7,73,2.8,13100,25.2,0.04,0.0,0.0,лето,нет,да
2018-07-27,21,1547,30.3,75,1.1,12890,25.3,0.0,0.0,0.0,лето,нет,да
2018-07-27,22,1507,29.9,74,2.0,12010,24.7,0.0,0.0,0.0,лето,нет,да
2018-07-27,23,1182,29.7,76,1.2,11590,25.0,0.0,0.0,0.0,лето,нет,да
2018-07-28,0,992,29.4,78,2.1,10720,25.1,0.0,0.0,0.0,лето,нет,да
2018-07-28,1,875,29.1,79,1.3,9750,25.0,0.0,0.0,0.0,лето,нет,да
2018-07-28,2,656,28.8,80,1.9,9250,24.9,0.0,0.0,0.0,лето,нет,да
2018-07-28,3,461,28.5,81,1.2,9110,24.9,0.0,0.0,0.0,лето,нет,да
2018-07-28,4,340,28.3,83,1.7,8140,25.1,0.0,0.0,0.0,лето,нет,да
2018-07-28,5,248,28.1,84,0.5,7540,25.1,0.0,0.0,0.0,лето,нет,да
2018-07-28,6,313,28.0,85,0.8,6470,25.2,0.01,0.0,0.0,лето,нет,да
2018-07-28,7,428,28.4,82,0.7,7480,25.0,0.16,0.0,0.0,лето,нет,да
2018-07-28,8,606,29.6,75,0.4,7490,24.6,0.66,0.0,0.0,лето,нет,да
2018-07-28,9,671,30.6,74,1.4,7160,25.4,0.95,0.0,0.0,лето,нет,да
2018-07-28,10,654,32.0,65,0.9,9660,24.5,1.19,0.0,0.0,лето,нет,да
2018-07-28,11,592,32.8,62,0.6,8810,24.5,1.3,0.0,0.0,лето,нет,да
2018-07-28,12,632,33.6,62,1.9,8200,25.3,1.35,0.0,0.0,лето,нет,да
2018-07-28,13,741,34.2,58,1.8,9330,24.7,1.33,0.0,0.0,лето,нет,да
2018-07-28,14,314,34.4,65,1.8,9600,26.8,1.75,0.2,0.0,лето,нет,да
2018-07-28,15,468,28.9,86,2.2,15920,26.3,0.26,7.3,0.0,лето,нет,да
2018-07-28,16,706,28.6,82,3.4,10220,25.2,0.14,0.0,0.0,лето,нет,да
2018-07-28,17,863,28.2,83,1.3,10990,25.0,0.11,0.0,0.0,лето,нет,да
2018-07-28,18,843,29.0,81,0.8,9890,25.4,0.22,0.0,0.0,лето,нет,да
2018-07-28,19,974,29.3,78,0.0,9880,25.0,0.15,0.0,0.0,лето,нет,да
2018-07-28,20,1095,29.2,82,0.4,10000,25.8,0.01,0.0,0.0,лето,нет,да
2018-07-28,21,1211,29.1,78,1.1,13620,24.8,0.0,0.0,0.0,лето,нет,да
2018-07-28,22,1158,29.0,74,0.9,16520,23.8,0.0,0.0,0.0,лето,нет,да
2018-07-28,23,1039,28.6,74,0.7,18070,23.5,0.0,0.0,0.0,лето,нет,да
2018-07-29,0,921,28.4,70,0.9,19450,22.3,0.0,0.0,0.0,лето,нет,да
2018-07-29,1,636,28.0,71,0.6,17990,22.2,0.0,0.0,0.0,лето,нет,да
2018-07-29,2,511,27.7,73,0.4,18320,22.4,0.0,0.0,0.0,лето,нет,да
2018-07-29,3,403,27.4,73,0.6,18930,22.1,0.0,0.0,0.0,лето,нет,да
2018-07-29,4,245,27.0,74,0.8,18160,21.9,0.0,0.0,0.0,лето,нет,да
2018-07-29,5,199,26.7,75,0.3,18710,21.8,0.0,0.0,0.0,лето,нет,да
2018-07-29,6,266,26.4,76,0.4,18130,21.8,0.01,0.0,0.0,лето,нет,да
2018-07-29,7,345,26.9,69,0.8,19600,20.7,0.29,0.0,0.0,лето,нет,да
2018-07-29,8,456,28.6,63,0.8,18670,20.8,1.0,0.0,0.0,лето,нет,да
2018-07-29,9,519,30.6,54,1.7,18310,20.2,1.68,0.0,0.0,лето,нет,да
2018-07-29,10,473,32.4,48,1.9,19520,19.9,2.33,0.0,0.0,лето,нет,да
2018-07-29,11,476,33.6,46,1.7,19650,20.3,2.6,0.0,0.0,лето,нет,да
2018-07-29,12,644,33.8,47,1.7,19620,20.9,1.92,0.0,0.0,лето,нет,да
2018-07-29,13,622,34.4,41,2.9,19700,19.2,2.33,0.0,0.0,лето,нет,да
2018-07-29,14,630,35.4,43,1.4,20000,20.9,2.48,0.0,0.0,лето,нет,да
2018-07-29,15,713,35.9,37,1.9,19490,18.9,1.98,0.0,0.0,лето,нет,да
2018-07-29,16,760,36.0,33,1.4,20000,17.1,1.97,0.0,0.0,лето,нет,да
2018-07-29,17,895,36.3,36,1.5,20000,18.8,1.87,0.0,0.0,лето,нет,да
2018-07-29,18,1141,35.8,35,1.3,20000,17.9,1.21,0.0,0.0,лето,нет,да
2018-07-29,19,1486,34.4,39,1.2,20000,18.4,0.58,0.0,0.0,лето,нет,да
2018-07-29,20,1697,32.3,48,1.4,20000,19.8,0.08,0.0,0.0,лето,нет,да
2018-07-29,21,1638,31.1,47,1.3,20000,18.4,0.0,0.0,0.0,лето,нет,да
2018-07-29,22,1406,30.4,45,1.6,20000,17.1,0.0,0.0,0.0,лето,нет,да
2018-07-29,23,1108,29.9,45,1.4,20000,16.6,0.0,0.0,0.0,лето,нет,да
2018-07-30,0,810,29.2,50,1.1,20000,17.7,0.0,0.0,0.0,лето,нет,да
2018-07-30,1,575,28.5,54,1.1,20000,18.2,0.0,0.0,0.0,лето,нет,да
2018-07-30,2,363,28.0,57,1.2,20000,18.6,0.0,0.0,0.0,лето,нет,да
2018-07-30,3,253,27.4,59,1.4,20000,18.6,0.0,0.0,0.0,лето,нет,да
2018-07-30,4,209,26.7,62,1.0,20000,18.8,0.0,0.0,0.0,лето,нет,да
2018-07-30,5,273,26.4,62,0.6,20000,18.5,0.0,0.0,0.0,лето,нет,да
2018-07-30,6,668,26.2,64,1.4,20000,18.8,0.01,0.0,0.0,лето,нет,да
2018-07-30,7,1130,26.8,59,1.1,20000,18.1,0.28,0.0,0.0,лето,нет,да
2018-07-30,8,1646,28.8,56,1.4,20000,19.1,1.08,0.0,0.0,лето,нет,да
2018-07-30,9,866,30.5,53,1.6,20000,19.8,1.74,0.0,0.0,лето,нет,да
2018-07-30,10,609,32.0,50,2.1,19920,20.2,2.34,0.0,0.0,лето,нет,да
2018-07-30,11,623,33.2,46,1.4,19680,20.0,2.16,0.0,0.0,лето,нет,да
2018-07-30,12,663,33.6,48,1.6,20000,21.0,1.89,0.0,0.0,лето,нет,да
2018-07-30,13,688,34.7,43,1.3,20000,20.2,2.05,0.0,0.0,лето,нет,да
2018-07-30,14,645,35.3,41,1.3,20000,20.0,2.01,0.0,0.0,лето,нет,да
2018-07-30,15,666,35.5,43,1.3,20000,20.9,1.61,0.0,0.0,лето,нет,да
2018-07-30,16,845,36.4,40,1.1,20000,20.6,1.79,0.0,0.0,лето,нет,да
2018-07-30,17,1224,35.4,44,0.8,20000,21.2,1.1,0.0,0.0,лето,нет,да
2018-07-30,18,2347,36.5,38,0.9,20000,19.8,1.17,0.0,0.0,лето,нет,да
2018-07-30,19,2016,35.2,43,0.9,20000,20.7,0.42,0.0,0.0,лето,нет,да
2018-07-30,20,1947,33.9,46,1.4,20000,20.6,0.03,0.0,0.0,лето,нет,да
2018-07-30,21,1875,33.1,48,1.1,20000,20.6,0.0,0.0,0.0,лето,нет,да
2018-07-30,22,1552,32.5,50,1.2,20000,20.7,0.0,0.0,0.0,лето,нет,да
2018-07-30,23,1202,31.7,52,1.2,20000,20.6,0.0,0.0,0.0,лето,нет,да
2018-07-31,0,901,31.0,54,0.8,20000,20.5,0.0,0.0,0.0,лето,нет,да
2018-07-31,1,695,30.2,57,0.7,20000,20.7,0.0,0.0,0.0,лето,нет,да
2018-07-31,2,476,29.8,57,0.8,20000,20.3,0.0,0.0,0.0,лето,нет,да
2018-07-31,3,334,29.3,57,1.6,20000,19.8,0.0,0.0,0.0,лето,нет,да
2018-07-31,4,244,28.8,58,0.9,20000,19.7,0.0,0.0,0.0,лето,нет,да
2018-07-31,5,284,28.3,60,1.6,20000,19.7,0.0,0.0,0.0,лето,нет,да
2018-07-31,6,584,27.9,63,0.5,20000,20.1,0.01,0.0,0.0,лето,нет,да
2018-07-31,7,1091,27.9,60,1.1,19830,19.4,0.28,0.0,0.0,лето,нет,да
2018-07-31,8,1665,29.3,51,0.9,20000,18.1,1.02,0.0,0.0,лето,нет,да
2018-07-31,9,860,30.9,47,1.0,20000,18.2,1.62,0.0,0.0,лето,нет,да
2018-07-31,10,582,32.7,43,1.2,20000,18.4,2.31,0.0,0.0,лето,нет,да
2018-07-31,11,583,34.1,40,1.5,19470,18.5,2.8,0.0,0.0,лето,нет,да
2018-07-31,12,626,35.2,39,1.2,20000,19.1,2.86,0.0,0.0,лето,нет,да
2018-07-31,13,623,36.1,38,1.0,20000,19.5,3.12,0.0,0.0,лето,нет,да
2018-07-31,14,579,36.4,35,1.3,19670,18.4,2.46,0.0,0.0,лето,нет,да
2018-07-31,15,665,37.8,34,1.8,19650,19.2,2.81,0.0,0.0,лето,нет,да
2018-07-31,16,763,37.0,38,1.2,20000,20.3,2.07,0.0,0.0,лето,нет,да
2018-07-31,17,1184,38.0,36,1.3,19890,20.3,2.03,0.0,0.0,лето,нет,да
2018-07-31,18,2092,36.2,45,2.0,20000,22.3,0.65,0.0,0.0,лето,нет,да
2018-07-31,19,1865,34.9,47,2.4,20000,21.9,0.42,0.0,0.0,лето,нет,да
2018-07-31,20,1772,33.5,50,2.1,20000,21.6,0.04,0.0,0.0,лето,нет,да
2018-07-31,21,1719,32.7,51,2.8,20000,21.2,0.0,0.0,0.0,лето,нет,да
2018-07-31,22,1613,31.6,66,3.0,20000,24.4,0.0,0.0,0.0,лето,нет,да
2018-07-31,23,1097,31.0,65,0.5,20000,23.6,0.0,0.0,0.0,лето,нет,да
2018-08-01,0,875,30.5,68,1.9,20000,23.9,0.0,0.0,0.0,лето,нет,да
2018-08-01,1,724,29.9,70,1.0,20000,23.8,0.0,0.0,0.0,лето,нет,да
2018-08-01,2,501,29.5,69,0.8,20000,23.2,0.0,0.0,0.0,лето,нет,да
2018-08-01,3,362,29.1,64,0.5,19970,21.5,0.0,0.0,0.0,лето,нет,да
2018-08-01,4,250,28.5,69,0.3,20000,22.2,0.0,0.0,0.0,лето,нет,да
2018-08-01,5,315,28.3,68,0.3,20000,21.8,0.0,0.0,0.0,лето,нет,да
2018-08-01,6,622,27.8,73,0.9,19710,22.5,0.01,0.0,0.0,лето,нет,да
2018-08-01,7,1061,28.2,68,0.5,17480,21.7,0.27,0.0,0.0,лето,нет,да
2018-08-01,8,1550,30.3,59,0.8,19200,21.3,1.02,0.0,0.0,лето,нет,да
2018-08-01,9,853,32.4,53,0.7,12640,21.5,1.69,0.0,0.0,лето,нет,да
2018-08-01,10,540,34.3,45,1.0,19190,20.6,2.31,0.0,0.0,лето,нет,да
2018-08-01,11,521,35.8,41,1.6,17950,20.4,2.77,0.0,0.0,лето,нет,да
2018-08-01,12,569,36.8,39,1.3,19440,20.5,2.8,0.0,0.0,лето,нет,да
2018-08-01,13,533,37.9,38,2.3,18680,21.1,3.05,0.0,0.0,лето,нет,да
2018-08-01,14,475,38.7,38,2.4,19430,21.8,3.12,0.0,0.0,лето,нет,да
2018-08-01,15,531,39.3,37,2.3,18920,21.9,2.82,0.0,0.0,лето,нет,да
2018-08-01,16,561,39.4,39,2.5,18970,22.8,2.42,0.0,0.0,лето,нет,да
2018-08-01,17,1033,39.0,41,2.6,18810,23.3,1.83,0.0,0.0,лето,нет,да
2018-08-01,18,1929,37.8,47,3.8,19310,24.5,1.09,0.0,0.0,лето,нет,да
2018-08-01,19,1553,36.1,56,3.7,18370,25.9,0.47,0.0,0.0,лето,нет,да
2018-08-01,20,1441,34.5,62,2.8,17010,26.1,0.02,0.0,0.0,лето,нет,да
2018-08-01,21,1500,33.3,64,3.0,16800,25.5,0.0,0.0,0.0,лето,нет,да
2018-08-01,22,1367,32.6,64,2.4,17030,24.8,0.0,0.0,0.0,лето,нет,да
2018-08-01,23,1046,32.3,67,1.0,15920,25.3,0.0,0.0,0.0,лето,нет,да
2018-08-02,0,850,31.9,67,1.5,15500,25.0,0.0,0.0,0.0,лето,нет,да
2018-08-02,1,647,31.5,69,1.5,15120,25.1,0.0,0.0,0.0,лето,нет,да
2018-08-02,2,459,31.5,68,0.0,15040,24.8,0.0,0.0,0.0,лето,нет,да
2018-08-02,3,295,31.1,70,0.4,14490,24.9,0.0,0.0,0.0,лето,нет,да
2018-08-02,4,215,31.1,54,1.9,20000,20.6,0.0,0.0,0.0,лето,нет,да
2018-08-02,5,265,30.7,57,0.9,20000,21.1,0.0,0.0,0.0,лето,нет,да
2018-08-02,6,578,30.4,54,1.3,20000,20.0,0.01,0.0,0.0,лето,нет,да
2018-08-02,7,1006,30.5,53,1.1,20000,19.8,0.22,0.0,0.0,лето,нет,да
2018-08-02,8,1579,31.6,50,1.1,19430,19.9,0.76,0.0,0.0,лето,нет,да
2018-08-02,9,813,32.9,49,1.8,18430,20.7,1.53,0.0,0.0,лето,нет,да
2018-08-02,10,549,34.4,46,2.0,18800,21.1,1.94,0.0,0.0,лето,нет,да
2018-08-02,11,547,35.3,45,1.7,18290,21.5,2.27,0.0,0.0,лето,нет,да
2018-08-02,12,562,36.6,41,2.0,18660,21.2,2.58,0.0,0.0,лето,нет,да
2018-08-02,13,550,36.7,44,1.4,17650,22.4,1.9,0.0,0.0,лето,нет,да
2018-08-02,14,535,37.3,40,1.8,16660,21.4,1.52,0.0,0.0,лето,нет,да
2018-08-02,15,605,36.6,44,1.5,17710,22.3,1.13,0.0,0.0,лето,нет,да
2018-08-02,16,676,37.9,39,1.6,17570,21.5,1.76,0.0,0.0,лето,нет,да
2018-08-02,17,1066,37.4,44,2.3,18290,23.0,1.49,0.0,0.0,лето,нет,да
2018-08-02,18,1881,36.7,47,2.5,18030,23.5,0.99,0.0,0.0,лето,нет,да
2018-08-02,19,1605,35.2,52,2.3,17540,23.8,0.44,0.0,0.0,лето,нет,да
2018-08-02,20,1480,33.9,58,2.4,15190,24.4,0.04,0.0,0.0,лето,нет,да
2018-08-02,21,1535,33.3,63,1.2,13040,25.2,0.0,0.0,0.0,лето,нет,да
2018-08-02,22,1375,32.9,64,1.0,10880,25.1,0.0,0.0,0.0,лето,нет,да
2018-08-02,23,1020,32.4,64,1.7,11530,24.7,0.0,0.0,0.0,лето,нет,да
2018-08-03,0,763,32.1,67,1.1,10770,25.1,0.0,0.0,0.0,лето,нет,да
2018-08-03,1,675,31.7,68,0.3,11030,25.0,0.0,0.0,0.0,лето,нет,да
2018-08-03,2,443,31.5,68,0.3,10010,24.8,0.0,0.0,0.0,лето,нет,да
2018-08-03,3,327,31.2,68,1.4,9680,24.5,0.0,0.0,0.0,лето,нет,да
2018-08-03,4,236,31.0,73,0.5,9900,25.5,0.0,0.0,0.0,лето,нет,да
2018-08-03,5,266,30.5,72,0.5,10840,24.8,0.0,0.0,0.0,лето,нет,да
2018-08-03,6,544,30.5,62,1.3,15830,22.3,0.01,0.0,0.0,лето,нет,да
2018-08-03,7,937,30.8,58,1.6,17770,21.5,0.22,0.0,0.0,лето,нет,да
2018-08-03,8,1471,31.8,55,1.3,15370,21.6,0.78,0.0,0.0,лето,нет,да
2018-08-03,9,784,33.0,50,1.7,17220,21.1,1.49,0.0,0.0,лето,нет,да
2018-08-03,10,530,34.3,48,2.5,18220,21.7,2.12,0.0,0.0,лето,нет,да
2018-08-03,11,575,35.7,42,1.6,17270,20.7,2.56,0.0,0.0,лето,нет,да
2018-08-03,12,585,36.8,41,2.1,17590,21.3,2.53,0.0,0.0,лето,нет,да
2018-08-03,13,585,36.8,44,1.8,16250,22.5,1.79,0.0,0.0,лето,нет,да
2018-08-03,14,575,37.4,40,2.8,15190,21.5,2.03,0.0,0.0,лето,нет,да
2018-08-03,15,600,37.4,44,3.2,14990,23.0,2.71,0.0,0.0,лето,нет,да
2018-08-03,16,763,36.7,44,3.5,16660,22.4,2.16,0.0,0.0,лето,нет,да
2018-08-03,17,1105,35.8,49,3.9,16330,23.4,1.52,0.0,0.0,лето,нет,да
2018-08-03,18,1920,34.4,53,3.3,16500,23.4,0.8,0.0,0.0,лето,нет,да
2018-08-03,19,1558,33.5,54,2.7,18710,22.9,0.35,0.0,0.0,лето,нет,да
2018-08-03,20,1517,32.2,58,1.9,16730,22.8,0.02,0.0,0.0,лето,нет,да
2018-08-03,21,1511,31.2,63,1.7,15370,23.3,0.0,0.0,0.0,лето,нет,да
2018-08-03,22,1421,30.6,64,1.2,17050,23.0,0.0,0.0,0.0,лето,нет,да
2018-08-03,23,1103,30.2,62,0.8,17080,22.1,0.0,0.0,0.0,лето,нет,да
2018-08-04,0,953,30.0,61,1.7,17940,21.6,0.0,0.0,0.0,лето,нет,да
2018-08-04,1,872,29.9,61,1.1,17450,21.5,0.0,0.0,0.0,лето,нет,да
2018-08-04,2,594,29.9,59,1.9,19020,21.0,0.0,0.0,0.0,лето,нет,да
2018-08-04,3,435,29.7,57,1.5,19640,20.2,0.0,0.0,0.0,лето,нет,да
2018-08-04,4,304,29.5,60,1.2,17740,20.9,0.0,0.0,0.0,лето,нет,да
2018-08-04,5,234,29.2,62,2.1,18350,21.1,0.0,0.0,0.0,лето,нет,да
2018-08-04,6,289,29.1,63,1.6,18180,21.3,0.0,0.0,0.0,лето,нет,да
2018-08-04,7,405,29.4,62,1.9,17580,21.3,0.24,0.0,0.0,лето,нет,да
2018-08-04,8,568,30.2,61,1.8,15620,21.8,0.65,0.0,0.0,лето,нет,да
2018-08-04,9,598,31.3,58,1.9,15980,22.0,1.24,0.0,0.0,лето,нет,да
2018-08-04,10,569,32.3,56,1.7,16250,22.3,1.61,0.0,0.0,лето,нет,да
2018-08-04,11,655,33.4,52,2.8,14620,22.1,2.19,0.0,0.0,лето,нет,да
2018-08-04,12,640,33.2,52,2.5,15140,22.0,1.59,0.0,0.0,лето,нет,да
2018-08-04,13,703,33.6,54,3.7,17540,23.0,2.56,0.0,0.0,лето,нет,да
2018-08-04,14,676,33.1,54,4.2,18790,22.5,2.09,0.0,0.0,лето,нет,да
2018-08-04,15,690,34.7,48,3.6,19730,22.0,2.47,0.0,0.0,лето,нет,да
2018-08-04,16,700,34.5,49,4.0,19250,22.2,2.35,0.0,0.0,лето,нет,да
2018-08-04,17,901,34.3,48,3.4,20000,21.7,1.82,0.0,0.0,лето,нет,да
2018-08-04,18,1044,33.2,52,3.7,19860,22.0,1.14,0.0,0.0,лето,нет,да
2018-08-04,19,1277,32.0,57,2.9,20000,22.4,0.48,0.0,0.0,лето,нет,да
2018-08-04,20,1387,30.2,66,2.8,20000,23.1,0.02,0.0,0.0,лето,нет,да
2018-08-04,21,1377,29.2,73,1.9,19330,23.8,0.0,0.0,0.0,лето,нет,да
2018-08-04,22,1337,28.6,74,2.5,18040,23.5,0.0,0.0,0.0,лето,нет,да
2018-08-04,23,1155,28.2,78,2.5,16780,23.9,0.0,0.0,0.0,лето,нет,да
2018-08-05,0,983,28.0,82,1.4,12210,24.6,0.0,0.0,0.0,лето,нет,да
2018-08-05,1,758,27.7,83,2.7,11280,24.5,0.0,0.0,0.0,лето,нет,да
2018-08-05,2,509,27.5,83,2.7,11180,24.3,0.0,0.0,0.0,лето,нет,да
2018-08-05,3,401,27.3,84,1.7,10890,24.3,0.0,0.0,0.0,лето,нет,да
2018-08-05,4,253,27.3,83,2.2,10540,24.1,0.0,0.0,0.0,лето,нет,да
2018-08-05,5,188,27.3,84,0.8,10670,24.3,0.0,0.0,0.0,лето,нет,да
2018-08-05,6,222,27.3,83,1.4,10800,24.1,0.0,0.0,0.0,лето,нет,да
2018-08-05,7,223,27.5,86,1.8,4850,24.9,0.03,0.4,0.0,лето,нет,да
2018-08-05,8,309,27.5,95,0.7,4040,26.6,0.14,1.6,0.0,лето,нет,да
2018-08-05,9,422,29.1,76,2.2,10410,24.4,1.38,0.0,0.0,лето,нет,да
2018-08-05,10,461,29.5,78,2.0,10910,25.2,1.28,0.0,0.0,лето,нет,да
2018-08-05,11,499,31.2,63,2.6,16950,23.3,1.99,0.0,0.0,лето,нет,да
2018-08-05,12,565,32.5,59,3.4,17800,23.4,2.33,0.0,0.0,лето,нет,да
2018-08-05,13,600,33.0,56,3.5,18570,23.0,2.68,0.0,0.0,лето,нет,да
2018-08-05,14,639,33.3,55,4.7,19210,23.0,3.05,0.0,0.0,лето,нет,да
2018-08-05,15,712,33.7,55,3.7,18430,23.3,2.67,0.0,0.0,лето,нет,да
2018-08-05,16,818,33.6,57,3.5,19010,23.8,2.19,0.0,0.0,лето,нет,да
2018-08-05,17,978,32.8,61,4.0,18780,24.2,1.46,0.0,0.0,лето,нет,да
2018-08-05,18,1247,31.8,63,4.0,18490,23.8,0.81,0.0,0.0,лето,нет,да
2018-08-05,19,1411,30.9,68,3.3,18210,24.2,0.52,0.0,0.0,лето,нет,да
2018-08-05,20,1524,30.0,72,3.5,17650,24.3,0.09,0.0,0.0,лето,нет,да
2018-08-05,21,1465,29.3,75,3.6,16740,24.4,0.0,0.0,0.0,лето,нет,да
2018-08-05,22,1286,29.1,77,3.0,15590,24.6,0.0,0.0,0.0,лето,нет,да
2018-08-05,23,942,28.8,79,1.3,14840,24.7,0.0,0.0,0.0,лето,нет,да
2018-08-06,0,707,28.7,79,2.2,14730,24.6,0.0,0.0,0.0,лето,нет,да
2018-08-06,1,455,28.7,80,1.5,12950,24.8,0.0,0.0,0.0,лето,нет,да
2018-08-06,2,309,28.6,80,1.2,11630,24.8,0.0,0.0,0.0,лето,нет,да
2018-08-06,3,219,28.6,81,1.1,11050,25.0,0.0,0.0,0.0,лето,нет,да
2018-08-06,4,162,28.4,82,0.5,11440,25.0,0.0,0.0,0.0,лето,нет,да
2018-08-06,5,258,28.3,83,1.7,9690,25.1,0.0,0.0,0.0,лето,нет,да
2018-08-06,6,546,28.3,83,1.1,9000,25.1,0.0,0.0,0.0,лето,нет,да
2018-08-06,7,699,28.5,82,0.8,9140,25.1,0.09,0.0,0.0,лето,нет,да
2018-08-06,8,797,28.7,86,1.4,5320,26.1,0.32,0.5,0.0,лето,нет,да
2018-08-06,9,614,28.4,87,1.7,13130,26.0,0.56,4.0,0.0,лето,нет,да
2018-08-06,10,533,29.8,76,1.4,8500,25.1,1.52,0.0,0.0,лето,нет,да
2018-08-06,11,569,31.3,70,1.0,12270,25.1,1.89,0.0,0.0,лето,нет,да
2018-08-06,12,613,33.2,59,2.6,12890,24.0,2.37,0.0,0.0,лето,нет,да
2018-08-06,13,666,34.3,54,2.2,15400,23.6,2.93,0.0,0.0,лето,нет,да
2018-08-06,14,571,34.0,59,3.2,11800,24.8,1.98,0.0,0.0,лето,нет,да
2018-08-06,15,646,33.6,58,3.6,14480,24.1,1.98,0.0,0.0,лето,нет,да
2018-08-06,16,752,34.6,55,2.5,16500,24.2,2.01,0.0,0.0,лето,нет,да
2018-08-06,17,1063,35.0,53,1.5,16180,23.9,1.78,0.0,0.0,лето,нет,да
2018-08-06,18,1956,32.8,63,1.3,17990,24.8,0.31,0.0,0.0,лето,нет,да
2018-08-06,19,1548,32.2,65,0.8,18940,24.7,0.1,0.0,0.0,лето,нет,да
2018-08-06,20,1537,31.3,65,2.0,15860,23.9,0.02,0.0,0.0,лето,нет,да
2018-08-06,21,1611,30.6,70,1.6,15420,24.4,0.0,0.0,0.0,лето,нет,да
2018-08-06,22,1371,30.1,72,0.4,18060,24.4,0.0,0.0,0.0,лето,нет,да
2018-08-06,23,969,29.4,79,1.2,7770,25.3,0.0,2.0,0.0,лето,нет,да
2018-08-07,0,842,28.8,72,0.8,20000,23.2,0.0,0.0,0.0,лето,нет,да
2018-08-07,1,619,28.2,68,0.9,20000,21.7,0.0,0.0,0.0,лето,нет,да
2018-08-07,2,443,27.9,68,0.9,20000,21.4,0.0,0.0,0.0,лето,нет,да
2018-08-07,3,278,27.6,69,0.9,20000,21.3,0.0,0.0,0.0,лето,нет,да
2018-08-07,4,201,27.3,68,0.7,20000,20.8,0.0,0.0,0.0,лето,нет,да
2018-08-07,5,273,27.1,69,0.9,20000,20.9,0.0,0.0,0.0,лето,нет,да
2018-08-07,6,634,26.8,70,0.7,20000,20.8,0.0,0.0,0.0,лето,нет,да
2018-08-07,7,1059,27.0,69,0.8,20000,20.8,0.23,0.0,0.0,лето,нет,да
2018-08-07,8,1695,28.5,64,2.0,20000,21.0,0.89,0.0,0.0,лето,нет,да
2018-08-07,9,961,29.3,66,1.1,20000,22.2,1.07,0.0,0.0,лето,нет,да
2018-08-07,10,635,30.1,65,1.2,20000,22.7,1.11,0.0,0.0,лето,нет,да
2018-08-07,11,657,31.4,59,0.8,20000,22.4,1.3,0.0,0.0,лето,нет,да
2018-08-07,12,770,31.9,57,0.9,19810,22.3,1.28,0.0,0.0,лето,нет,да
2018-08-07,13,662,33.0,55,1.0,19670,22.7,1.49,0.0,0.0,лето,нет,да
2018-08-07,14,658,34.0,50,1.2,17440,22.1,1.68,0.0,0.0,лето,нет,да
2018-08-07,15,698,34.3,49,1.0,16330,22.0,1.62,0.0,0.0,лето,нет,да
2018-08-07,16,855,35.4,45,2.6,15290,21.6,1.84,0.0,0.0,лето,нет,да
2018-08-07,17,1232,35.6,44,2.4,18600,21.4,1.69,0.0,0.0,лето,нет,да
2018-08-07,18,2274,34.6,50,3.1,18210,22.6,1.0,0.0,0.0,лето,нет,да
2018-08-07,19,1898,32.9,56,2.6,19440,22.9,0.4,0.0,0.0,лето,нет,да
2018-08-07,20,1836,31.1,64,2.7,17700,23.4,0.02,0.0,0.0,лето,нет,да
2018-08-07,21,1826,30.3,69,2.2,18340,23.9,0.0,0.0,0.0,лето,нет,да
2018-08-07,22,1664,29.8,75,1.4,16090,24.8,0.0,0.0,0.0,лето,нет,да
2018-08-07,23,1136,29.5,78,1.4,14690,25.2,0.0,0.0,0.0,лето,нет,да
2018-08-08,0,853,29.1,77,2.1,14650,24.6,0.0,0.0,0.0,лето,нет,да
2018-08-08,1,700,28.5,80,1.5,13060,24.7,0.0,0.0,0.0,лето,нет,да
2018-08-08,2,489,28.3,84,2.1,10990,25.3,0.0,0.0,0.0,лето,нет,да
2018-08-08,3,322,28.3,84,0.5,10060,25.3,0.0,0.0,0.0,лето,нет,да
2018-08-08,4,183,28.0,85,1.0,10790,25.2,0.0,0.0,0.0,лето,нет,да
2018-08-08,5,260,27.9,84,0.0,11720,24.9,0.0,0.0,0.0,лето,нет,да
2018-08-08,6,614,27.6,84,1.2,11230,24.6,0.01,0.0,0.0,лето,нет,да
2018-08-08,7,1079,28.2,82,1.5,9850,24.8,0.19,0.0,0.0,лето,нет,да
2018-08-08,8,1693,28.6,80,1.6,7080,24.8,0.49,0.0,0.0,лето,нет,да
2018-08-08,9,920,30.2,66,1.4,11310,23.1,1.48,0.0,0.0,лето,нет,да
2018-08-08,10,657,31.6,58,2.3,15280,22.3,2.02,0.0,0.0,лето,нет,да
2018-08-08,11,624,32.7,55,2.7,18360,22.4,2.44,0.0,0.0,лето,нет,да
2018-08-08,12,629,34.1,46,1.6,18850,20.8,2.72,0.0,0.0,лето,нет,да
2018-08-08,13,673,34.4,48,2.1,19210,21.7,2.37,0.0,0.0,лето,нет,да
2018-08-08,14,670,33.6,50,3.5,19930,21.7,1.15,0.0,0.0,лето,нет,да
2018-08-08,15,687,34.5,47,3.2,19580,21.5,2.32,0.0,0.0,лето,нет,да
2018-08-08,16,839,35.1,40,2.6,19890,19.4,2.29,0.0,0.0,лето,нет,да
2018-08-08,17,1266,35.0,37,2.6,20000,18.1,1.72,0.0,0.0,лето,нет,да
2018-08-08,18,2326,34.5,45,2.0,20000,20.8,1.0,0.0,0.0,лето,нет,да
2018-08-08,19,1983,32.6,60,3.5,19820,23.8,0.37,0.0,0.0,лето,нет,да
2018-08-08,20,1822,31.0,66,2.9,18570,23.8,0.02,0.0,0.0,лето,нет,да
2018-08-08,21,1783,29.7,71,3.2,19340,23.8,0.0,0.0,0.0,лето,нет,да
2018-08-08,22,1628,29.5,73,0.9,19360,24.1,0.0,0.0,0.0,лето,нет,да
2018-08-08,23,1180,29.1,77,0.4,15520,24.6,0.0,0.0,0.0,лето,нет,да
2018-08-09,0,929,28.9,75,1.6,19460,24.0,0.0,0.0,0.0,лето,нет,да
2018-08-09,1,733,28.8,75,2.1,19750,23.9,0.0,0.0,0.0,лето,нет,да
2018-08-09,2,466,28.5,79,1.2,15460,24.4,0.0,0.0,0.0,лето,нет,да
2018-08-09,3,334,28.3,80,1.4,16170,24.5,0.0,0.0,0.0,лето,нет,да
2018-08-09,4,189,28.1,81,1.5,17290,24.5,0.0,0.0,0.0,лето,нет,да
2018-08-09,5,292,27.8,82,1.0,15990,24.4,0.0,0.0,0.0,лето,нет,да
2018-08-09,6,619,27.7,84,1.4,14360,24.7,0.0,0.0,0.0,лето,нет,да
2018-08-09,7,1088,27.9,81,1.8,14970,24.3,0.12,0.0,0.0,лето,нет,да
2018-08-09,8,1731,28.6,75,1.2,15880,23.7,0.56,0.0,0.0,лето,нет,да
2018-08-09,9,977,29.4,64,2.3,19260,21.8,0.9,0.0,0.0,лето,нет,да
2018-08-09,10,649,30.4,63,1.8,18830,22.5,1.32,0.0,0.0,лето,нет,да
2018-08-09,11,659,30.8,63,2.4,19190,22.9,0.94,0.0,0.0,лето,нет,да
2018-08-09,12,484,31.1,63,3.0,17950,23.2,1.14,0.0,0.0,лето,нет,да
2018-08-09,13,628,29.7,80,1.7,13120,25.8,0.73,0.4,0.0,лето,нет,да
2018-08-09,14,561,30.8,69,1.8,12180,24.4,1.58,0.0,0.0,лето,нет,да
2018-08-09,15,644,31.2,67,2.7,13680,24.3,1.39,0.0,0.0,лето,нет,да
2018-08-09,16,559,31.6,73,3.0,11330,26.1,1.57,0.0,0.0,лето,нет,да
2018-08-09,17,740,28.8,83,4.0,9690,25.6,0.39,1.1,0.0,лето,нет,да
2018-08-09,18,1850,28.1,86,2.3,12440,25.5,0.28,0.5,0.0,лето,нет,да
2018-08-09,19,1698,28.2,82,0.4,18320,24.8,0.16,0.0,0.0,лето,нет,да
2018-08-09,20,1591,27.9,78,0.6,19890,23.7,0.03,0.0,0.0,лето,нет,да
2018-08-09,21,1654,27.8,82,0.3,13970,24.4,0.0,0.0,0.0,лето,нет,да
2018-08-09,22,1494,27.5,82,0.4,12280,24.1,0.0,0.0,0.0,лето,нет,да
2018-08-09,23,1075,27.3,81,0.0,12870,23.7,0.0,0.0,0.0,лето,нет,да
2018-08-10,0,903,27.1,84,0.2,11610,24.1,0.0,0.0,0.0,лето,нет,да
2018-08-10,1,708,26.9,84,0.2,10610,23.9,0.0,0.0,0.0,лето,нет,да
2018-08-10,2,484,26.9,84,0.8,10070,23.9,0.0,0.0,0.0,лето,нет,да
2018-08-10,3,346,26.7,84,0.4,9940,23.7,0.0,0.0,0.0,лето,нет,да
2018-08-10,4,214,26.3,85,0.4,12160,23.5,0.0,0.0,0.0,лето,нет,да
2018-08-10,5,283,26.1,83,0.3,16170,22.9,0.0,0.0,0.0,лето,нет,да
2018-08-10,6,645,25.7,83,0.6,14830,22.5,0.0,0.0,0.0,лето,нет,да
2018-08-10,7,1027,26.0,78,0.7,19880,21.8,0.16,0.0,0.0,лето,нет,да
2018-08-10,8,1728,27.2,69,1.8,19990,21.0,0.7,0.0,0.0,лето,нет,да
2018-08-10,9,892,29.0,64,0.8,19870,21.4,1.45,0.0,0.0,лето,нет,да
2018-08-10,10,683,30.5,58,0.6,18750,21.2,1.84,0.0,0.0,лето,нет,да
2018-08-10,11,697,31.9,53,1.2,20000,21.1,2.33,0.0,0.0,лето,нет,да
2018-08-10,12,721,33.4,47,1.3,20000,20.5,2.51,0.0,0.0,лето,нет,да
2018-08-10,13,696,34.2,41,1.7,20000,19.0,2.31,0.0,0.0,лето,нет,да
2018-08-10,14,658,35.1,44,1.6,20000,21.0,2.25,0.0,0.0,лето,нет,да
2018-08-10,15,725,34.8,47,2.4,20000,21.8,2.21,0.0,0.0,лето,нет,да
2018-08-10,16,853,36.4,40,3.2,20000,20.6,2.59,0.0,0.0,лето,нет,да
2018-08-10,17,1293,36.3,40,2.7,20000,20.5,1.93,0.0,0.0,лето,нет,да
2018-08-10,18,2289,35.2,44,2.6,20000,21.1,1.23,0.0,0.0,лето,нет,да
2018-08-10,19,1903,33.4,49,2.6,20000,21.2,0.32,0.0,0.0,лето,нет,да
2018-08-10,20,1702,32.2,52,2.3,20000,21.0,0.02,0.0,0.0,лето,нет,да
2018-08-10,21,1641,31.3,55,0.9,20000,21.1,0.0,0.0,0.0,лето,нет,да
2018-08-10,22,1544,30.9,54,0.8,20000,20.5,0.0,0.0,0.0,лето,нет,да
2018-08-10,23,1198,30.4,58,1.4,20000,21.2,0.0,0.0,0.0,лето,нет,да
2018-08-11,0,1022,29.8,63,2.0,20000,21.9,0.0,0.0,0.0,лето,нет,да
2018-08-11,1,881,29.0,67,1.1,20000,22.2,0.0,0.0,0.0,лето,нет,да
2018-08-11,2,691,28.5,68,1.1,18390,22.0,0.0,0.0,0.0,лето,нет,да
2018-08-11,3,441,27.9,69,0.8,20000,21.6,0.0,0.0,0.0,лето,нет,да
2018-08-11,4,266,27.4,69,1.0,20000,21.2,0.0,0.0,0.0,лето,нет,да
2018-08-11,5,263,26.9,69,0.7,20000,20.7,0.0,0.0,0.0,лето,нет,да
2018-08-11,6,355,26.5,69,0.8,20000,20.3,0.0,0.0,0.0,лето,нет,да
2018-08-11,7,425,26.7,67,0.8,20000,20.0,0.13,0.0,0.0,лето,нет,да
2018-08-11,8,647,28.0,60,1.0,20000,19.5,0.91,0.0,0.0,лето,нет,да
2018-08-11,9,672,29.7,58,1.3,19550,20.5,1.68,0.0,0.0,лето,нет,да
2018-08-11,10,643,31.3,53,1.8,20000,20.5,2.34,0.0,0.0,лето,нет,да
2018-08-11,11,766,31.5,54,2.5,19180,21.0,1.78,0.0,0.0,лето,нет,да
2018-08-11,12,759,33.2,50,2.3,20000,21.3,2.84,0.0,0.0,лето,нет,да
2018-08-11,13,830,34.1,45,1.5,19930,20.4,2.57,0.0,0.0,лето,нет,да
2018-08-11,14,733,34.5,43,2.6,20000,20.0,2.37,0.0,0.0,лето,нет,да
2018-08-11,15,694,35.0,41,1.5,20000,19.7,2.4,0.0,0.0,лето,нет,да
2018-08-11,16,826,35.6,39,2.7,20000,19.5,1.81,0.0,0.0,лето,нет,да
2018-08-11,17,1006,35.8,36,2.2,20000,18.3,1.58,0.0,0.0,лето,нет,да
2018-08-11,18,1274,34.4,40,1.8,20000,18.8,0.65,0.0,0.0,лето,нет,да
2018-08-11,19,1482,33.8,44,2.2,20000,19.8,0.3,0.0,0.0,лето,нет,да
2018-08-11,20,1469,32.8,47,1.9,20000,19.9,0.01,0.0,0.0,лето,нет,да
2018-08-11,21,1437,31.6,63,1.2,19800,23.6,0.0,0.0,0.0,лето,нет,да
2018-08-11,22,1351,31.3,53,2.3,20000,20.5,0.0,0.0,0.0,лето,нет,да
2018-08-11,23,1076,30.7,55,1.5,20000,20.6,0.0,0.0,0.0,лето,нет,да
2018-08-12,0,997,29.9,56,2.0,20000,20.1,0.0,0.0,0.0,лето,нет,да
2018-08-12,1,703,29.4,58,1.5,20000,20.2,0.0,0.0,0.0,лето,нет,да
2018-08-12,2,554,29.0,60,1.4,20000,20.4,0.0,0.0,0.0,лето,нет,да
2018-08-12,3,387,28.5,62,1.6,20000,20.5,0.0,0.0,0.0,лето,нет,да
2018-08-12,4,260,28.1,63,0.8,20000,20.3,0.0,0.0,0.0,лето,нет,да
2018-08-12,5,196,27.7,65,1.4,20000,20.5,0.0,0.0,0.0,лето,нет,да
2018-08-12,6,261,27.2,66,0.9,20000,20.2,0.0,0.0,0.0,лето,нет,да
2018-08-12,7,316,27.4,61,0.6,20000,19.2,0.17,0.0,0.0,лето,нет,да
2018-08-12,8,520,28.6,54,1.1,20000,18.3,0.82,0.0,0.0,лето,нет,да
2018-08-12,9,568,29.7,55,1.6,20000,19.6,1.44,0.0,0.0,лето,нет,да
2018-08-12,10,483,31.6,51,2.3,19690,20.2,2.3,0.0,0.0,лето,нет,да
2018-08-12,11,526,32.8,49,2.8,20000,20.6,2.87,0.0,0.0,лето,нет,да
2018-08-12,12,670,33.8,44,2.0,18990,19.8,2.72,0.0,0.0,лето,нет,да
2018-08-12,13,704,34.0,47,1.4,20000,21.0,2.24,0.0,0.0,лето,нет,да
2018-08-12,14,697,35.0,45,2.2,19570,21.2,2.73,0.0,0.0,лето,нет,да
2018-08-12,15,820,34.9,46,2.0,20000,21.5,1.54,0.0,0.0,лето,нет,да
2018-08-12,16,959,34.1,47,2.5,20000,21.1,0.61,0.0,0.0,лето,нет,да
2018-08-12,17,1156,33.7,48,2.3,20000,21.1,0.41,0.0,0.0,лето,нет,да
2018-08-12,18,1225,33.4,49,1.6,19710,21.2,0.25,0.0,0.0,лето,нет,да
2018-08-12,19,1117,32.0,76,2.1,6920,27.2,0.1,1.0,0.0,лето,нет,да
2018-08-12,20,1208,29.4,86,1.1,11940,26.8,0.03,4.0,0.0,лето,нет,да
2018-08-12,21,1337,28.9,83,0.3,14490,25.7,0.0,0.0,0.0,лето,нет,да
2018-08-12,22,1127,28.8,79,0.2,16040,24.7,0.0,0.0,0.0,лето,нет,да
2018-08-12,23,707,28.7,81,0.4,15860,25.1,0.0,0.0,0.0,лето,нет,да
2018-08-13,0,409,28.4,85,1.3,14060,25.6,0.0,0.0,0.0,лето,нет,да
2018-08-13,1,231,28.2,88,0.2,9290,26.0,0.0,1.0,0.0,лето,нет,да
2018-08-13,2,212,28.1,78,0.9,11910,23.8,0.0,0.0,0.0,лето,нет,да
2018-08-13,3,196,27.7,88,0.5,8330,25.5,0.0,0.0,0.0,лето,нет,да
2018-08-13,4,151,27.1,91,0.9,5850,25.4,0.0,0.0,0.0,лето,нет,да
2018-08-13,5,230,26.8,90,0.6,5910,25.0,0.0,0.0,0.0,лето,нет,да
2018-08-13,6,594,26.7,89,0.6,6150,24.7,0.0,0.0,0.0,лето,нет,да
2018-08-13,7,1065,27.0,86,0.9,7180,24.4,0.22,0.0,0.0,лето,нет,да
2018-08-13,8,1657,28.0,78,1.1,8650,23.7,0.74,0.0,0.0,лето,нет,да
2018-08-13,9,903,29.4,74,2.0,9170,24.2,1.18,0.0,0.0,лето,нет,да
2018-08-13,10,639,30.6,67,0.7,13540,23.7,1.2,0.0,0.0,лето,нет,да
2018-08-13,11,677,31.7,58,1.1,15840,22.4,1.27,0.0,0.0,лето,нет,да
2018-08-13,12,724,33.4,54,2.6,16480,22.8,2.09,0.0,0.0,лето,нет,да
2018-08-13,13,698,33.0,54,1.7,14580,22.4,1.23,0.0,0.0,лето,нет,да
2018-08-13,14,651,33.6,55,1.1,13750,23.3,0.94,0.0,0.0,лето,нет,да
2018-08-13,15,709,34.0,51,1.8,15080,22.4,0.98,0.0,0.0,лето,нет,да
2018-08-13,16,901,33.5,52,2.2,18040,22.2,0.91,0.0,0.0,лето,нет,да
2018-08-13,17,1358,33.2,55,2.7,16000,22.9,0.55,0.0,0.0,лето,нет,да
2018-08-13,18,2367,33.1,59,3.1,17260,24.0,0.72,0.0,0.0,лето,нет,да
2018-08-13,19,2036,32.1,60,2.3,19870,23.3,0.25,0.0,0.0,лето,нет,да
2018-08-13,20,1847,31.0,64,2.9,19920,23.3,0.01,0.0,0.0,лето,нет,да
2018-08-13,21,1851,30.4,66,1.6,20000,23.3,0.0,0.0,0.0,лето,нет,да
2018-08-13,22,1635,29.9,60,1.3,20000,21.2,0.0,0.0,0.0,лето,нет,да
2018-08-13,23,1086,29.6,63,0.1,20000,21.8,0.0,0.0,0.0,лето,нет,да
2018-08-14,0,872,29.3,68,1.6,20000,22.7,0.0,0.0,0.0,лето,нет,да
2018-08-14,1,681,28.9,71,1.2,19820,23.1,0.0,0.0,0.0,лето,нет,да
2018-08-14,2,467,28.6,70,1.5,20000,22.5,0.0,0.0,0.0,лето,нет,да
2018-08-14,3,345,28.4,73,1.4,19900,23.0,0.0,0.0,0.0,лето,нет,да
2018-08-14,4,209,28.1,71,0.4,20000,22.3,0.0,0.0,0.0,лето,нет,да
2018-08-14,5,254,27.9,71,0.3,20000,22.1,0.0,0.0,0.0,лето,нет,да
2018-08-14,6,643,27.8,71,0.1,20000,22.0,0.0,0.0,0.0,лето,нет,да
2018-08-14,7,1097,27.9,71,0.4,20000,22.1,0.13,0.0,0.0,лето,нет,да
2018-08-14,8,1708,29.3,63,0.9,18100,21.5,0.76,0.0,0.0,лето,нет,да
2018-08-14,9,944,31.0,56,0.8,19450,21.1,1.32,0.0,0.0,лето,нет,да
2018-08-14,10,615,31.7,57,1.3,18750,22.1,1.25,0.0,0.0,лето,нет,да
2018-08-14,11,636,32.4,54,1.9,19620,21.8,0.96,0.0,0.0,лето,нет,да
2018-08-14,12,699,33.9,49,1.5,18410,21.6,1.91,0.0,0.0,лето,нет,да
2018-08-14,13,695,35.7,38,2.4,18630,19.1,2.5,0.0,0.0,лето,нет,да
2018-08-14,14,627,36.2,41,2.9,18140,20.8,2.68,0.0,0.0,лето,нет,да
2018-08-14,15,700,37.2,38,2.5,18320,20.5,2.68,0.0,0.0,лето,нет,да
2018-08-14,16,920,36.3,41,2.4,19570,20.9,1.85,0.0,0.0,лето,нет,да
2018-08-14,17,1306,34.7,51,3.0,20000,23.0,1.22,0.0,0.0,лето,нет,да
2018-08-14,18,2305,33.7,53,2.4,20000,22.7,0.78,0.0,0.0,лето,нет,да
2018-08-14,19,1972,32.7,56,2.2,20000,22.7,0.33,0.0,0.0,лето,нет,да
2018-08-14,20,1705,31.8,59,0.9,20000,22.7,0.0,0.0,0.0,лето,нет,да
2018-08-14,21,1684,31.3,59,0.3,20000,22.3,0.0,0.0,0.0,лето,нет,да
2018-08-14,22,1587,30.9,63,0.7,20000,23.0,0.0,0.0,0.0,лето,нет,да
2018-08-14,23,1165,30.3,65,0.4,20000,22.9,0.0,0.0,0.0,лето,нет,да
2018-08-15,0,1034,30.0,67,0.8,19860,23.1,0.0,0.0,0.0,лето,да,да
2018-08-15,1,850,29.6,69,0.4,19420,23.3,0.0,0.0,0.0,лето,да,да
2018-08-15,2,676,29.5,68,0.4,19490,22.9,0.0,0.0,0.0,лето,да,да
2018-08-15,3,474,29.1,70,0.3,19520,23.0,0.0,0.0,0.0,лето,да,да
2018-08-15,4,310,28.8,73,0.5,18350,23.4,0.0,0.0,0.0,лето,да,да
2018-08-15,5,227,28.6,73,0.8,18080,23.2,0.0,0.0,0.0,лето,да,да
2018-08-15,6,346,28.4,74,1.0,17000,23.3,0.0,0.0,0.0,лето,да,да
2018-08-15,7,429,28.6,71,0.6,17970,22.8,0.17,0.0,0.0,лето,да,да
2018-08-15,8,553,29.9,60,0.8,17720,21.2,0.83,0.0,0.0,лето,да,да
2018-08-15,9,563,32.0,53,1.6,20000,21.2,1.56,0.0,0.0,лето,да,да
2018-08-15,10,547,33.5,49,1.0,19370,21.3,2.09,0.0,0.0,лето,да,да
2018-08-15,11,586,35.4,44,1.2,18870,21.2,2.58,0.0,0.0,лето,да,да
2018-08-15,12,563,36.5,41,1.1,18070,21.1,2.73,0.0,0.0,лето,да,да
2018-08-15,13,591,36.9,39,1.5,20000,20.6,2.46,0.0,0.0,лето,да,да
2018-08-15,14,627,37.2,38,0.9,19760,20.5,1.96,0.0,0.0,лето,да,да
2018-08-15,15,761,37.4,38,1.4,20000,20.6,1.72,0.0,0.0,лето,да,да
2018-08-15,16,877,36.6,39,0.7,20000,20.3,0.44,0.0,0.0,лето,да,да
2018-08-15,17,960,33.6,55,3.9,19290,23.3,0.86,0.0,0.0,лето,да,да
2018-08-15,18,925,32.8,63,2.3,15460,24.8,0.89,0.1,0.0,лето,да,да
2018-08-15,19,1301,28.7,76,0.7,20000,24.0,0.11,0.9,0.0,лето,да,да
2018-08-15,20,1500,28.4,69,1.5,20000,22.1,0.01,0.0,0.0,лето,да,да
2018-08-15,21,1507,28.6,69,1.3,20000,22.3,0.0,0.0,0.0,лето,да,да
2018-08-15,22,1350,28.6,67,1.0,20000,21.8,0.0,0.0,0.0,лето,да,да
2018-08-15,23,1008,28.5,69,1.1,20000,22.2,0.0,0.0,0.0,лето,да,да
2018-08-16,0,808,28.4,68,0.9,20000,21.9,0.0,0.0,0.0,лето,нет,да
2018-08-16,1,535,28.2,70,1.0,20000,22.2,0.0,0.0,0.0,лето,нет,да
2018-08-16,2,381,28.1,68,0.8,20000,21.6,0.0,0.0,0.0,лето,нет,да
2018-08-16,3,252,27.9,68,0.6,20000,21.4,0.0,0.0,0.0,лето,нет,да
2018-08-16,4,173,27.8,69,0.9,20000,21.5,0.0,0.0,0.0,лето,нет,да
2018-08-16,5,263,28.0,66,0.5,20000,21.0,0.0,0.0,0.0,лето,нет,да
2018-08-16,6,631,27.5,72,1.1,20000,21.9,0.0,0.0,0.0,лето,нет,да
2018-08-16,7,1105,27.6,71,1.2,20000,21.8,0.14,0.0,0.0,лето,нет,да
2018-08-16,8,1660,28.2,68,1.3,20000,21.7,0.41,0.0,0.0,лето,нет,да
2018-08-16,9,876,30.6,55,1.1,20000,20.5,1.46,0.0,0.0,лето,нет,да
2018-08-16,10,612,31.9,51,2.2,19390,20.4,2.04,0.0,0.0,лето,нет,да
2018-08-16,11,672,33.5,48,2.4,19680,20.9,2.71,0.0,0.0,лето,нет,да
2018-08-16,12,668,34.5,44,2.2,20000,20.4,3.19,0.0,0.0,лето,нет,да
2018-08-16,13,652,35.1,39,2.0,20000,19.0,3.45,0.0,0.0,лето,нет,да
2018-08-16,14,638,35.3,40,2.0,20000,19.6,3.17,0.0,0.0,лето,нет,да
2018-08-16,15,720,35.0,38,2.0,20000,18.5,2.8,0.0,0.0,лето,нет,да
2018-08-16,16,902,34.5,37,1.9,20000,17.6,2.36,0.0,0.0,лето,нет,да
2018-08-16,17,1384,33.8,37,2.2,20000,17.0,1.74,0.0,0.0,лето,нет,да
2018-08-16,18,2481,32.4,40,2.1,20000,17.0,1.04,0.0,0.0,лето,нет,да
2018-08-16,19,2286,29.8,45,2.5,20000,16.5,0.36,0.0,0.0,лето,нет,да
2018-08-16,20,2114,27.9,47,1.9,20000,15.5,0.01,0.0,0.0,лето,нет,да
2018-08-16,21,2127,26.8,46,2.0,20000,14.2,0.0,0.0,0.0,лето,нет,да
2018-08-16,22,1943,25.9,45,2.1,20000,13.0,0.0,0.0,0.0,лето,нет,да
2018-08-16,23,1446,25.0,44,2.2,20000,11.8,0.0,0.0,0.0,лето,нет,да
2018-08-17,0,1109,24.1,45,2.0,20000,11.4,0.0,0.0,0.0,лето,нет,да
2018-08-17,1,842,23.4,47,2.1,20000,11.4,0.0,0.0,0.0,лето,нет,да
2018-08-17,2,572,22.8,50,1.4,20000,11.8,0.0,0.0,0.0,лето,нет,да
2018-08-17,3,375,22.4,52,1.3,20000,12.0,0.0,0.0,0.0,лето,нет,да
2018-08-17,4,276,22.1,54,1.6,20000,12.3,0.0,0.0,0.0,лето,нет,да
2018-08-17,5,304,21.8,55,1.9,20000,12.3,0.0,0.0,0.0,лето,нет,да
2018-08-17,6,719,21.8,51,2.0,20000,11.2,0.0,0.0,0.0,лето,нет,да
2018-08-17,7,1271,22.0,49,1.7,20000,10.7,0.23,0.0,0.0,лето,нет,да
2018-08-17,8,1918,23.5,44,1.7,19440,10.5,0.98,0.0,0.0,лето,нет,да
2018-08-17,9,1069,25.5,40,2.6,19900,10.8,1.7,0.0,0.0,лето,нет,да
2018-08-17,10,717,27.0,36,2.2,19770,10.6,2.34,0.0,0.0,лето,нет,да
2018-08-17,11,844,28.8,33,2.2,19510,10.9,2.85,0.0,0.0,лето,нет,да
2018-08-17,12,904,30.3,30,1.9,19810,10.7,3.17,0.0,0.0,лето,нет,да
2018-08-17,13,820,31.3,30,2.1,20000,11.6,3.3,0.0,0.0,лето,нет,да
2018-08-17,14,791,32.7,27,2.0,19640,11.2,3.21,0.0,0.0,лето,нет,да
2018-08-17,15,970,33.5,26,2.1,20000,11.3,2.9,0.0,0.0,лето,нет,да
2018-08-17,16,1112,33.7,26,1.5,20000,11.5,2.39,0.0,0.0,лето,нет,да
2018-08-17,17,1666,33.1,27,1.9,19750,11.5,1.76,0.0,0.0,лето,нет,да
2018-08-17,18,2797,32.5,28,1.4,20000,11.6,1.06,0.0,0.0,лето,нет,да
2018-08-17,19,2353,31.0,31,1.5,20000,11.8,0.34,0.0,0.0,лето,нет,да
2018-08-17,20,2130,28.4,40,1.7,18870,13.4,0.0,0.0,0.0,лето,нет,да
2018-08-17,21,2008,27.1,43,1.6,20000,13.4,0.0,0.0,0.0,лето,нет,да
2018-08-17,22,1787,26.0,45,1.7,20000,13.1,0.0,0.0,0.0,лето,нет,да
2018-08-17,23,1466,25.2,47,1.2,20000,13.0,0.0,0.0,0.0,лето,нет,да
2018-08-18,0,1191,24.5,48,1.2,20000,12.7,0.0,0.0,0.0,лето,нет,да
2018-08-18,1,969,23.9,51,0.9,20000,13.1,0.0,0.0,0.0,лето,нет,да
2018-08-18,2,698,23.4,53,1.1,20000,13.2,0.0,0.0,0.0,лето,нет,да
2018-08-18,3,483,23.0,54,1.0,18180,13.1,0.0,0.0,0.0,лето,нет,да
2018-08-18,4,316,22.6,55,1.4,20000,13.0,0.0,0.0,0.0,лето,нет,да
2018-08-18,5,262,22.0,58,1.0,20000,13.3,0.0,0.0,0.0,лето,нет,да
2018-08-18,6,397,21.6,60,1.0,20000,13.4,0.0,0.0,0.0,лето,нет,да
2018-08-18,7,475,21.7,57,1.3,20000,12.8,0.23,0.0,0.0,лето,нет,да
2018-08-18,8,754,23.2,47,1.0,20000,11.2,0.93,0.0,0.0,лето,нет,да
2018-08-18,9,771,25.3,42,1.4,19210,11.4,1.7,0.0,0.0,лето,нет,да
2018-08-18,10,769,27.0,37,1.2,19620,11.0,2.32,0.0,0.0,лето,нет,да
2018-08-18,11,857,28.4,35,1.6,20000,11.4,2.82,0.0,0.0,лето,нет,да
2018-08-18,12,952,29.8,33,1.5,19360,11.7,3.14,0.0,0.0,лето,нет,да
2018-08-18,13,1003,31.1,30,1.5,20000,11.4,3.24,0.0,0.0,лето,нет,да
2018-08-18,14,1121,31.0,31,1.8,19990,11.8,2.8,0.0,0.0,лето,нет,да
2018-08-18,15,1196,31.7,30,1.9,19430,11.9,2.23,0.0,0.0,лето,нет,да
2018-08-18,16,1398,31.8,33,2.1,20000,13.5,1.88,0.0,0.0,лето,нет,да
2018-08-18,17,1806,29.9,39,2.9,20000,14.4,0.86,0.0,0.0,лето,нет,да
2018-08-18,18,1979,30.1,37,2.1,20000,13.8,0.88,0.0,0.0,лето,нет,да
2018-08-18,19,2127,28.5,45,1.6,20000,15.4,0.23,0.0,0.0,лето,нет,да
2018-08-18,20,1965,27.6,46,1.2,20000,14.9,0.01,0.0,0.0,лето,нет,да
2018-08-18,21,1886,26.8,48,0.9,20000,14.8,0.0,0.0,0.0,лето,нет,да
2018-08-18,22,1681,26.3,48,0.8,20000,14.4,0.0,0.0,0.0,лето,нет,да
2018-08-18,23,1342,25.9,52,1.3,20000,15.2,0.0,0.0,0.0,лето,нет,да
2018-08-19,0,1100,25.3,53,2.4,20000,15.0,0.0,0.0,0.0,лето,нет,да
2018-08-19,1,844,25.0,57,0.9,20000,15.8,0.0,0.0,0.0,лето,нет,да
2018-08-19,2,611,24.5,59,0.3,20000,15.9,0.0,0.0,0.0,лето,нет,да
2018-08-19,3,425,24.0,59,0.6,20000,15.4,0.0,0.0,0.0,лето,нет,да
2018-08-19,4,264,23.6,61,0.3,20000,15.6,0.0,0.0,0.0,лето,нет,да
2018-08-19,5,223,23.4,63,0.3,20000,15.9,0.0,0.0,0.0,лето,нет,да
2018-08-19,6,260,23.1,64,0.6,20000,15.9,0.0,0.0,0.0,лето,нет,да
2018-08-19,7,392,23.3,64,1.0,20000,16.0,0.1,0.0,0.0,лето,нет,да
2018-08-19,8,592,24.4,58,0.8,20000,15.5,0.45,0.0,0.0,лето,нет,да
2018-08-19,9,645,26.3,50,0.7,19800,15.0,1.28,0.0,0.0,лето,нет,да
2018-08-19,10,732,27.3,49,0.9,19680,15.6,1.17,0.0,0.0,лето,нет,да
2018-08-19,11,795,28.4,43,1.0,19140,14.6,1.52,0.0,0.0,лето,нет,да
2018-08-19,12,926,30.9,37,1.8,18580,14.5,2.98,0.0,0.0,лето,нет,да
2018-08-19,13,943,32.4,33,2.7,18930,14.0,3.1,0.0,0.0,лето,нет,да
2018-08-19,14,972,33.4,31,1.2,19620,13.9,2.73,0.0,0.0,лето,нет,да
2018-08-19,15,1181,33.8,31,1.6,20000,14.3,2.45,0.0,0.0,лето,нет,да
2018-08-19,16,1395,33.3,32,2.4,20000,14.3,1.98,0.0,0.0,лето,нет,да
2018-08-19,17,1721,32.7,33,2.5,19940,14.3,1.18,0.0,0.0,лето,нет,да
2018-08-19,18,1928,32.3,41,1.9,20000,17.3,0.62,0.0,0.0,лето,нет,да
2018-08-19,19,2186,29.7,55,2.5,20000,19.6,0.23,0.0,0.0,лето,нет,да
2018-08-19,20,2029,28.5,58,1.4,20000,19.4,0.0,0.0,0.0,лето,нет,да
2018-08-19,21,1821,27.9,61,0.7,20000,19.6,0.0,0.0,0.0,лето,нет,да
2018-08-19,22,1546,27.7,62,0.6,20000,19.7,0.0,0.0,0.0,лето,нет,да
2018-08-19,23,1016,27.5,60,0.3,20000,19.0,0.0,0.0,0.0,лето,нет,да
2018-08-20,0,818,27.0,62,0.6,20000,19.0,0.0,0.0,0.0,лето,нет,да
2018-08-20,1,527,26.6,64,0.2,20000,19.2,0.0,0.0,0.0,лето,нет,да
2018-08-20,2,352,26.3,65,0.3,20000,19.1,0.0,0.0,0.0,лето,нет,да
2018-08-20,3,255,26.1,65,0.6,20000,18.9,0.0,0.0,0.0,лето,нет,да
2018-08-20,4,193,26.2,65,1.1,15420,19.0,0.0,0.0,0.0,лето,нет,да
2018-08-20,5,281,25.7,68,0.8,13950,19.3,0.0,0.0,0.0,лето,нет,да
2018-08-20,6,675,25.3,67,1.5,14500,18.7,0.0,0.0,0.0,лето,нет,да
2018-08-20,7,1285,25.4,60,1.4,18790,17.0,0.16,0.0,0.0,лето,нет,да
2018-08-20,8,1912,26.6,54,1.1,17390,16.5,0.75,0.0,0.0,лето,нет,да
2018-08-20,9,993,27.5,54,1.0,19930,17.3,0.81,0.0,0.0,лето,нет,да
2018-08-20,10,719,29.3,49,2.0,18750,17.4,1.65,0.0,0.0,лето,нет,да
2018-08-20,11,766,31.2,45,1.9,18100,17.8,2.72,0.0,0.0,лето,нет,да
2018-08-20,12,808,31.7,45,2.5,18140,18.3,1.96,0.0,0.0,лето,нет,да
2018-08-20,13,847,31.6,46,2.7,18640,18.5,1.77,0.0,0.0,лето,нет,да
2018-08-20,14,816,32.1,45,2.8,19660,18.6,1.51,0.0,0.0,лето,нет,да
2018-08-20,15,992,32.9,45,1.9,18770,19.3,1.84,0.0,0.0,лето,нет,да
2018-08-20,16,1253,32.3,45,2.8,19280,18.8,0.98,0.0,0.0,лето,нет,да
2018-08-20,17,1704,32.1,44,2.6,17310,18.3,0.6,0.0,0.0,лето,нет,да
2018-08-20,18,2628,31.6,47,2.1,18670,18.9,0.26,0.0,0.0,лето,нет,да
2018-08-20,19,2162,30.8,55,1.9,11700,20.7,0.06,0.0,0.0,лето,нет,да
2018-08-20,20,1999,29.8,61,3.4,15250,21.4,0.0,0.0,0.0,лето,нет,да
2018-08-20,21,1971,29.3,63,3.1,16770,21.5,0.0,0.0,0.0,лето,нет,да
2018-08-20,22,1630,29.0,63,4.2,17760,21.2,0.0,0.0,0.0,лето,нет,да
2018-08-20,23,1241,28.5,62,4.9,18820,20.5,0.0,0.0,0.0,лето,нет,да
2018-08-21,0,898,28.3,59,3.7,19450,19.5,0.0,0.0,0.0,лето,нет,да
2018-08-21,1,690,28.0,61,3.9,18900,19.7,0.0,0.0,0.0,лето,нет,да
2018-08-21,2,376,27.6,60,4.3,18540,19.1,0.0,0.0,0.0,лето,нет,да
2018-08-21,3,173,26.8,62,4.5,17420,18.9,0.0,0.1,0.0,лето,нет,да
2018-08-21,4,49,25.3,70,6.9,9250,19.4,0.0,0.4,0.0,лето,нет,да
2018-08-21,5,57,23.8,86,3.6,4200,21.3,0.0,1.0,0.0,лето,нет,да
2018-08-21,6,73,23.8,89,3.3,8820,21.8,0.0,1.5,0.0,лето,нет,да
2018-08-21,7,608,23.4,94,2.4,17730,22.3,0.02,2.0,0.0,лето,нет,да
2018-08-21,8,1530,24.0,84,3.5,19750,21.1,0.47,0.0,0.0,лето,нет,да
2018-08-21,9,876,24.4,82,3.0,18470,21.1,0.6,0.0,0.0,лето,нет,да
2018-08-21,10,402,24.8,82,3.2,17320,21.5,0.34,0.0,0.0,лето,нет,да
2018-08-21,11,681,24.7,85,2.3,14380,22.0,0.27,0.0,0.0,лето,нет,да
2018-08-21,12,848,25.7,74,3.4,19510,20.7,1.16,0.0,0.0,лето,нет,да
2018-08-21,13,827,27.1,66,2.6,18950,20.1,1.54,0.0,0.0,лето,нет,да
2018-08-21,14,788,28.5,58,2.6,19650,19.4,1.93,0.0,0.0,лето,нет,да
2018-08-21,15,957,29.5,57,2.0,20000,20.0,2.1,0.0,0.0,лето,нет,да
2018-08-21,16,1112,30.4,53,2.0,19900,19.7,1.82,0.0,0.0,лето,нет,да
2018-08-21,17,1663,30.8,52,2.3,19530,19.8,1.49,0.0,0.0,лето,нет,да
2018-08-21,18,2830,30.3,56,1.7,20000,20.5,0.8,0.0,0.0,лето,нет,да
2018-08-21,19,2364,29.2,62,1.7,20000,21.1,0.31,0.0,0.0,лето,нет,да
2018-08-21,20,2169,27.7,69,1.6,19920,21.4,0.01,0.0,0.0,лето,нет,да
2018-08-21,21,2057,26.8,72,0.4,19850,21.3,0.0,0.0,0.0,лето,нет,да
2018-08-21,22,1828,26.1,76,1.2,18670,21.5,0.0,0.0,0.0,лето,нет,да
2018-08-21,23,1277,25.6,75,0.1,18920,20.8,0.0,0.0,0.0,лето,нет,да
2018-08-22,0,1025,25.1,79,0.5,18910,21.1,0.0,0.0,0.0,лето,нет,да
2018-08-22,1,782,24.6,79,0.6,18840,20.7,0.0,0.0,0.0,лето,нет,да
2018-08-22,2,512,24.2,79,0.6,18820,20.3,0.0,0.0,0.0,лето,нет,да
2018-08-22,3,346,24.1,80,0.8,19200,20.4,0.0,0.0,0.0,лето,нет,да
2018-08-22,4,214,23.6,81,0.8,19430,20.1,0.0,0.0,0.0,лето,нет,да
2018-08-22,5,289,23.4,82,0.4,20000,20.1,0.0,0.0,0.0,лето,нет,да
2018-08-22,6,655,23.7,78,0.3,20000,19.6,0.0,0.0,0.0,лето,нет,да
2018-08-22,7,1330,24.3,74,0.6,19990,19.3,0.1,0.0,0.0,лето,нет,да
2018-08-22,8,1990,25.7,66,0.9,19760,18.8,0.64,0.0,0.0,лето,нет,да
2018-08-22,9,1015,28.0,56,1.5,19820,18.3,1.57,0.0,0.0,лето,нет,да
2018-08-22,10,700,30.2,52,1.4,19230,19.2,2.13,0.0,0.0,лето,нет,да
2018-08-22,11,710,32.1,49,1.6,18740,20.0,2.63,0.0,0.0,лето,нет,да
2018-08-22,12,784,33.9,45,1.4,19230,20.2,2.95,0.0,0.0,лето,нет,да
2018-08-22,13,727,35.3,41,2.1,19250,20.0,3.1,0.0,0.0,лето,нет,да
2018-08-22,14,760,36.2,36,1.5,19850,18.7,2.87,0.0,0.0,лето,нет,да
2018-08-22,15,842,36.8,36,1.0,20000,19.2,2.46,0.0,0.0,лето,нет,да
2018-08-22,16,993,37.4,35,1.3,20000,19.3,2.0,0.0,0.0,лето,нет,да
2018-08-22,17,1495,36.4,39,1.2,20000,20.2,1.15,0.0,0.0,лето,нет,да
2018-08-22,18,2528,35.4,40,1.0,20000,19.7,0.34,0.0,0.0,лето,нет,да
2018-08-22,19,2087,35.2,41,0.5,20000,19.9,0.31,0.0,0.0,лето,нет,да
2018-08-22,20,1808,33.2,51,1.0,20000,21.6,0.02,0.0,0.0,лето,нет,да
2018-08-22,21,1807,33.1,46,2.7,20000,19.9,0.0,0.0,0.0,лето,нет,да
2018-08-22,22,1556,32.1,47,2.0,20000,19.3,0.0,0.0,0.0,лето,нет,да
2018-08-22,23,1117,31.2,50,1.8,20000,19.5,0.0,0.0,0.0,лето,нет,да
2018-08-23,0,908,30.7,52,1.3,20000,19.7,0.0,0.0,0.0,лето,нет,да
2018-08-23,1,745,30.1,54,0.8,20000,19.7,0.0,0.0,0.0,лето,нет,да
2018-08-23,2,492,29.8,53,1.4,20000,19.1,0.0,0.0,0.0,лето,нет,да
2018-08-23,3,304,29.7,52,1.4,20000,18.7,0.0,0.0,0.0,лето,нет,да
2018-08-23,4,168,29.3,54,1.0,20000,19.0,0.0,0.0,0.0,лето,нет,да
2018-08-23,5,185,28.5,57,0.9,20000,19.1,0.0,0.1,0.0,лето,нет,да
2018-08-23,6,492,28.3,55,1.5,20000,18.3,0.0,0.0,0.0,лето,нет,да
2018-08-23,7,720,28.3,55,1.1,20000,18.3,0.03,0.0,0.0,лето,нет,да
2018-08-23,8,1678,28.1,58,1.3,20000,19.0,0.14,0.0,0.0,лето,нет,да
2018-08-23,9,924,29.3,54,1.5,20000,19.0,0.82,0.0,0.0,лето,нет,да
2018-08-23,10,551,30.2,52,1.8,20000,19.2,0.93,0.0,0.0,лето,нет,да
2018-08-23,11,711,29.9,57,1.7,19920,20.4,0.88,0.1,0.0,лето,нет,да
2018-08-23,12,769,31.9,49,1.9,20000,19.8,1.85,0.0,0.0,лето,нет,да
2018-08-23,13,584,31.0,53,1.9,20000,20.2,0.79,0.0,0.0,лето,нет,да
2018-08-23,14,740,30.5,59,2.0,20000,21.5,0.84,0.1,0.0,лето,нет,да
2018-08-23,15,837,32.0,53,2.1,19920,21.2,1.57,0.0,0.0,лето,нет,да
2018-08-23,16,944,31.7,56,1.9,20000,21.8,0.92,0.0,0.0,лето,нет,да
2018-08-23,17,1249,30.8,59,2.2,20000,21.8,0.41,0.0,0.0,лето,нет,да
2018-08-23,18,1447,30.6,55,2.3,20000,20.5,0.11,0.0,0.0,лето,нет,да
2018-08-23,19,582,30.0,59,2.2,19700,21.1,0.01,0.0,0.0,лето,нет,да
2018-08-23,20,257,29.2,62,2.1,19520,21.1,0.0,0.1,0.0,лето,нет,да
2018-08-23,21,189,27.8,72,2.0,20000,22.2,0.0,0.1,0.0,лето,нет,да
2018-08-23,22,215,26.6,84,1.7,18150,23.6,0.0,1.5,0.0,лето,нет,да
2018-08-23,23,267,26.1,84,1.9,18010,23.1,0.0,0.5,0.0,лето,нет,да
2018-08-24,0,238,25.7,83,2.0,20000,22.5,0.0,0.5,0.0,лето,нет,да
2018-08-24,1,208,25.7,80,2.0,20000,21.9,0.0,0.2,0.0,лето,нет,да
2018-08-24,2,83,25.4,85,2.0,14530,22.6,0.0,0.8,0.0,лето,нет,да
2018-08-24,3,62,24.8,87,2.2,12860,22.4,0.0,1.0,0.0,лето,нет,да
2018-08-24,4,30,24.5,88,2.0,14330,22.3,0.0,1.0,0.0,лето,нет,да
2018-08-24,5,45,24.6,88,1.5,19670,22.4,0.0,0.5,0.0,лето,нет,да
2018-08-24,6,173,24.9,88,1.1,20000,22.7,0.0,0.5,0.0,лето,нет,да
2018-08-24,7,400,24.2,88,2.3,20000,22.0,0.05,0.0,0.0,лето,нет,да
2018-08-24,8,578,24.4,86,1.7,20000,21.8,0.13,0.0,0.0,лето,нет,да
2018-08-24,9,484,24.8,85,1.7,20000,22.0,0.32,0.0,0.0,лето,нет,да
2018-08-24,10,286,26.0,77,2.2,20000,21.6,0.61,0.0,0.0,лето,нет,да
2018-08-24,11,415,26.2,76,2.6,19950,21.6,0.88,0.0,0.0,лето,нет,да
2018-08-24,12,355,25.8,81,3.2,18280,22.2,0.8,0.0,0.0,лето,нет,да
2018-08-24,13,274,25.8,78,2.8,20000,21.6,0.95,0.0,0.0,лето,нет,да
2018-08-24,14,152,24.4,93,2.9,2500,23.1,0.26,1.5,0.0,лето,нет,да
2018-08-24,15,405,24.0,94,3.1,11880,22.9,0.41,0.5,0.0,лето,нет,да
2018-08-24,16,455,24.6,85,2.7,19730,21.9,0.55,0.0,0.0,лето,нет,да
2018-08-24,17,403,24.1,89,1.9,20000,22.1,0.58,0.0,0.0,лето,нет,да
2018-08-24,18,916,23.8,95,2.7,19380,22.9,0.11,1.5,0.0,лето,нет,да
2018-08-24,19,948,23.6,86,3.0,12750,21.1,0.04,0.0,0.0,лето,нет,да
2018-08-24,20,1162,23.5,81,3.5,20000,20.0,0.0,0.0,0.0,лето,нет,да
2018-08-24,21,1300,23.5,79,3.6,20000,19.6,0.0,0.0,0.0,лето,нет,да
2018-08-24,22,1202,23.5,79,2.9,18600,19.6,0.0,0.0,0.0,лето,нет,да
2018-08-24,23,1084,23.4,79,2.7,19900,19.5,0.0,0.0,0.0,лето,нет,да
2018-08-25,0,980,23.2,81,2.4,19760,19.7,0.0,0.0,0.0,лето,нет,да
2018-08-25,1,886,23.0,82,2.1,19220,19.7,0.0,0.0,0.0,лето,нет,да
2018-08-25,2,708,22.9,82,2.1,18290,19.6,0.0,0.0,0.0,лето,нет,да
2018-08-25,3,456,23.1,80,2.0,18490,19.4,0.0,0.0,0.0,лето,нет,да
2018-08-25,4,306,23.2,79,1.8,19410,19.3,0.0,0.0,0.0,лето,нет,да
2018-08-25,5,232,23.3,79,1.7,15920,19.4,0.0,0.0,0.0,лето,нет,да
2018-08-25,6,318,23.5,79,2.0,14390,19.6,0.0,0.0,0.0,лето,нет,да
2018-08-25,7,490,23.7,76,1.9,12810,19.2,0.08,0.0,0.0,лето,нет,да
2018-08-25,8,721,24.1,78,2.0,11330,20.0,0.34,0.0,0.0,лето,нет,да
2018-08-25,9,808,25.3,72,2.4,12200,19.8,1.08,0.0,0.0,лето,нет,да
2018-08-25,10,858,26.3,67,3.2,16730,19.6,1.48,0.0,0.0,лето,нет,да
2018-08-25,11,916,28.0,57,3.3,18270,18.6,2.71,0.0,0.0,лето,нет,да
2018-08-25,12,1070,27.9,55,2.9,19220,18.0,1.49,0.0,0.0,лето,нет,да
2018-08-25,13,1231,28.6,54,2.9,19250,18.3,1.85,0.0,0.0,лето,нет,да
2018-08-25,14,1261,29.2,52,3.1,17350,18.3,2.68,0.0,0.0,лето,нет,да
2018-08-25,15,1516,28.1,53,4.5,19530,17.6,1.6,0.0,0.0,лето,нет,да
2018-08-25,16,1592,27.2,58,3.7,19870,18.2,0.99,0.0,0.0,лето,нет,да
2018-08-25,17,1797,26.9,60,2.8,20000,18.4,0.77,0.0,0.0,лето,нет,да
2018-08-25,18,2080,27.1,56,3.0,19870,17.5,0.87,0.0,0.0,лето,нет,да
2018-08-25,19,2043,25.8,62,3.3,20000,17.9,0.27,0.0,0.0,лето,нет,да
2018-08-25,20,2022,24.6,65,2.9,20000,17.5,0.0,0.0,0.0,лето,нет,да
2018-08-25,21,1937,23.9,71,2.3,20000,18.3,0.0,0.0,0.0,лето,нет,да
2018-08-25,22,1717,23.4,75,1.6,20000,18.7,0.0,0.0,0.0,лето,нет,да
2018-08-25,23,1357,22.9,78,1.4,20000,18.8,0.0,0.0,0.0,лето,нет,да
2018-08-26,0,1163,22.8,78,1.5,20000,18.7,0.0,0.0,0.0,лето,нет,да
2018-08-26,1,769,22.5,80,0.6,20000,18.8,0.0,0.0,0.0,лето,нет,да
2018-08-26,2,600,22.1,84,0.6,20000,19.2,0.0,0.0,0.0,лето,нет,да
2018-08-26,3,426,21.6,85,0.1,19820,18.9,0.0,0.0,0.0,лето,нет,да
2018-08-26,4,290,21.2,86,0.5,17240,18.7,0.0,0.0,0.0,лето,нет,да
2018-08-26,5,188,20.7,88,0.6,11000,18.6,0.0,0.0,0.0,лето,нет,да
2018-08-26,6,243,20.4,88,0.6,10640,18.3,0.0,0.0,0.0,лето,нет,да
2018-08-26,7,381,20.7,85,0.5,10520,18.0,0.11,0.0,0.0,лето,нет,да
2018-08-26,8,566,22.1,74,1.0,14790,17.2,0.77,0.0,0.0,лето,нет,да
2018-08-26,9,725,24.2,64,1.2,19850,16.9,1.48,0.0,0.0,лето,нет,да
2018-08-26,10,681,26.3,53,1.6,20000,15.9,2.19,0.0,0.0,лето,нет,да
2018-08-26,11,791,28.0,46,1.7,19900,15.2,2.73,0.0,0.0,лето,нет,да
2018-08-26,12,1070,28.9,42,2.0,19750,14.6,2.5,0.0,0.0,лето,нет,да
2018-08-26,13,657,27.8,54,3.5,20000,17.6,1.15,0.0,0.0,лето,нет,да
2018-08-26,14,417,25.8,69,3.6,13090,19.6,0.56,0.1,0.0,лето,нет,да
2018-08-26,15,782,24.3,64,1.8,19310,17.0,0.59,0.0,0.0,лето,нет,да
2018-08-26,16,1025,23.5,56,2.3,20000,14.2,0.5,0.1,0.0,лето,нет,да
2018-08-26,17,1399,23.5,58,1.2,20000,14.7,0.52,0.0,0.0,лето,нет,да
2018-08-26,18,1479,23.4,67,0.6,20000,16.9,0.36,0.0,0.0,лето,нет,да
2018-08-26,19,1596,22.7,69,1.9,20000,16.7,0.08,0.0,0.0,лето,нет,да
2018-08-26,20,1674,22.4,64,0.8,20000,15.2,0.0,0.0,0.0,лето,нет,да
2018-08-26,21,1276,22.5,65,1.1,20000,15.5,0.0,0.0,0.0,лето,нет,да
2018-08-26,22,764,21.2,81,1.0,18080,17.8,0.0,1.3,0.0,лето,нет,да
2018-08-26,23,348,20.8,84,0.9,10780,17.9,0.0,0.5,0.0,лето,нет,да
2018-08-27,0,325,20.5,85,1.0,20000,17.8,0.0,0.0,0.0,лето,нет,да
2018-08-27,1,61,20.5,89,0.5,2350,18.6,0.0,1.5,0.0,лето,нет,да
2018-08-27,2,44,20.3,97,0.7,3150,19.8,0.0,1.0,0.0,лето,нет,да
2018-08-27,3,22,20.3,97,0.4,2000,19.8,0.0,1.5,0.0,лето,нет,да
2018-08-27,4,27,20.5,97,0.1,2570,20.0,0.0,3.5,0.0,лето,нет,да
2018-08-27,5,38,20.5,97,0.4,3840,20.0,0.0,3.0,0.0,лето,нет,да
2018-08-27,6,47,20.6,98,0.7,6260,20.2,0.0,1.0,0.0,лето,нет,да
2018-08-27,7,103,20.8,98,0.5,2990,20.4,0.02,2.0,0.0,лето,нет,да
2018-08-27,8,328,21.3,97,1.3,10290,20.7,0.17,0.5,0.0,лето,нет,да
2018-08-27,9,75,21.5,97,0.9,15430,20.9,0.19,0.5,0.0,лето,нет,да
2018-08-27,10,104,21.7,97,1.0,12490,21.1,0.29,2.5,0.0,лето,нет,да
2018-08-27,11,148,22.0,96,1.6,6020,21.3,0.36,0.5,0.0,лето,нет,да
2018-08-27,12,137,22.6,90,1.4,19630,20.8,1.02,1.0,0.0,лето,нет,да
2018-08-27,13,149,22.9,92,1.2,4590,21.5,1.09,0.5,0.0,лето,нет,да
2018-08-27,14,231,23.3,89,1.5,14350,21.3,1.23,0.5,0.0,лето,нет,да
2018-08-27,15,580,24.4,87,1.5,11530,22.0,1.44,0.0,0.0,лето,нет,да
2018-08-27,16,886,24.7,85,1.2,11430,22.0,0.99,0.0,0.0,лето,нет,да
2018-08-27,17,1356,24.9,82,0.9,20000,21.6,0.67,0.0,0.0,лето,нет,да
2018-08-27,18,2153,24.8,83,0.8,19470,21.7,0.26,0.0,0.0,лето,нет,да
2018-08-27,19,1615,24.7,83,0.4,20000,21.6,0.1,0.0,0.0,лето,нет,да
2018-08-27,20,1560,24.4,85,0.7,20000,21.7,0.01,0.0,0.0,лето,нет,да
2018-08-27,21,1762,23.9,88,0.8,20000,21.7,0.0,0.0,0.0,лето,нет,да
2018-08-27,22,1571,23.5,88,0.6,20000,21.3,0.0,0.0,0.0,лето,нет,да
2018-08-27,23,1113,23.6,87,0.6,20000,21.3,0.0,0.0,0.0,лето,нет,да
2018-08-28,0,870,23.5,88,0.6,20000,21.3,0.0,0.0,0.0,лето,нет,да
2018-08-28,1,653,23.1,94,0.6,20000,22.0,0.0,0.0,0.0,лето,нет,да
2018-08-28,2,482,23.2,88,0.6,20000,21.0,0.0,0.0,0.0,лето,нет,да
2018-08-28,3,281,22.9,93,0.6,20000,21.7,0.0,0.0,0.0,лето,нет,да
2018-08-28,4,200,22.6,95,0.4,19190,21.7,0.0,0.0,0.0,лето,нет,да
2018-08-28,5,218,22.5,96,0.3,16050,21.8,0.0,0.0,0.0,лето,нет,да
2018-08-28,6,581,22.5,90,0.6,11490,20.7,0.0,0.0,0.0,лето,нет,да
2018-08-28,7,1182,22.6,88,0.8,20000,20.5,0.06,0.0,0.0,лето,нет,да
2018-08-28,8,1841,23.4,83,0.8,19980,20.3,0.32,0.0,0.0,лето,нет,да
2018-08-28,9,865,24.2,80,1.2,17080,20.5,0.57,0.0,0.0,лето,нет,да
2018-08-28,10,670,25.4,75,0.7,19950,20.6,0.96,0.0,0.0,лето,нет,да
2018-08-28,11,411,25.9,79,1.7,19000,21.9,0.9,0.0,0.0,лето,нет,да
2018-08-28,12,25,25.2,89,1.4,3400,23.2,0.32,2.0,0.0,лето,нет,да
2018-08-28,13,31,24.6,97,0.5,7650,24.0,0.1,9.5,0.0,лето,нет,да
2018-08-28,14,126,24.9,97,0.5,7660,24.3,0.36,4.0,0.0,лето,нет,да
2018-08-28,15,122,25.2,96,0.6,17540,24.5,0.51,0.5,0.0,лето,нет,да
2018-08-28,16,60,25.0,97,0.7,11810,24.4,0.17,2.5,0.0,лето,нет,да
2018-08-28,17,39,24.8,96,1.8,5640,24.1,0.14,2.5,0.0,лето,нет,да
2018-08-28,18,96,24.3,97,0.8,1050,23.7,0.01,18.5,0.0,лето,нет,да
2018-08-28,19,84,23.9,98,0.8,17920,23.5,0.0,7.0,0.0,лето,нет,да
2018-08-28,20,10,23.3,97,3.3,1830,22.7,0.0,15.5,0.0,лето,нет,да
2018-08-28,21,122,22.9,98,2.1,11460,22.5,0.0,29.5,0.0,лето,нет,да
2018-08-28,22,64,22.9,97,1.3,20000,22.3,0.0,0.5,0.0,лето,нет,да
2018-08-28,23,59,22.8,97,1.0,6000,22.2,0.0,3.5,0.0,лето,нет,да
2018-08-29,0,208,22.7,96,0.3,20000,22.0,0.0,1.0,0.0,лето,нет,да
2018-08-29,1,334,22.8,97,0.5,20000,22.2,0.0,0.5,0.0,лето,нет,да
2018-08-29,2,243,24.2,91,3.6,17350,22.6,0.0,0.0,0.0,лето,нет,да
2018-08-29,3,171,24.5,87,4.3,19850,22.1,0.0,0.0,0.0,лето,нет,да
2018-08-29,4,128,24.6,86,4.0,19680,22.0,0.0,0.0,0.0,лето,нет,да
2018-08-29,5,109,24.6,87,3.6,19660,22.2,0.0,0.0,0.0,лето,нет,да
2018-08-29,6,346,24.7,85,3.8,20000,22.0,0.0,0.0,0.0,лето,нет,да
2018-08-29,7,862,25.0,85,3.0,20000,22.2,0.02,0.0,0.0,лето,нет,да
2018-08-29,8,1595,25.3,83,3.4,19820,22.1,0.14,0.0,0.0,лето,нет,да
2018-08-29,9,867,25.8,79,2.7,19630,21.8,0.3,0.0,0.0,лето,нет,да
2018-08-29,10,642,26.4,78,2.7,20000,22.2,0.44,0.0,0.0,лето,нет,да
2018-08-29,11,671,26.9,74,3.2,20000,21.8,0.45,0.0,0.0,лето,нет,да
2018-08-29,12,648,27.4,72,4.2,19890,21.8,0.54,0.0,0.0,лето,нет,да
2018-08-29,13,540,27.1,75,3.7,19720,22.2,0.28,0.0,0.0,лето,нет,да
2018-08-29,14,490,26.8,77,3.5,19650,22.4,0.11,0.0,0.0,лето,нет,да
2018-08-29,15,583,26.9,77,2.5,19370,22.5,0.26,0.0,0.0,лето,нет,да
2018-08-29,16,193,27.0,76,3.8,18750,22.3,0.21,0.0,0.0,лето,нет,да
2018-08-29,17,160,24.6,93,0.9,14510,23.3,0.0,1.5,0.0,лето,нет,да
2018-08-29,18,57,23.9,96,0.2,9910,23.2,0.0,1.5,0.0,лето,нет,да
2018-08-29,19,24,23.5,97,0.3,3230,22.9,0.0,6.5,0.0,лето,нет,да
2018-08-29,20,19,23.4,98,0.6,700,23.0,0.0,21.0,0.0,лето,нет,да
2018-08-29,21,22,23.7,98,0.6,4100,23.3,0.0,5.5,0.0,лето,нет,да
2018-08-29,22,74,24.3,97,2.1,10280,23.7,0.0,4.5,0.0,лето,нет,да
2018-08-29,23,198,24.2,94,0.9,18080,23.1,0.0,1.0,0.0,лето,нет,да
2018-08-30,0,214,24.7,94,2.8,12700,23.6,0.0,0.0,0.0,лето,нет,да
2018-08-30,1,99,24.9,92,2.2,11250,23.5,0.0,0.5,0.0,лето,нет,да
2018-08-30,2,80,24.7,96,1.0,3370,24.0,0.0,6.5,0.0,лето,нет,да
2018-08-30,3,81,24.1,97,2.5,19890,23.5,0.0,1.5,0.0,лето,нет,да
2018-08-30,4,42,23.9,96,0.4,17970,23.2,0.0,0.0,0.0,лето,нет,да
2018-08-30,5,73,24.0,97,0.9,13470,23.4,0.0,0.5,0.0,лето,нет,да
2018-08-30,6,285,24.2,96,1.6,12060,23.5,0.0,0.0,0.0,лето,нет,да
2018-08-30,7,771,24.3,96,1.4,10250,23.6,0.04,0.0,0.0,лето,нет,да
2018-08-30,8,1330,24.6,96,1.0,8830,23.9,0.19,0.0,0.0,лето,нет,да
2018-08-30,9,846,25.0,92,1.1,7820,23.6,0.39,0.0,0.0,лето,нет,да
2018-08-30,10,589,26.1,81,1.5,8600,22.5,1.05,0.0,0.0,лето,нет,да
2018-08-30,11,716,26.2,82,2.6,8340,22.8,0.59,0.0,0.0,лето,нет,да
2018-08-30,12,768,27.0,74,2.5,9150,21.9,0.94,0.0,0.0,лето,нет,да
2018-08-30,13,865,28.2,66,2.2,10060,21.2,1.81,0.0,0.0,лето,нет,да
2018-08-30,14,837,27.5,66,2.8,9890,20.5,0.76,0.0,0.0,лето,нет,да
2018-08-30,15,982,27.2,69,3.5,9630,21.0,0.95,0.0,0.0,лето,нет,да
2018-08-30,16,1142,27.6,68,2.1,10380,21.1,1.46,0.0,0.0,лето,нет,да
2018-08-30,17,1473,26.8,73,2.6,9160,21.5,0.37,0.0,0.0,лето,нет,да
2018-08-30,18,1887,26.1,72,2.4,10660,20.6,0.19,0.0,0.0,лето,нет,да
2018-08-30,19,1707,25.1,74,2.1,11050,20.1,0.0,0.5,0.0,лето,нет,да
2018-08-30,20,1685,24.9,70,1.2,13770,19.0,0.0,0.0,0.0,лето,нет,да
2018-08-30,21,1732,24.8,72,1.4,12980,19.4,0.0,0.0,0.0,лето,нет,да
2018-08-30,22,1582,24.6,71,1.5,13190,18.9,0.0,0.0,0.0,лето,нет,да
2018-08-30,23,1173,24.3,71,0.8,15490,18.6,0.0,0.0,0.0,лето,нет,да
2018-08-31,0,861,23.9,75,1.7,11920,19.1,0.0,0.0,0.0,лето,нет,да
2018-08-31,1,652,23.7,77,1.1,10990,19.4,0.0,0.0,0.0,лето,нет,да
2018-08-31,2,381,23.4,79,0.4,10450,19.5,0.0,0.0,0.0,лето,нет,да
2018-08-31,3,297,23.3,81,1.7,10680,19.8,0.0,0.0,0.0,лето,нет,да
2018-08-31,4,170,23.2,83,1.6,11020,20.1,0.0,0.0,0.0,лето,нет,да
2018-08-31,5,217,23.1,84,0.5,10220,20.2,0.0,0.0,0.0,лето,нет,да
2018-08-31,6,436,22.9,83,0.0,12390,19.8,0.0,0.0,0.0,лето,нет,да
2018-08-31,7,828,22.9,83,0.6,11270,19.8,0.01,0.0,0.0,лето,нет,да
2018-08-31,8,1686,23.1,80,0.2,10660,19.4,0.27,0.1,0.0,лето,нет,да
2018-08-31,9,1049,24.1,69,0.9,16620,18.0,0.76,0.0,0.0,лето,нет,да
2018-08-31,10,794,25.5,53,2.3,18430,15.2,1.81,0.0,0.0,лето,нет,да
2018-08-31,11,868,26.7,51,2.7,19250,15.7,2.65,0.0,0.0,лето,нет,да
2018-08-31,12,982,27.8,47,2.9,19050,15.4,2.99,0.0,0.0,лето,нет,да
2018-08-31,13,965,28.7,46,2.6,18150,15.9,3.1,0.0,0.0,лето,нет,да
2018-08-31,14,987,29.3,41,1.9,19280,14.6,3.0,0.0,0.0,лето,нет,да
2018-08-31,15,1119,30.3,41,2.5,18640,15.5,2.72,0.0,0.0,лето,нет,да
2018-08-31,16,1404,29.7,51,3.0,20000,18.4,2.27,0.0,0.0,лето,нет,да
2018-08-31,17,1869,29.1,49,2.8,19690,17.2,1.57,0.0,0.0,лето,нет,да
2018-08-31,18,2836,28.4,57,2.4,20000,19.0,0.84,0.0,0.0,лето,нет,да
2018-08-31,19,2372,26.5,69,2.3,20000,20.3,0.18,0.0,0.0,лето,нет,да
2018-08-31,20,1995,25.4,74,1.6,20000,20.4,0.0,0.0,0.0,лето,нет,да
2018-08-31,21,1931,24.5,78,1.2,20000,20.4,0.0,0.0,0.0,лето,нет,да
2018-08-31,22,1789,24.1,80,0.9,18520,20.4,0.0,0.0,0.0,лето,нет,да
2018-08-31,23,1329,23.8,81,0.6,18930,20.3,0.0,0.0,0.0,лето,нет,да
2018-09-01,0,1075,23.2,83,0.5,18870,20.1,0.0,0.0,0.0,осень,нет,да
2018-09-01,1,975,22.7,83,0.1,19400,19.6,0.0,0.0,0.0,осень,нет,да
2018-09-01,2,785,22.0,86,0.4,17030,19.5,0.0,0.0,0.0,осень,нет,да
2018-09-01,3,514,21.6,87,0.3,15790,19.3,0.0,0.0,0.0,осень,нет,да
2018-09-01,4,338,21.2,88,0.9,11830,19.1,0.0,0.0,0.0,осень,нет,да
2018-09-01,5,260,21.1,87,0.6,11160,18.8,0.0,0.0,0.0,осень,нет,да
2018-09-01,6,362,20.9,87,0.7,11980,18.6,0.0,0.0,0.0,осень,нет,да
2018-09-01,7,511,21.1,81,1.0,17380,17.7,0.14,0.0,0.0,осень,нет,да
2018-09-01,8,812,22.3,64,1.7,20000,15.1,0.75,0.0,0.0,осень,нет,да
2018-09-01,9,925,24.1,56,2.1,19560,14.7,1.46,0.0,0.0,осень,нет,да
2018-09-01,10,861,26.0,54,1.5,20000,15.9,2.13,0.0,0.0,осень,нет,да
2018-09-01,11,981,27.6,47,1.2,20000,15.2,2.63,0.0,0.0,осень,нет,да
2018-09-01,12,1086,28.9,46,1.6,19660,16.1,2.96,0.0,0.0,осень,нет,да
2018-09-01,13,1303,29.4,48,1.9,19420,17.2,2.88,0.0,0.0,осень,нет,да
2018-09-01,14,1371,29.7,42,1.4,20000,15.4,2.37,0.0,0.0,осень,нет,да
2018-09-01,15,1480,30.0,45,0.9,20000,16.7,2.1,0.0,0.0,осень,нет,да
2018-09-01,16,1678,30.5,41,1.4,19300,15.7,1.95,0.0,0.0,осень,нет,да
2018-09-01,17,1845,29.6,42,1.3,20000,15.3,0.98,0.0,0.0,осень,нет,да
2018-09-01,18,1892,28.8,46,1.3,20000,16.0,0.58,0.0,0.0,осень,нет,да
2018-09-01,19,1891,27.8,48,1.1,20000,15.7,0.08,0.0,0.0,осень,нет,да
2018-09-01,20,1440,26.9,49,2.1,20000,15.2,0.0,0.0,0.0,осень,нет,да
2018-09-01,21,1110,26.0,52,1.4,20000,15.3,0.0,0.0,0.0,осень,нет,да
2018-09-01,22,992,25.1,53,2.0,20000,14.8,0.0,0.0,0.0,осень,нет,да
2018-09-01,23,1523,24.4,54,1.6,20000,14.4,0.0,0.0,0.0,осень,нет,да
2018-09-02,0,1336,23.5,56,1.5,20000,14.2,0.0,0.0,0.0,осень,нет,да
2018-09-02,1,930,22.8,59,1.5,20000,14.3,0.0,0.0,0.0,осень,нет,да
2018-09-02,2,610,22.0,60,1.2,20000,13.8,0.0,0.0,0.0,осень,нет,да
2018-09-02,3,440,21.5,61,1.3,20000,13.6,0.0,0.0,0.0,осень,нет,да
2018-09-02,4,255,21.1,62,1.8,20000,13.5,0.0,0.0,0.0,осень,нет,да
2018-09-02,5,179,20.6,65,1.1,20000,13.7,0.0,0.0,0.0,осень,нет,да
2018-09-02,6,249,20.2,66,1.0,20000,13.6,0.0,0.0,0.0,осень,нет,да
2018-09-02,7,388,20.2,65,1.4,20000,13.4,0.16,0.0,0.0,осень,нет,да
2018-09-02,8,576,21.3,57,1.3,20000,12.4,0.81,0.0,0.0,осень,нет,да
2018-09-02,9,721,23.4,52,1.3,19970,12.9,1.53,0.0,0.0,осень,нет,да
2018-09-02,10,802,25.0,47,1.5,20000,12.8,2.17,0.0,0.0,осень,нет,да
2018-09-02,11,940,26.5,44,1.4,19580,13.2,2.62,0.0,0.0,осень,нет,да
2018-09-02,12,1075,27.5,43,1.4,19590,13.7,2.75,0.0,0.0,осень,нет,да
2018-09-02,13,1254,28.5,42,1.7,19900,14.3,2.94,0.0,0.0,осень,нет,да
2018-09-02,14,1395,29.1,43,1.4,20000,15.2,2.39,0.0,0.0,осень,нет,да
2018-09-02,15,1550,29.3,43,1.5,19580,15.4,2.4,0.0,0.0,осень,нет,да
2018-09-02,16,1853,29.3,44,1.4,19970,15.7,1.32,0.0,0.0,осень,нет,да
2018-09-02,17,2069,28.8,47,2.0,19980,16.3,1.0,0.0,0.0,осень,нет,да
2018-09-02,18,2118,27.9,52,1.7,20000,17.1,0.2,0.0,0.0,осень,нет,да
2018-09-02,19,1986,27.3,54,1.5,20000,17.1,0.05,0.0,0.0,осень,нет,да
2018-09-02,20,1838,26.9,56,1.6,20000,17.3,0.0,0.0,0.0,осень,нет,да
2018-09-02,21,1759,26.2,62,2.3,20000,18.3,0.0,0.0,0.0,осень,нет,да
2018-09-02,22,1511,25.7,64,1.1,20000,18.3,0.0,0.0,0.0,осень,нет,да
2018-09-02,23,1047,25.1,65,2.2,20000,18.0,0.0,0.0,0.0,осень,нет,да
2018-09-03,0,763,24.7,67,1.2,20000,18.1,0.0,0.0,0.0,осень,нет,да
2018-09-03,1,524,24.5,68,0.5,20000,18.1,0.0,0.0,0.0,осень,нет,да
2018-09-03,2,321,24.3,68,1.0,20000,18.0,0.0,0.0,0.0,осень,нет,да
2018-09-03,3,211,24.2,70,0.3,20000,18.3,0.0,0.0,0.0,осень,нет,да
2018-09-03,4,153,24.0,70,1.2,20000,18.1,0.0,0.0,0.0,осень,нет,да
2018-09-03,5,264,23.9,70,1.5,20000,18.0,0.0,0.0,0.0,осень,нет,да
2018-09-03,6,656,23.8,71,1.2,20000,18.2,0.0,0.0,0.0,осень,нет,да
2018-09-03,7,1287,23.9,71,0.4,20000,18.3,0.02,0.0,0.0,осень,нет,да
2018-09-03,8,1580,24.2,70,1.4,20000,18.3,0.16,0.0,0.0,осень,нет,да
2018-09-03,9,719,23.6,86,1.2,3360,21.1,0.14,2.0,0.0,осень,нет,да
2018-09-03,10,434,23.3,89,0.7,17160,21.3,0.2,0.5,0.0,осень,нет,да
2018-09-03,11,443,23.7,86,0.6,17980,21.2,0.31,0.0,0.0,осень,нет,да
2018-09-03,12,673,23.9,83,1.1,19010,20.8,0.27,0.0,0.0,осень,нет,да
2018-09-03,13,731,24.9,78,1.5,19100,20.7,0.72,0.0,0.0,осень,нет,да
2018-09-03,14,532,25.6,77,0.8,19300,21.2,0.78,0.0,0.0,осень,нет,да
2018-09-03,15,137,25.7,81,0.7,18250,22.1,0.43,0.0,0.0,осень,нет,да
2018-09-03,16,39,25.5,91,1.3,4030,23.9,0.23,3.5,0.0,осень,нет,да
2018-09-03,17,23,22.7,96,4.9,4520,22.0,0.07,13.0,0.0,осень,нет,да
2018-09-03,18,113,21.9,97,1.8,7570,21.3,0.02,13.0,0.0,осень,нет,да
2018-09-03,19,73,21.7,97,0.2,11540,21.1,0.01,1.0,0.0,осень,нет,да
2018-09-03,20,151,21.5,97,0.3,20000,20.9,0.0,0.5,0.0,осень,нет,да
2018-09-03,21,110,21.6,97,0.5,6460,21.0,0.0,0.5,0.0,осень,нет,да
2018-09-03,22,379,21.7,97,0.4,4400,21.1,0.0,0.5,0.0,осень,нет,да
2018-09-03,23,486,21.7,97,0.8,8380,21.1,0.0,0.0,0.0,осень,нет,да
2018-09-04,0,500,21.4,97,0.1,4040,20.8,0.0,0.0,0.0,осень,нет,да
2018-09-04,1,486,21.3,97,1.1,5700,20.7,0.0,0.0,0.0,осень,нет,да
2018-09-04,2,324,20.9,96,0.4,9700,20.2,0.0,0.0,0.0,осень,нет,да
2018-09-04,3,223,20.6,97,0.2,5000,20.1,0.0,0.0,0.0,осень,нет,да
2018-09-04,4,186,20.4,97,2.7,7040,19.9,0.0,0.0,0.0,осень,нет,да
2018-09-04,5,219,20.2,97,1.2,5280,19.7,0.0,0.0,0.0,осень,нет,да
2018-09-04,6,602,20.0,97,0.0,6470,19.5,0.0,0.0,0.0,осень,нет,да
2018-09-04,7,1289,20.1,97,1.9,4430,19.6,0.03,0.0,0.0,осень,нет,да
2018-09-04,8,2059,20.5,90,1.9,4900,18.7,0.53,0.0,0.0,осень,нет,да
2018-09-04,9,1083,21.6,81,2.3,16690,18.1,1.2,0.0,0.0,осень,нет,да
2018-09-04,10,822,23.1,73,3.1,20000,17.9,2.24,0.0,0.0,осень,нет,да
2018-09-04,11,940,24.5,64,2.7,20000,17.2,2.7,0.0,0.0,осень,нет,да
2018-09-04,12,995,25.8,57,2.8,20000,16.6,3.02,0.0,0.0,осень,нет,да
2018-09-04,13,997,26.5,58,2.8,20000,17.5,2.87,0.0,0.0,осень,нет,да
2018-09-04,14,987,27.4,52,3.8,19980,16.6,2.67,0.0,0.0,осень,нет,да
2018-09-04,15,1178,26.7,51,3.4,20000,15.7,2.09,0.0,0.0,осень,нет,да
2018-09-04,16,1429,27.1,47,4.3,20000,14.8,1.82,0.0,0.0,осень,нет,да
2018-09-04,17,1993,27.6,47,3.3,20000,15.2,1.49,0.0,0.0,осень,нет,да
2018-09-04,18,3166,26.8,53,2.6,20000,16.4,0.8,0.0,0.0,осень,нет,да
2018-09-04,19,2491,25.1,49,3.1,20000,13.6,0.18,0.0,0.0,осень,нет,да
2018-09-04,20,2259,23.7,49,3.3,20000,12.3,0.0,0.0,0.0,осень,нет,да
2018-09-04,21,2212,22.9,55,3.0,20000,13.3,0.0,0.0,0.0,осень,нет,да
2018-09-04,22,1856,22.2,58,1.5,20000,13.5,0.0,0.0,0.0,осень,нет,да
2018-09-04,23,1233,21.7,60,0.5,20000,13.5,0.0,0.0,0.0,осень,нет,да
2018-09-05,0,983,21.1,64,1.5,20000,14.0,0.0,0.0,0.0,осень,нет,да
2018-09-05,1,748,20.9,66,1.1,20000,14.3,0.0,0.0,0.0,осень,нет,да
2018-09-05,2,493,20.6,72,0.9,20000,15.3,0.0,0.0,0.0,осень,нет,да
2018-09-05,3,376,20.2,77,0.4,20000,16.0,0.0,0.0,0.0,осень,нет,да
2018-09-05,4,220,19.9,81,0.2,20000,16.5,0.0,0.0,0.0,осень,нет,да
2018-09-05,5,249,19.7,82,0.5,20000,16.5,0.0,0.0,0.0,осень,нет,да
2018-09-05,6,676,19.8,82,0.5,20000,16.6,0.0,0.0,0.0,осень,нет,да
2018-09-05,7,1487,19.8,79,0.9,20000,16.0,0.13,0.0,0.0,осень,нет,да
2018-09-05,8,2312,21.2,69,1.9,20000,15.2,0.74,0.0,0.0,осень,нет,да
2018-09-05,9,1195,23.4,59,3.0,19740,14.9,1.46,0.0,0.0,осень,нет,да
2018-09-05,10,847,25.4,49,3.9,19960,13.9,2.13,0.0,0.0,осень,нет,да
2018-09-05,11,937,26.4,47,2.9,20000,14.1,2.38,0.0,0.0,осень,нет,да
2018-09-05,12,1072,27.1,44,5.0,20000,13.7,2.8,0.0,0.0,осень,нет,да
2018-09-05,13,1039,27.3,46,4.8,19830,14.6,2.92,0.0,0.0,осень,нет,да
2018-09-05,14,989,27.9,42,5.0,19140,13.7,2.79,0.0,0.0,осень,нет,да
2018-09-05,15,1131,28.1,43,5.1,19290,14.3,2.65,0.0,0.0,осень,нет,да
2018-09-05,16,1446,28.2,37,4.0,19870,12.1,2.03,0.0,0.0,осень,нет,да
2018-09-05,17,2068,27.7,40,5.0,20000,12.8,1.51,0.0,0.0,осень,нет,да
2018-09-05,18,3160,27.0,45,2.4,20000,14.0,0.77,0.0,0.0,осень,нет,да
2018-09-05,19,2468,25.4,55,3.2,20000,15.6,0.15,0.0,0.0,осень,нет,да
2018-09-05,20,2177,24.5,64,2.0,20000,17.2,0.0,0.0,0.0,осень,нет,да
2018-09-05,21,2024,23.9,75,2.3,19750,19.1,0.0,0.0,0.0,осень,нет,да
2018-09-05,22,1798,23.6,82,1.8,16730,20.3,0.0,0.0,0.0,осень,нет,да
2018-09-05,23,1219,23.0,83,1.8,14690,19.9,0.0,0.0,0.0,осень,нет,да
2018-09-06,0,963,22.5,83,0.5,15930,19.4,0.0,0.0,0.0,осень,нет,да
2018-09-06,1,743,21.9,85,0.2,14100,19.2,0.0,0.0,0.0,осень,нет,да
2018-09-06,2,531,21.6,86,0.2,13530,19.1,0.0,0.0,0.0,осень,нет,да
2018-09-06,3,320,21.5,85,0.1,12820,18.8,0.0,0.0,0.0,осень,нет,да
2018-09-06,4,215,21.6,87,0.4,9510,19.3,0.0,0.0,0.0,осень,нет,да
2018-09-06,5,247,21.7,87,0.6,8460,19.4,0.0,0.0,0.0,осень,нет,да
2018-09-06,6,680,21.4,84,0.8,15060,18.5,0.0,0.0,0.0,осень,нет,да
2018-09-06,7,1438,20.9,83,0.4,13880,17.8,0.09,0.0,0.0,осень,нет,да
2018-09-06,8,2270,21.8,77,0.9,14190,17.5,0.43,0.0,0.0,осень,нет,да
2018-09-06,9,1186,23.5,72,0.5,14850,18.1,0.95,0.0,0.0,осень,нет,да
2018-09-06,10,835,24.6,70,1.2,14540,18.7,0.96,0.0,0.0,осень,нет,да
2018-09-06,11,941,25.9,63,2.5,16930,18.3,1.32,0.0,0.0,осень,нет,да
2018-09-06,12,1041,26.9,60,2.3,15920,18.4,1.67,0.0,0.0,осень,нет,да
2018-09-06,13,1049,28.0,52,2.3,16420,17.2,1.85,0.0,0.0,осень,нет,да
2018-09-06,14,1032,27.9,47,3.2,18690,15.5,1.65,0.0,0.0,осень,нет,да
2018-09-06,15,1089,27.8,48,3.0,18800,15.7,0.93,0.0,0.0,осень,нет,да
2018-09-06,16,1292,26.9,55,3.9,19090,17.0,0.54,0.0,0.0,осень,нет,да
2018-09-06,17,1525,26.6,63,3.0,20000,18.9,0.43,0.0,0.0,осень,нет,да
2018-09-06,18,2497,25.8,58,2.9,20000,16.9,0.16,0.0,0.0,осень,нет,да
2018-09-06,19,1990,25.3,71,3.3,20000,19.6,0.05,0.0,0.0,осень,нет,да
2018-09-06,20,1900,25.1,71,3.6,20000,19.4,0.0,0.0,0.0,осень,нет,да
2018-09-06,21,1851,24.6,70,2.5,20000,18.7,0.0,0.0,0.0,осень,нет,да
2018-09-06,22,1641,24.3,71,2.5,19920,18.6,0.0,0.0,0.0,осень,нет,да
2018-09-06,23,562,23.9,71,4.7,19820,18.3,0.0,0.0,0.0,осень,нет,да
2018-09-07,0,556,21.3,82,3.5,19330,18.0,0.0,1.0,0.0,осень,нет,да
2018-09-07,1,345,21.6,77,2.6,17770,17.3,0.0,0.0,0.0,осень,нет,да
2018-09-07,2,259,21.3,76,2.2,15590,16.8,0.0,0.5,0.0,осень,нет,да
2018-09-07,3,259,21.1,75,1.8,15510,16.4,0.0,0.0,0.0,осень,нет,да
2018-09-07,4,185,20.8,66,1.5,17190,14.2,0.0,0.0,0.0,осень,нет,да
2018-09-07,5,247,20.5,67,1.2,16490,14.1,0.0,0.0,0.0,осень,нет,да
2018-09-07,6,624,20.2,70,1.6,16900,14.5,0.0,0.0,0.0,осень,нет,да
2018-09-07,7,1346,20.3,74,1.8,13720,15.5,0.07,0.0,0.0,осень,нет,да
2018-09-07,8,2260,20.5,78,2.5,12500,16.5,0.32,0.0,0.0,осень,нет,да
2018-09-07,9,1194,21.3,63,2.7,19690,13.9,1.15,0.0,0.0,осень,нет,да
2018-09-07,10,896,22.6,58,1.8,19620,13.9,2.02,0.0,0.0,осень,нет,да
2018-09-07,11,988,23.8,51,3.5,19700,13.0,2.62,0.0,0.0,осень,нет,да
2018-09-07,12,1213,24.2,50,3.8,20000,13.1,2.85,0.0,0.0,осень,нет,да
2018-09-07,13,1119,24.3,50,2.9,20000,13.2,2.37,0.0,0.0,осень,нет,да
2018-09-07,14,1187,25.2,43,3.2,19810,11.7,2.59,0.0,0.0,осень,нет,да
2018-09-07,15,1391,24.7,44,4.2,20000,11.6,1.92,0.0,0.0,осень,нет,да
2018-09-07,16,1577,25.2,39,2.8,19870,10.2,1.65,0.0,0.0,осень,нет,да
2018-09-07,17,2183,24.5,37,3.2,20000,8.8,1.04,0.0,0.0,осень,нет,да
2018-09-07,18,3154,24.4,34,2.4,20000,7.5,0.84,0.0,0.0,осень,нет,да
2018-09-07,19,2365,22.6,39,2.8,20000,7.9,0.14,0.0,0.0,осень,нет,да
2018-09-07,20,1959,21.6,43,1.4,20000,8.4,0.0,0.0,0.0,осень,нет,да
2018-09-07,21,1915,20.6,48,2.1,20000,9.1,0.0,0.0,0.0,осень,нет,да
2018-09-07,22,1796,19.8,51,1.2,20000,9.3,0.0,0.0,0.0,осень,нет,да
2018-09-07,23,1363,19.4,50,2.8,20000,8.6,0.0,0.0,0.0,осень,нет,да
2018-09-08,0,1107,19.2,53,3.7,20000,9.3,0.0,0.0,0.0,осень,нет,да
2018-09-08,1,1001,18.9,55,2.3,20000,9.6,0.0,0.0,0.0,осень,нет,да
2018-09-08,2,692,18.5,57,2.3,20000,9.8,0.0,0.0,0.0,осень,нет,да
2018-09-08,3,504,17.8,60,0.2,20000,9.9,0.0,0.0,0.0,осень,нет,да
2018-09-08,4,285,17.2,66,0.6,20000,10.7,0.0,0.0,0.0,осень,нет,да
2018-09-08,5,227,16.7,70,0.8,20000,11.1,0.0,0.0,0.0,осень,нет,да
2018-09-08,6,322,16.2,70,0.3,20000,10.7,0.0,0.0,0.0,осень,нет,да
2018-09-08,7,511,16.0,70,1.1,20000,10.5,0.11,0.0,0.0,осень,нет,да
2018-09-08,8,827,17.1,57,1.0,19790,8.5,0.76,0.0,0.0,осень,нет,да
2018-09-08,9,956,19.9,51,0.6,19060,9.4,1.46,0.0,0.0,осень,нет,да
2018-09-08,10,1096,22.2,43,0.9,18910,9.0,2.09,0.0,0.0,осень,нет,да
2018-09-08,11,1179,24.2,41,1.5,18180,10.1,2.62,0.0,0.0,осень,нет,да
2018-09-08,12,1273,25.2,36,2.4,19950,9.0,2.93,0.0,0.0,осень,нет,да
2018-09-08,13,1505,26.1,32,3.0,19850,8.1,3.06,0.0,0.0,осень,нет,да
2018-09-08,14,1554,26.8,31,2.8,20000,8.2,2.96,0.0,0.0,осень,нет,да
2018-09-08,15,1792,26.9,33,2.9,19970,9.2,2.65,0.0,0.0,осень,нет,да
2018-09-08,16,1943,27.7,32,1.4,20000,9.4,2.05,0.0,0.0,осень,нет,да
2018-09-08,17,2167,27.2,35,1.7,20000,10.3,1.32,0.0,0.0,осень,нет,да
2018-09-08,18,2255,25.7,38,1.5,20000,10.3,0.64,0.0,0.0,осень,нет,да
2018-09-08,19,1978,24.0,41,1.9,20000,9.9,0.1,0.0,0.0,осень,нет,да
2018-09-08,20,1944,22.8,45,2.0,20000,10.2,0.0,0.0,0.0,осень,нет,да
2018-09-08,21,1878,22.1,49,1.7,20000,10.8,0.0,0.0,0.0,осень,нет,да
2018-09-08,22,1675,21.5,51,2.0,20000,10.9,0.0,0.0,0.0,осень,нет,да
2018-09-08,23,1142,20.7,52,1.4,20000,10.4,0.0,0.0,0.0,осень,нет,да
2018-09-09,0,1185,19.6,53,1.5,20000,9.7,0.0,0.0,0.0,осень,нет,да
2018-09-09,1,835,18.8,54,0.1,20000,9.2,0.0,0.0,0.0,осень,нет,да
2018-09-09,2,589,18.1,57,0.3,20000,9.4,0.0,0.0,0.0,осень,нет,да
2018-09-09,3,395,17.4,57,0.6,20000,8.7,0.0,0.0,0.0,осень,нет,да
2018-09-09,4,264,17.0,59,0.0,20000,8.9,0.0,0.0,0.0,осень,нет,да
2018-09-09,5,165,16.3,66,0.5,20000,9.9,0.0,0.0,0.0,осень,нет,да
2018-09-09,6,255,15.8,69,0.9,20000,10.1,0.0,0.0,0.0,осень,нет,да
2018-09-09,7,366,15.7,68,0.9,20000,9.8,0.05,0.0,0.0,осень,нет,да
2018-09-09,8,644,17.4,56,0.8,20000,8.5,0.49,0.0,0.0,осень,нет,да
2018-09-09,9,803,20.4,51,1.8,20000,9.9,1.43,0.0,0.0,осень,нет,да
2018-09-09,10,928,22.9,45,1.5,20000,10.3,2.1,0.0,0.0,осень,нет,да
2018-09-09,11,1051,24.4,41,1.3,19820,10.2,2.61,0.0,0.0,осень,нет,да
2018-09-09,12,1220,25.9,39,1.2,19500,10.8,2.89,0.0,0.0,осень,нет,да
2018-09-09,13,1432,27.2,32,1.7,20000,9.0,3.12,0.0,0.0,осень,нет,да
2018-09-09,14,1662,28.2,29,2.0,20000,8.4,3.09,0.0,0.0,осень,нет,да
2018-09-09,15,1877,28.9,27,1.8,20000,8.0,2.9,0.0,0.0,осень,нет,да
2018-09-09,16,2099,27.1,35,0.9,20000,10.3,1.27,0.0,0.0,осень,нет,да
2018-09-09,17,2201,27.7,33,1.1,20000,9.9,1.21,0.0,0.0,осень,нет,да
2018-09-09,18,2368,26.0,35,0.3,20000,9.3,0.2,0.0,0.0,осень,нет,да
2018-09-09,19,2033,24.1,56,2.5,20000,14.7,0.04,0.0,0.0,осень,нет,да
2018-09-09,20,1930,22.9,58,2.6,20000,14.1,0.0,0.0,0.0,осень,нет,да
2018-09-09,21,1820,22.2,57,1.2,20000,13.2,0.0,0.0,0.0,осень,нет,да
2018-09-09,22,1291,21.8,54,1.6,20000,12.0,0.0,0.0,0.0,осень,нет,да
2018-09-09,23,941,21.2,56,2.5,20000,12.0,0.0,0.0,0.0,осень,нет,да
2018-09-10,0,792,20.7,57,1.8,20000,11.8,0.0,0.0,0.0,осень,нет,да
2018-09-10,1,487,20.5,58,1.7,20000,11.9,0.0,0.0,0.0,осень,нет,да
2018-09-10,2,332,20.0,59,1.5,20000,11.7,0.0,0.0,0.0,осень,нет,да
2018-09-10,3,176,19.7,60,1.9,20000,11.7,0.0,0.0,0.0,осень,нет,да
2018-09-10,4,188,19.4,61,1.6,20000,11.6,0.0,0.0,0.0,осень,нет,да
2018-09-10,5,226,19.1,62,1.6,20000,11.6,0.0,0.0,0.0,осень,нет,да
2018-09-10,6,691,18.7,64,0.9,20000,11.7,0.0,0.0,0.0,осень,нет,да
2018-09-10,7,1463,18.9,63,1.8,20000,11.6,0.09,0.0,0.0,осень,нет,да
2018-09-10,8,2278,20.1,57,1.6,20000,11.3,0.73,0.0,0.0,осень,нет,да
2018-09-10,9,1125,22.3,52,1.9,20000,11.9,1.43,0.0,0.0,осень,нет,да
2018-09-10,10,862,24.0,47,1.6,19960,11.9,2.08,0.0,0.0,осень,нет,да
2018-09-10,11,934,25.3,44,1.2,19480,12.1,2.59,0.0,0.0,осень,нет,да
2018-09-10,12,1095,26.7,40,1.4,20000,11.9,2.92,0.0,0.0,осень,нет,да
2018-09-10,13,1057,27.1,38,1.7,20000,11.5,2.56,0.0,0.0,осень,нет,да
2018-09-10,14,1064,27.8,37,1.4,19830,11.7,2.67,0.0,0.0,осень,нет,да
2018-09-10,15,1249,27.6,38,1.4,20000,11.9,2.09,0.0,0.0,осень,нет,да
2018-09-10,16,1467,27.5,39,1.5,20000,12.3,1.46,0.0,0.0,осень,нет,да
2018-09-10,17,2147,26.6,40,1.4,20000,11.8,0.69,0.0,0.0,осень,нет,да
2018-09-10,18,3298,25.9,42,1.1,20000,11.9,0.48,0.0,0.0,осень,нет,да
2018-09-10,19,2518,24.4,47,2.0,20000,12.3,0.05,0.0,0.0,осень,нет,да
2018-09-10,20,2240,23.4,48,1.8,20000,11.7,0.0,0.0,0.0,осень,нет,да
2018-09-10,21,2090,22.5,48,1.4,20000,10.9,0.0,0.0,0.0,осень,нет,да
2018-09-10,22,1779,21.7,50,1.6,20000,10.8,0.0,0.0,0.0,осень,нет,да
2018-09-10,23,1223,20.8,51,1.7,20000,10.2,0.0,0.0,0.0,осень,нет,да
2018-09-11,0,910,20.1,52,1.5,20000,9.9,0.0,0.0,0.0,осень,нет,да
2018-09-11,1,662,19.5,52,1.3,20000,9.3,0.0,0.0,0.0,осень,нет,да
2018-09-11,2,435,18.9,52,1.1,20000,8.8,0.0,0.0,0.0,осень,нет,да
2018-09-11,3,261,18.2,52,1.5,20000,8.1,0.0,0.0,0.0,осень,нет,да
2018-09-11,4,193,17.7,52,1.5,20000,7.7,0.0,0.0,0.0,осень,нет,да
2018-09-11,5,258,17.2,54,1.3,20000,7.7,0.0,0.0,0.0,осень,нет,да
2018-09-11,6,678,17.0,55,1.2,20000,7.8,0.0,0.0,0.0,осень,нет,да
2018-09-11,7,1556,16.9,55,1.4,20000,7.7,0.07,0.0,0.0,осень,нет,да
2018-09-11,8,2369,17.8,53,1.4,20000,8.0,0.51,0.0,0.0,осень,нет,да
2018-09-11,9,1234,19.8,49,1.9,20000,8.7,1.24,0.0,0.0,осень,нет,да
2018-09-11,10,922,21.9,43,1.1,20000,8.7,1.89,0.0,0.0,осень,нет,да
2018-09-11,11,1012,23.7,40,2.0,20000,9.2,2.6,0.0,0.0,осень,нет,да
2018-09-11,12,1192,24.5,40,1.3,19730,10.0,2.64,0.0,0.0,осень,нет,да
2018-09-11,13,1102,25.7,40,2.2,19970,11.0,2.98,0.0,0.0,осень,нет,да
2018-09-11,14,1115,25.8,37,1.5,19950,9.9,2.22,0.0,0.0,осень,нет,да
2018-09-11,15,1222,26.0,40,1.9,20000,11.3,1.53,0.0,0.0,осень,нет,да
2018-09-11,16,1527,25.5,44,1.4,20000,12.3,1.0,0.0,0.0,осень,нет,да
2018-09-11,17,2171,25.4,44,1.2,20000,12.2,0.84,0.0,0.0,осень,нет,да
2018-09-11,18,3222,24.7,45,0.7,20000,11.9,0.3,0.0,0.0,осень,нет,да
2018-09-11,19,2455,23.7,49,1.8,20000,12.3,0.03,0.0,0.0,осень,нет,да
2018-09-11,20,2072,22.9,48,1.2,20000,11.2,0.0,0.0,0.0,осень,нет,да
2018-09-11,21,2018,22.2,50,1.3,20000,11.2,0.0,0.0,0.0,осень,нет,да
2018-09-11,22,1868,21.6,52,1.9,20000,11.3,0.0,0.0,0.0,осень,нет,да
2018-09-11,23,1240,20.9,53,1.8,20000,10.9,0.0,0.0,0.0,осень,нет,да
2018-09-12,0,949,20.2,54,1.2,20000,10.5,0.0,0.0,0.0,осень,нет,да
2018-09-12,1,691,19.6,56,1.2,20000,10.5,0.0,0.0,0.0,осень,нет,да
2018-09-12,2,462,19.0,56,0.9,20000,10.0,0.0,0.0,0.0,осень,нет,да
2018-09-12,3,297,18.4,57,1.3,20000,9.7,0.0,0.0,0.0,осень,нет,да
2018-09-12,4,215,18.0,59,1.5,20000,9.8,0.0,0.0,0.0,осень,нет,да
2018-09-12,5,241,17.5,60,1.6,20000,9.6,0.0,0.0,0.0,осень,нет,да
2018-09-12,6,656,17.0,63,1.3,20000,9.8,0.0,0.0,0.0,осень,нет,да
2018-09-12,7,1551,16.8,61,1.3,20000,9.2,0.06,0.0,0.0,осень,нет,да
2018-09-12,8,2391,18.2,56,1.5,19940,9.2,0.62,0.0,0.0,осень,нет,да
2018-09-12,9,1234,20.8,48,1.1,20000,9.3,1.38,0.0,0.0,осень,нет,да
2018-09-12,10,923,22.7,45,1.5,20000,10.1,2.08,0.0,0.0,осень,нет,да
2018-09-12,11,1017,24.8,44,2.1,19550,11.7,2.55,0.0,0.0,осень,нет,да
2018-09-12,12,1165,26.3,44,1.2,19660,13.0,2.91,0.0,0.0,осень,нет,да
2018-09-12,13,1066,26.8,45,1.8,19840,13.8,2.6,0.0,0.0,осень,нет,да
2018-09-12,14,1087,26.9,45,1.6,20000,13.9,2.27,0.0,0.0,осень,нет,да
2018-09-12,15,1251,27.7,41,1.6,19690,13.2,1.98,0.0,0.0,осень,нет,да
2018-09-12,16,1494,27.8,42,1.7,19740,13.7,1.98,0.0,0.0,осень,нет,да
2018-09-12,17,2129,27.8,41,1.9,19990,13.3,1.27,0.0,0.0,осень,нет,да
2018-09-12,18,3256,27.0,44,1.4,20000,13.6,0.62,0.0,0.0,осень,нет,да
2018-09-12,19,2443,25.4,50,0.6,20000,14.2,0.07,0.0,0.0,осень,нет,да
2018-09-12,20,2146,24.0,56,0.5,18900,14.6,0.0,0.0,0.0,осень,нет,да
2018-09-12,21,2012,23.2,57,1.1,20000,14.2,0.0,0.0,0.0,осень,нет,да
2018-09-12,22,1824,22.6,60,1.0,20000,14.4,0.0,0.0,0.0,осень,нет,да
2018-09-12,23,1309,22.2,62,0.8,20000,14.5,0.0,0.0,0.0,осень,нет,да
2018-09-13,0,968,21.9,62,1.0,18220,14.2,0.0,0.0,0.0,осень,нет,да
2018-09-13,1,736,21.5,65,1.0,20000,14.6,0.0,0.0,0.0,осень,нет,да
2018-09-13,2,437,21.2,66,0.8,20000,14.5,0.0,0.0,0.0,осень,нет,да
2018-09-13,3,304,20.9,68,1.7,20000,14.7,0.0,0.0,0.0,осень,нет,да
2018-09-13,4,240,20.7,69,1.3,20000,14.8,0.0,0.0,0.0,осень,нет,да
2018-09-13,5,248,20.5,70,1.2,20000,14.8,0.0,0.0,0.0,осень,нет,да
2018-09-13,6,655,20.3,71,1.6,20000,14.8,0.0,0.0,0.0,осень,нет,да
2018-09-13,7,1448,20.5,69,1.4,20000,14.6,0.03,0.0,0.0,осень,нет,да
2018-09-13,8,2329,20.9,68,1.3,20000,14.7,0.18,0.0,0.0,осень,нет,да
2018-09-13,9,1322,21.8,64,1.6,20000,14.6,0.52,0.0,0.0,осень,нет,да
2018-09-13,10,915,22.7,61,0.9,20000,14.7,0.82,0.0,0.0,осень,нет,да
2018-09-13,11,972,23.5,61,1.2,20000,15.5,0.95,0.0,0.0,осень,нет,да
2018-09-13,12,1119,24.3,59,1.5,20000,15.7,1.12,0.0,0.0,осень,нет,да
2018-09-13,13,1014,25.1,56,2.0,19640,15.6,1.41,0.0,0.0,осень,нет,да
2018-09-13,14,1097,27.2,49,1.5,19450,15.5,2.54,0.0,0.0,осень,нет,да
2018-09-13,15,1200,27.8,49,1.4,19630,16.1,1.97,0.0,0.0,осень,нет,да
2018-09-13,16,1436,28.2,48,1.4,19950,16.1,1.7,0.0,0.0,осень,нет,да
2018-09-13,17,2021,27.9,51,1.4,20000,16.8,1.19,0.0,0.0,осень,нет,да
2018-09-13,18,3146,26.7,56,1.8,20000,17.1,0.47,0.0,0.0,осень,нет,да
2018-09-13,19,2365,25.4,61,0.6,20000,17.3,0.03,0.0,0.0,осень,нет,да
2018-09-13,20,2003,24.6,62,0.9,20000,16.8,0.0,0.0,0.0,осень,нет,да
2018-09-13,21,2000,23.8,67,0.6,20000,17.2,0.0,0.0,0.0,осень,нет,да
2018-09-13,22,1713,22.8,70,1.0,20000,17.0,0.0,0.0,0.0,осень,нет,да
2018-09-13,23,1303,22.4,73,0.3,19800,17.3,0.0,0.0,0.0,осень,нет,да
2018-09-14,0,971,22.1,74,1.1,19620,17.2,0.0,0.0,0.0,осень,нет,да
2018-09-14,1,775,21.6,75,1.1,16710,16.9,0.0,0.0,0.0,осень,нет,да
2018-09-14,2,482,21.3,75,1.1,20000,16.6,0.0,0.0,0.0,осень,нет,да
2018-09-14,3,349,21.0,76,0.7,19950,16.6,0.0,0.0,0.0,осень,нет,да
2018-09-14,4,223,20.7,76,1.0,20000,16.3,0.0,0.0,0.0,осень,нет,да
2018-09-14,5,249,20.7,77,0.9,20000,16.5,0.0,0.0,0.0,осень,нет,да
2018-09-14,6,644,20.4,78,1.0,20000,16.4,0.0,0.0,0.0,осень,нет,да
2018-09-14,7,1456,20.5,76,1.3,20000,16.1,0.06,0.0,0.0,осень,нет,да
2018-09-14,8,2253,21.4,70,1.5,19860,15.6,0.38,0.0,0.0,осень,нет,да
2018-09-14,9,1201,22.3,69,1.3,20000,16.3,0.61,0.0,0.0,осень,нет,да
2018-09-14,10,936,23.3,65,1.4,19960,16.3,0.76,0.0,0.0,осень,нет,да
2018-09-14,11,982,24.0,64,1.3,20000,16.7,0.95,0.0,0.0,осень,нет,да
2018-09-14,12,1088,25.3,56,1.2,19600,15.8,1.35,0.0,0.0,осень,нет,да
2018-09-14,13,1155,26.4,57,1.2,20000,17.1,1.8,0.0,0.0,осень,нет,да
2018-09-14,14,1199,26.3,58,1.5,19860,17.3,1.37,0.0,0.0,осень,нет,да
2018-09-14,15,1347,26.6,55,1.8,20000,16.8,1.1,0.0,0.0,осень,нет,да
2018-09-14,16,1503,26.3,57,1.6,20000,17.0,0.72,0.0,0.0,осень,нет,да
2018-09-14,17,2059,25.9,56,1.7,20000,16.4,0.42,0.0,0.0,осень,нет,да
2018-09-14,18,2826,25.7,57,1.5,20000,16.5,0.24,0.0,0.0,осень,нет,да
2018-09-14,19,1996,25.3,60,1.2,20000,16.9,0.04,0.0,0.0,осень,нет,да
2018-09-14,20,1869,25.0,61,1.1,20000,16.9,0.0,0.0,0.0,осень,нет,да
2018-09-14,21,1259,24.7,61,1.6,20000,16.6,0.0,0.0,0.0,осень,нет,да
2018-09-14,22,567,24.0,73,2.1,15410,18.8,0.0,0.0,0.0,осень,нет,да
2018-09-14,23,810,22.3,87,1.1,18100,20.0,0.0,0.5,0.0,осень,нет,да
2018-09-15,0,906,21.8,83,1.5,20000,18.7,0.0,0.0,0.0,осень,нет,да
2018-09-15,1,881,21.8,79,1.4,20000,17.9,0.0,0.0,0.0,осень,нет,да
2018-09-15,2,580,21.7,78,1.0,20000,17.6,0.0,0.0,0.0,осень,нет,да
2018-09-15,3,302,21.6,80,1.2,20000,17.9,0.0,0.0,0.0,осень,нет,да
2018-09-15,4,234,21.2,83,0.6,20000,18.1,0.0,0.1,0.0,осень,нет,да
2018-09-15,5,169,21.1,82,0.8,20000,17.8,0.0,0.0,0.0,осень,нет,да
2018-09-15,6,272,21.0,84,0.9,20000,18.1,0.0,0.1,0.0,осень,нет,да
2018-09-15,7,453,21.2,84,0.3,20000,18.3,0.05,0.0,0.0,осень,нет,да
2018-09-15,8,829,21.7,78,0.3,20000,17.6,0.21,0.0,0.0,осень,нет,да
2018-09-15,9,934,22.7,72,1.2,20000,17.3,0.59,0.0,0.0,осень,нет,да
2018-09-15,10,1017,24.4,65,1.6,19720,17.3,1.42,0.0,0.0,осень,нет,да
2018-09-15,11,1212,25.2,64,1.2,19380,17.8,1.31,0.0,0.0,осень,нет,да
2018-09-15,12,1284,25.4,63,0.9,20000,17.8,1.01,0.0,0.0,осень,нет,да
2018-09-15,13,1465,25.8,65,1.0,19960,18.7,1.12,0.0,0.0,осень,нет,да
2018-09-15,14,1474,25.7,67,1.2,20000,19.1,0.9,0.0,0.0,осень,нет,да
2018-09-15,15,1077,25.2,71,0.2,20000,19.5,0.41,0.0,0.0,осень,нет,да
2018-09-15,16,1273,24.4,74,0.6,19960,19.4,0.13,0.0,0.0,осень,нет,да
2018-09-15,17,1474,24.4,75,0.6,20000,19.6,0.17,0.0,0.0,осень,нет,да
2018-09-15,18,1566,24.2,76,1.2,20000,19.6,0.12,0.0,0.0,осень,нет,да
2018-09-15,19,1578,23.8,78,2.2,19910,19.7,0.0,0.0,0.0,осень,нет,да
2018-09-15,20,1613,23.5,80,1.7,16210,19.8,0.0,0.0,0.0,осень,нет,да
2018-09-15,21,1710,23.3,80,0.7,18770,19.6,0.0,0.0,0.0,осень,нет,да
2018-09-15,22,1566,23.1,79,0.6,18910,19.2,0.0,0.0,0.0,осень,нет,да
2018-09-15,23,1210,22.9,81,0.9,15500,19.4,0.0,0.0,0.0,осень,нет,да
2018-09-16,0,1014,22.8,82,1.5,9350,19.5,0.0,0.0,0.0,осень,нет,да
2018-09-16,1,764,22.8,84,0.9,8270,19.9,0.0,0.0,0.0,осень,нет,да
2018-09-16,2,432,22.8,85,0.8,7080,20.1,0.0,0.0,0.0,осень,нет,да
2018-09-16,3,258,22.6,89,0.6,5780,20.6,0.0,0.2,0.0,осень,нет,да
2018-09-16,4,188,22.5,89,0.7,4440,20.5,0.0,0.3,0.0,осень,нет,да
2018-09-16,5,123,22.2,90,1.4,5140,20.4,0.0,0.0,0.0,осень,нет,да
2018-09-16,6,137,22.0,90,1.3,4710,20.2,0.0,0.0,0.0,осень,нет,да
2018-09-16,7,258,21.9,95,1.3,4240,21.0,0.02,0.0,0.0,осень,нет,да
2018-09-16,8,464,21.9,88,1.6,6010,19.8,0.17,0.0,0.0,осень,нет,да
2018-09-16,9,725,22.3,84,1.9,7510,19.4,0.47,0.0,0.0,осень,нет,да
2018-09-16,10,813,22.9,74,1.3,11620,18.0,0.84,0.0,0.0,осень,нет,да
2018-09-16,11,1014,23.4,61,2.1,19640,15.4,0.91,0.0,0.0,осень,нет,да
2018-09-16,12,989,23.7,64,1.9,14740,16.4,0.79,0.0,0.0,осень,нет,да
2018-09-16,13,754,23.6,66,2.1,16890,16.8,0.87,0.0,0.0,осень,нет,да
2018-09-16,14,409,23.4,72,2.2,6820,18.0,0.73,0.0,0.0,осень,нет,да
2018-09-16,15,222,23.2,83,1.5,3490,20.1,0.77,0.5,0.0,осень,нет,да
2018-09-16,16,142,22.5,86,2.5,3420,20.0,0.47,0.0,0.0,осень,нет,да
2018-09-16,17,322,22.0,89,2.2,2850,20.0,0.21,1.0,0.0,осень,нет,да
2018-09-16,18,520,21.5,89,3.0,3500,19.6,0.18,0.0,0.0,осень,нет,да
2018-09-16,19,852,21.2,87,2.7,4790,18.9,0.01,0.0,0.0,осень,нет,да
2018-09-16,20,1073,21.1,88,1.7,4040,19.0,0.0,0.0,0.0,осень,нет,да
2018-09-16,21,1146,21.2,88,1.7,3730,19.1,0.0,0.0,0.0,осень,нет,да
2018-09-16,22,988,21.4,87,2.4,5400,19.1,0.0,0.0,0.0,осень,нет,да
2018-09-16,23,571,21.3,80,2.6,12030,17.7,0.0,0.0,0.0,осень,нет,да
2018-09-17,0,531,21.0,82,1.8,9580,17.8,0.0,0.0,0.0,осень,нет,да
2018-09-17,1,337,20.5,73,1.9,16930,15.4,0.0,0.0,0.0,осень,нет,да
2018-09-17,2,227,20.3,81,1.9,12340,16.9,0.0,0.1,0.0,осень,нет,да
2018-09-17,3,186,20.2,82,1.4,12020,17.0,0.0,0.0,0.0,осень,нет,да
2018-09-17,4,160,20.0,81,2.0,13130,16.6,0.0,0.0,0.0,осень,нет,да
2018-09-17,5,246,19.4,84,1.6,12520,16.6,0.0,0.0,0.0,осень,нет,да
2018-09-17,6,625,18.8,88,1.2,7980,16.7,0.0,0.0,0.0,осень,нет,да
2018-09-17,7,1487,18.5,88,1.4,6950,16.4,0.08,0.0,0.0,осень,нет,да
2018-09-17,8,2276,18.9,77,0.6,11090,14.7,0.56,0.0,0.0,осень,нет,да
2018-09-17,9,1185,20.5,66,1.1,17110,13.9,1.12,0.0,0.0,осень,нет,да
2018-09-17,10,868,21.7,60,1.7,15400,13.5,1.44,0.0,0.0,осень,нет,да
2018-09-17,11,954,23.8,54,2.1,16260,13.9,2.55,0.0,0.0,осень,нет,да
2018-09-17,12,1083,25.2,50,1.7,17100,14.0,2.83,0.0,0.0,осень,нет,да
2018-09-17,13,1069,25.6,50,3.8,18760,14.3,2.82,0.0,0.0,осень,нет,да
2018-09-17,14,1092,26.7,40,3.3,18220,11.9,2.8,0.0,0.0,осень,нет,да
2018-09-17,15,1207,27.4,33,2.7,19550,9.6,2.5,0.0,0.0,осень,нет,да
2018-09-17,16,1445,27.6,37,2.8,19350,11.5,1.9,0.0,0.0,осень,нет,да
2018-09-17,17,2056,27.3,43,2.6,20000,13.6,1.25,0.0,0.0,осень,нет,да
2018-09-17,18,3277,25.3,56,2.8,19920,15.8,0.54,0.0,0.0,осень,нет,да
2018-09-17,19,2489,23.0,63,3.1,20000,15.5,0.03,0.0,0.0,осень,нет,да
2018-09-17,20,2232,21.9,65,2.5,19860,15.0,0.0,0.0,0.0,осень,нет,да
2018-09-17,21,2100,21.3,66,2.3,19890,14.6,0.0,0.0,0.0,осень,нет,да
2018-09-17,22,1865,20.8,65,0.9,20000,13.9,0.0,0.0,0.0,осень,нет,да
2018-09-17,23,1293,20.2,68,1.2,19630,14.0,0.0,0.0,0.0,осень,нет,да
2018-09-18,0,0,19.5,73,1.2,19160,14.5,0.0,0.0,0.0,осень,нет,нет
2018-09-18,1,0,19.3,71,0.4,19120,13.9,0.0,0.0,0.0,осень,нет,нет
2018-09-18,2,0,18.8,74,0.2,18660,14.0,0.0,0.0,0.0,осень,нет,нет
2018-09-18,3,0,18.7,76,0.5,19160,14.3,0.0,0.0,0.0,осень,нет,нет
2018-09-18,4,0,18.3,78,0.4,19060,14.3,0.0,0.0,0.0,осень,нет,нет
2018-09-18,5,0,17.9,77,0.5,16580,13.8,0.0,0.0,0.0,осень,нет,нет
2018-09-18,6,0,17.7,77,0.2,17570,13.6,0.0,0.0,0.0,осень,нет,нет
2018-09-18,7,0,17.8,76,0.5,17290,13.5,0.08,0.0,0.0,осень,нет,нет
2018-09-18,8,0,18.7,73,0.9,15010,13.7,0.34,0.0,0.0,осень,нет,нет
2018-09-18,9,0,20.8,64,1.1,12050,13.7,1.13,0.0,0.0,осень,нет,нет
2018-09-18,10,0,22.7,54,1.0,16190,12.9,1.74,0.0,0.0,осень,нет,нет
2018-09-18,11,0,24.1,46,2.1,16780,11.7,2.03,0.0,0.0,осень,нет,нет
2018-09-18,12,0,24.7,43,1.8,18090,11.2,1.75,0.0,0.0,осень,нет,нет
2018-09-18,13,0,25.6,40,2.5,17040,10.9,2.18,0.0,0.0,осень,нет,нет
2018-09-18,14,0,26.1,37,2.3,17490,10.2,1.92,0.0,0.0,осень,нет,нет
2018-09-18,15,0,26.1,43,2.8,17850,12.5,1.62,0.0,0.0,осень,нет,нет
2018-09-18,16,0,26.4,34,2.5,19530,9.2,1.6,0.0,0.0,осень,нет,нет
2018-09-18,17,0,25.5,38,2.9,19970,10.1,0.92,0.0,0.0,осень,нет,нет
2018-09-18,18,0,24.8,48,1.4,20000,13.0,0.51,0.0,0.0,осень,нет,нет
2018-09-18,19,0,23.2,57,2.2,20000,14.2,0.03,0.0,0.0,осень,нет,нет
2018-09-18,20,0,22.6,58,1.4,20000,13.9,0.0,0.0,0.0,осень,нет,нет
2018-09-18,21,0,22.1,61,1.5,20000,14.2,0.0,0.0,0.0,осень,нет,нет
2018-09-18,22,0,21.8,65,0.3,20000,14.9,0.0,0.0,0.0,осень,нет,нет
2018-09-18,23,0,21.2,69,1.3,19990,15.2,0.0,0.0,0.0,осень,нет,нет
2018-09-19,0,0,21.0,66,0.4,20000,14.3,0.0,0.0,0.0,осень,нет,нет
2018-09-19,1,0,20.5,64,0.4,20000,13.4,0.0,0.0,0.0,осень,нет,нет
2018-09-19,2,0,20.0,70,0.2,20000,14.3,0.0,0.0,0.0,осень,нет,нет
2018-09-19,3,0,19.7,70,0.5,20000,14.0,0.0,0.0,0.0,осень,нет,нет
2018-09-19,4,0,19.5,70,0.5,20000,13.8,0.0,0.0,0.0,осень,нет,нет
2018-09-19,5,0,19.3,73,0.9,17820,14.3,0.0,0.0,0.0,осень,нет,нет
2018-09-19,6,0,19.0,76,0.3,14880,14.6,0.0,0.0,0.0,осень,нет,нет
2018-09-19,7,0,19.0,74,0.8,16500,14.2,0.03,0.0,0.0,осень,нет,нет
2018-09-19,8,0,19.8,71,1.1,15340,14.3,0.26,0.0,0.0,осень,нет,нет
2018-09-19,9,0,21.5,61,0.8,17740,13.6,0.92,0.0,0.0,осень,нет,нет
2018-09-19,10,0,22.9,59,1.1,18190,14.4,1.49,0.0,0.0,осень,нет,нет
2018-09-19,11,0,23.6,55,0.6,17230,14.0,1.01,0.0,0.0,осень,нет,нет
2018-09-19,12,0,24.9,51,1.2,16190,14.0,1.56,0.0,0.0,осень,нет,нет
2018-09-19,13,0,26.5,39,1.7,15600,11.4,2.15,0.0,0.0,осень,нет,нет
2018-09-19,14,0,26.1,40,1.2,18400,11.4,1.21,0.0,0.0,осень,нет,нет
2018-09-19,15,0,25.9,39,1.4,18360,10.8,0.9,0.0,0.0,осень,нет,нет
2018-09-19,16,0,25.6,41,1.2,15940,11.3,0.65,0.0,0.0,осень,нет,нет
2018-09-19,17,0,25.0,44,1.3,18830,11.8,0.36,0.0,0.0,осень,нет,нет
2018-09-19,18,0,24.0,55,2.2,16910,14.3,0.12,0.0,0.0,осень,нет,нет
2018-09-19,19,0,23.5,58,0.4,18360,14.7,0.0,0.0,0.0,осень,нет,нет
2018-09-19,20,0,22.6,67,0.3,17370,16.1,0.0,0.0,0.0,осень,нет,нет
2018-09-19,21,0,21.7,63,1.8,10780,14.3,0.0,0.1,0.0,осень,нет,нет
2018-09-19,22,0,20.9,71,1.6,10570,15.4,0.0,0.1,0.0,осень,нет,нет
2018-09-19,23,0,20.4,57,0.9,20000,11.5,0.0,0.0,0.0,осень,нет,нет
2018-09-20,0,886,20.1,58,0.3,20000,11.5,0.0,0.0,0.0,осень,нет,да
2018-09-20,1,761,20.0,59,1.1,19990,11.7,0.0,0.0,0.0,осень,нет,да
2018-09-20,2,524,19.9,64,1.5,17550,12.8,0.0,0.0,0.0,осень,нет,да
2018-09-20,3,294,19.6,72,1.7,11400,14.4,0.0,0.0,0.0,осень,нет,да
2018-09-20,4,241,19.6,74,1.4,8470,14.8,0.0,0.0,0.0,осень,нет,да
2018-09-20,5,137,19.5,74,1.8,14210,14.7,0.0,0.0,0.0,осень,нет,да
2018-09-20,6,47,18.8,85,1.4,4120,16.2,0.0,0.5,0.0,осень,нет,да
2018-09-20,7,130,18.0,95,1.6,3750,17.1,0.0,1.5,0.0,осень,нет,да
2018-09-20,8,299,18.0,91,1.3,8960,16.5,0.11,0.5,0.0,осень,нет,да
2018-09-20,9,89,18.2,93,1.4,5720,17.0,0.18,1.0,0.0,осень,нет,да
2018-09-20,10,87,18.4,91,1.2,3940,16.8,0.25,0.5,0.0,осень,нет,да
2018-09-20,11,111,18.8,95,1.5,5970,17.9,0.46,0.0,0.0,осень,нет,да
2018-09-20,12,180,19.0,91,1.7,9650,17.4,0.67,0.5,0.0,осень,нет,да
2018-09-20,13,301,18.9,89,2.6,5860,17.0,0.58,0.0,0.0,осень,нет,да
2018-09-20,14,573,19.3,83,2.3,20000,16.3,0.83,0.5,0.0,осень,нет,да
2018-09-20,15,696,19.4,79,1.4,20000,15.6,0.33,0.0,0.0,осень,нет,да
2018-09-20,16,912,19.5,75,2.1,20000,14.9,0.38,0.0,0.0,осень,нет,да
2018-09-20,17,1290,19.3,76,2.1,20000,14.9,0.21,0.0,0.0,осень,нет,да
2018-09-20,18,1786,19.1,77,2.5,20000,14.9,0.08,0.0,0.0,осень,нет,да
2018-09-20,19,1272,18.9,78,2.2,20000,14.9,0.0,0.0,0.0,осень,нет,да
2018-09-20,20,898,19.1,77,2.2,18340,14.9,0.0,0.0,0.0,осень,нет,да
2018-09-20,21,784,18.7,84,2.7,17440,15.9,0.0,0.0,0.0,осень,нет,да
2018-09-20,22,1049,18.4,85,2.1,17720,15.8,0.0,0.0,0.0,осень,нет,да
2018-09-20,23,935,18.7,80,1.7,20000,15.1,0.0,0.0,0.0,осень,нет,да
2018-09-21,0,809,18.9,78,2.1,20000,14.9,0.0,0.0,0.0,осень,нет,да
2018-09-21,1,674,19.0,78,1.6,20000,15.0,0.0,0.0,0.0,осень,нет,да
2018-09-21,2,122,19.1,78,1.3,20000,15.1,0.0,0.0,0.0,осень,нет,да
2018-09-21,3,28,18.5,88,1.2,6590,16.4,0.0,1.5,0.0,осень,нет,да
2018-09-21,4,24,17.9,95,1.7,12980,17.0,0.0,2.5,0.0,осень,нет,да
2018-09-21,5,24,17.8,93,1.8,20000,16.6,0.0,0.5,0.0,осень,нет,да
2018-09-21,6,23,17.6,95,1.7,9740,16.7,0.0,1.5,0.0,осень,нет,да
2018-09-21,7,45,17.6,96,1.7,3100,16.9,0.0,5.0,0.0,осень,нет,да
2018-09-21,8,127,17.8,97,2.0,12840,17.3,0.09,4.0,0.0,осень,нет,да
2018-09-21,9,47,18.2,96,1.3,12510,17.5,0.21,1.0,0.0,осень,нет,да
2018-09-21,10,78,18.4,96,2.0,11240,17.7,0.32,1.0,0.0,осень,нет,да
2018-09-21,11,98,18.9,91,1.8,19380,17.3,0.64,0.5,0.0,осень,нет,да
2018-09-21,12,143,19.1,91,2.0,19710,17.5,0.63,0.0,0.0,осень,нет,да
2018-09-21,13,600,19.8,88,0.9,17960,17.7,0.65,0.0,0.0,осень,нет,да
2018-09-21,14,972,21.4,76,1.4,20000,16.9,1.5,0.5,0.0,осень,нет,да
2018-09-21,15,1288,21.8,76,1.4,20000,17.3,1.2,0.0,0.0,осень,нет,да
2018-09-21,16,1550,21.5,78,1.2,20000,17.4,0.51,0.0,0.0,осень,нет,да
2018-09-21,17,1904,21.2,77,1.2,20000,16.9,0.31,0.0,0.0,осень,нет,да
2018-09-21,18,2235,20.9,77,0.6,20000,16.7,0.23,0.0,0.0,осень,нет,да
2018-09-21,19,1720,20.3,81,1.0,20000,16.9,0.02,0.0,0.0,осень,нет,да
2018-09-21,20,1551,20.0,82,0.4,20000,16.8,0.0,0.0,0.0,осень,нет,да
2018-09-21,21,1540,19.9,82,0.6,20000,16.7,0.0,0.0,0.0,осень,нет,да
2018-09-21,22,1493,19.7,82,0.5,20000,16.5,0.0,0.0,0.0,осень,нет,да
2018-09-21,23,1171,19.5,82,0.6,20000,16.3,0.0,0.0,0.0,осень,нет,да
2018-09-22,0,953,19.5,81,1.1,20000,16.1,0.0,0.0,0.0,осень,нет,да
2018-09-22,1,875,19.5,83,1.5,14590,16.5,0.0,0.0,0.0,осень,нет,да
2018-09-22,2,655,19.4,85,0.0,15330,16.8,0.0,0.0,0.0,осень,нет,да
2018-09-22,3,458,18.8,90,1.0,11910,17.1,0.0,0.0,0.0,осень,нет,да
2018-09-22,4,96,18.9,88,0.8,12260,16.8,0.0,0.0,0.0,осень,нет,да
2018-09-22,5,93,18.8,96,0.2,9730,18.1,0.0,6.5,0.0,осень,нет,да
2018-09-22,6,215,18.4,95,0.1,7520,17.5,0.0,0.0,0.0,осень,нет,да
2018-09-22,7,363,18.1,96,0.9,5570,17.4,0.04,0.0,0.0,осень,нет,да
2018-09-22,8,654,18.2,86,0.0,8580,15.8,0.48,0.0,0.0,осень,нет,да
2018-09-22,9,810,19.7,78,1.3,7400,15.7,1.17,0.0,0.0,осень,нет,да
2018-09-22,10,925,21.8,67,1.9,8780,15.3,1.88,0.0,0.0,осень,нет,да
2018-09-22,11,1062,22.7,55,2.7,12970,13.1,1.86,0.0,0.0,осень,нет,да
2018-09-22,12,1273,24.2,43,2.2,17980,10.8,2.31,0.0,0.0,осень,нет,да
2018-09-22,13,1409,24.9,32,3.9,20000,7.0,2.57,0.0,0.0,осень,нет,да
2018-09-22,14,1532,25.2,28,4.4,20000,5.3,2.76,0.0,0.0,осень,нет,да
2018-09-22,15,1814,25.4,32,3.8,19800,7.4,2.42,0.0,0.0,осень,нет,да
2018-09-22,16,1840,25.3,38,3.0,20000,9.9,1.88,0.0,0.0,осень,нет,да
2018-09-22,17,2045,24.6,35,3.6,19900,8.1,1.2,0.0,0.0,осень,нет,да
2018-09-22,18,1939,23.2,36,2.8,20000,7.2,0.47,0.0,0.0,осень,нет,да
2018-09-22,19,1743,21.3,43,2.8,20000,8.2,0.02,0.0,0.0,осень,нет,да
2018-09-22,20,1604,20.4,52,1.2,20000,10.2,0.0,0.0,0.0,осень,нет,да
2018-09-22,21,1502,19.4,55,0.8,20000,10.1,0.0,0.0,0.0,осень,нет,да
2018-09-22,22,1430,18.6,62,0.6,20000,11.1,0.0,0.0,0.0,осень,нет,да
2018-09-22,23,1108,17.9,66,1.0,20000,11.4,0.0,0.0,0.0,осень,нет,да
2018-09-23,0,880,17.2,69,0.6,20000,11.4,0.0,0.0,0.0,осень,да,да
2018-09-23,1,644,16.4,66,0.1,20000,10.0,0.0,0.0,0.0,осень,да,да
2018-09-23,2,489,16.0,72,1.3,20000,10.9,0.0,0.0,0.0,осень,да,да
2018-09-23,3,334,15.8,70,0.8,20000,10.3,0.0,0.0,0.0,осень,да,да
2018-09-23,4,202,16.2,69,0.7,20000,10.4,0.0,0.0,0.0,осень,да,да
2018-09-23,5,106,16.3,67,0.8,20000,10.1,0.0,0.0,0.0,осень,да,да
2018-09-23,6,144,16.5,73,1.2,20000,11.6,0.0,0.0,0.0,осень,да,да
2018-09-23,7,261,16.5,74,0.4,20000,11.8,0.0,0.0,0.0,осень,да,да
2018-09-23,8,439,17.0,69,1.2,20000,11.2,0.3,0.0,0.0,осень,да,да
2018-09-23,9,534,18.4,59,1.0,19510,10.2,0.86,0.0,0.0,осень,да,да
2018-09-23,10,620,19.3,59,0.2,20000,11.0,0.94,0.0,0.0,осень,да,да
2018-09-23,11,764,20.1,57,3.0,19290,11.3,1.29,0.0,0.0,осень,да,да
2018-09-23,12,915,20.8,52,1.2,19840,10.5,1.25,0.0,0.0,осень,да,да
2018-09-23,13,1031,22.7,44,1.4,19130,9.8,1.77,0.0,0.0,осень,да,да
2018-09-23,14,1136,24.2,40,1.2,19530,9.7,2.62,0.0,0.0,осень,да,да
2018-09-23,15,1366,25.0,28,2.2,20000,5.2,2.39,0.0,0.0,осень,да,да
2018-09-23,16,1502,24.6,29,4.0,19880,5.3,1.73,0.0,0.0,осень,да,да
2018-09-23,17,1591,24.1,41,2.4,20000,10.0,1.17,0.0,0.0,осень,да,да
2018-09-23,18,1492,22.3,53,2.7,20000,12.2,0.44,0.0,0.0,осень,да,да
2018-09-23,19,1333,21.0,54,2.9,20000,11.3,0.01,0.0,0.0,осень,да,да
2018-09-23,20,1287,20.2,48,3.3,20000,8.8,0.0,0.0,0.0,осень,да,да
2018-09-23,21,1148,19.1,38,2.1,20000,4.4,0.0,0.0,0.0,осень,да,да
2018-09-23,22,1074,18.5,40,2.5,20000,4.6,0.0,0.0,0.0,осень,да,да
2018-09-23,23,768,17.7,45,1.1,20000,5.6,0.0,0.0,0.0,осень,да,да
2018-09-24,0,620,17.2,50,1.7,20000,6.6,0.0,0.0,0.0,осень,да,да
2018-09-24,1,426,16.8,53,2.0,20000,7.1,0.0,0.0,0.0,осень,да,да
2018-09-24,2,302,16.1,57,0.7,20000,7.5,0.0,0.0,0.0,осень,да,да
2018-09-24,3,216,15.5,63,0.3,20000,8.4,0.0,0.0,0.0,осень,да,да
2018-09-24,4,141,14.9,68,0.9,20000,9.0,0.0,0.0,0.0,осень,да,да
2018-09-24,5,105,14.4,66,0.3,20000,8.1,0.0,0.0,0.0,осень,да,да
2018-09-24,6,141,14.3,66,0.5,20000,8.0,0.0,0.0,0.0,осень,да,да
2018-09-24,7,205,14.7,61,2.1,20000,7.2,0.02,0.0,0.0,осень,да,да
2018-09-24,8,296,15.4,52,2.2,19850,5.5,0.49,0.0,0.0,осень,да,да
2018-09-24,9,310,17.0,43,2.1,19930,4.3,1.36,0.0,0.0,осень,да,да
2018-09-24,10,426,18.5,38,3.3,20000,3.8,2.02,0.0,0.0,осень,да,да
2018-09-24,11,588,19.4,31,4.1,19660,1.8,2.55,0.0,0.0,осень,да,да
2018-09-24,12,754,20.3,34,2.6,20000,3.9,2.85,0.0,0.0,осень,да,да
2018-09-24,13,885,20.9,30,3.5,20000,2.6,2.93,0.0,0.0,осень,да,да
2018-09-24,14,1099,21.3,30,4.3,20000,3.0,2.78,0.0,0.0,осень,да,да
2018-09-24,15,1273,21.8,32,3.3,20000,4.3,2.42,0.0,0.0,осень,да,да
2018-09-24,16,1433,22.0,31,2.7,20000,4.0,1.87,0.0,0.0,осень,да,да
2018-09-24,17,1442,21.6,32,3.1,20000,4.1,1.2,0.0,0.0,осень,да,да
2018-09-24,18,1237,20.3,35,2.4,20000,4.3,0.46,0.0,0.0,осень,да,да
2018-09-24,19,1280,18.6,54,2.7,20000,9.0,0.01,0.0,0.0,осень,да,да
2018-09-24,20,1227,17.6,57,1.4,20000,8.9,0.0,0.0,0.0,осень,да,да
2018-09-24,21,1145,16.8,58,1.2,20000,8.4,0.0,0.0,0.0,осень,да,да
2018-09-24,22,958,16.6,47,3.9,20000,5.2,0.0,0.0,0.0,осень,да,да
2018-09-24,23,750,15.7,51,0.4,20000,5.5,0.0,0.0,0.0,осень,да,да
2018-09-25,0,558,14.7,55,1.6,20000,5.7,0.0,0.0,0.0,осень,да,да
2018-09-25,1,408,13.8,60,0.8,20000,6.1,0.0,0.0,0.0,осень,да,да
2018-09-25,2,292,13.4,62,0.2,20000,6.2,0.0,0.0,0.0,осень,да,да
2018-09-25,3,222,12.7,67,0.5,20000,6.7,0.0,0.0,0.0,осень,да,да
2018-09-25,4,157,12.0,69,0.5,20000,6.4,0.0,0.0,0.0,осень,да,да
2018-09-25,5,105,11.5,70,0.5,20000,6.2,0.0,0.0,0.0,осень,да,да
2018-09-25,6,132,11.2,70,0.9,20000,5.9,0.0,0.0,0.0,осень,да,да
2018-09-25,7,262,10.8,72,0.9,20000,5.9,0.03,0.0,0.0,осень,да,да
2018-09-25,8,440,12.0,61,1.3,19880,4.6,0.6,0.0,0.0,осень,да,да
2018-09-25,9,542,15.3,49,1.0,20000,4.6,1.34,0.0,0.0,осень,да,да
2018-09-25,10,667,18.0,44,1.3,19840,5.5,1.99,0.0,0.0,осень,да,да
2018-09-25,11,853,20.1,40,1.6,19850,6.0,2.47,0.0,0.0,осень,да,да
2018-09-25,12,1045,21.7,36,2.0,20000,5.9,2.78,0.0,0.0,осень,да,да
2018-09-25,13,1309,22.9,30,2.0,20000,4.3,2.9,0.0,0.0,осень,да,да
2018-09-25,14,1522,23.7,28,1.4,20000,4.0,2.77,0.0,0.0,осень,да,да
2018-09-25,15,1747,24.1,26,1.6,20000,3.3,2.38,0.0,0.0,осень,да,да
2018-09-25,16,1955,24.2,28,1.7,20000,4.5,1.86,0.0,0.0,осень,да,да
2018-09-25,17,2033,22.9,33,1.4,20000,5.7,0.83,0.0,0.0,осень,да,да
2018-09-25,18,1885,21.6,37,1.0,20000,6.2,0.24,0.0,0.0,осень,да,да
2018-09-25,19,1608,20.3,39,0.6,20000,5.8,0.0,0.0,0.0,осень,да,да
2018-09-25,20,1583,19.3,45,0.4,20000,7.0,0.0,0.0,0.0,осень,да,да
2018-09-25,21,1565,18.5,48,1.0,20000,7.2,0.0,0.0,0.0,осень,да,да
2018-09-25,22,1418,17.7,52,1.0,20000,7.7,0.0,0.0,0.0,осень,да,да
2018-09-25,23,1042,17.4,49,1.2,20000,6.5,0.0,0.0,0.0,осень,да,да
2018-09-26,0,880,17.0,51,1.5,20000,6.7,0.0,0.0,0.0,осень,нет,да
2018-09-26,1,594,16.6,53,1.7,20000,6.9,0.0,0.0,0.0,осень,нет,да
2018-09-26,2,453,16.6,54,1.5,20000,7.2,0.0,0.0,0.0,осень,нет,да
2018-09-26,3,355,16.5,57,1.6,20000,7.9,0.0,0.0,0.0,осень,нет,да
2018-09-26,4,222,16.4,59,1.7,20000,8.3,0.0,0.0,0.0,осень,нет,да
2018-09-26,5,150,16.3,61,1.5,20000,8.7,0.0,0.0,0.0,осень,нет,да
2018-09-26,6,230,16.3,62,2.1,20000,8.9,0.0,0.0,0.0,осень,нет,да
2018-09-26,7,335,16.3,62,2.0,20000,8.9,0.01,0.0,0.0,осень,нет,да
2018-09-26,8,598,16.7,60,2.0,20000,8.8,0.2,0.0,0.0,осень,нет,да
2018-09-26,9,680,17.7,54,1.8,20000,8.2,0.63,0.0,0.0,осень,нет,да
2018-09-26,10,923,19.4,47,2.3,20000,7.7,1.45,0.0,0.0,осень,нет,да
2018-09-26,11,1152,20.5,42,2.1,19810,7.1,1.59,0.0,0.0,осень,нет,да
2018-09-26,12,1358,22.5,37,1.8,20000,7.0,2.5,0.0,0.0,осень,нет,да
2018-09-26,13,1686,23.4,34,2.1,20000,6.6,2.84,0.0,0.0,осень,нет,да
2018-09-26,14,1972,24.1,33,1.3,20000,6.8,2.52,0.0,0.0,осень,нет,да
2018-09-26,15,2170,24.7,35,1.2,20000,8.1,2.28,0.0,0.0,осень,нет,да
2018-09-26,16,2270,24.4,35,1.8,20000,7.9,1.71,0.0,0.0,осень,нет,да
2018-09-26,17,2349,23.6,38,1.4,20000,8.4,1.04,0.0,0.0,осень,нет,да
2018-09-26,18,2339,22.1,45,1.5,20000,9.6,0.27,0.0,0.0,осень,нет,да
2018-09-26,19,1937,20.7,46,1.0,20000,8.6,0.02,0.0,0.0,осень,нет,да
2018-09-26,20,1653,20.0,46,2.0,20000,8.0,0.0,0.0,0.0,осень,нет,да
2018-09-26,21,1529,18.9,43,2.0,20000,6.0,0.0,0.0,0.0,осень,нет,да
2018-09-26,22,1249,18.1,43,1.7,20000,5.3,0.0,0.0,0.0,осень,нет,да
2018-09-26,23,934,17.4,46,2.1,20000,5.6,0.0,0.0,0.0,осень,нет,да
2018-09-27,0,770,16.7,50,1.7,20000,6.2,0.0,0.0,0.0,осень,нет,да
2018-09-27,1,488,16.1,53,1.4,20000,6.5,0.0,0.0,0.0,осень,нет,да
2018-09-27,2,326,15.7,53,1.4,20000,6.1,0.0,0.0,0.0,осень,нет,да
2018-09-27,3,178,14.9,57,1.1,20000,6.4,0.0,0.0,0.0,осень,нет,да
2018-09-27,4,151,14.4,58,1.1,20000,6.2,0.0,0.0,0.0,осень,нет,да
2018-09-27,5,207,13.9,60,0.6,20000,6.2,0.0,0.0,0.0,осень,нет,да
2018-09-27,6,589,13.4,61,0.8,20000,6.0,0.0,0.0,0.0,осень,нет,да
2018-09-27,7,1364,13.2,60,0.5,20000,5.5,0.02,0.0,0.0,осень,нет,да
2018-09-27,8,2129,14.8,51,1.1,20000,4.7,0.59,0.0,0.0,осень,нет,да
2018-09-27,9,1120,17.7,48,1.5,20000,6.5,1.3,0.0,0.0,осень,нет,да
2018-09-27,10,907,19.9,47,1.8,19890,8.2,1.93,0.0,0.0,осень,нет,да
2018-09-27,11,1019,21.3,43,1.7,19980,8.2,2.42,0.0,0.0,осень,нет,да
2018-09-27,12,1189,23.2,42,1.4,20000,9.5,2.73,0.0,0.0,осень,нет,да
2018-09-27,13,1191,23.0,39,1.7,20000,8.2,2.28,0.0,0.0,осень,нет,да
2018-09-27,14,1305,24.6,34,1.5,20000,7.6,2.74,0.0,0.0,осень,нет,да
2018-09-27,15,1404,23.4,35,1.4,20000,7.0,1.39,0.0,0.0,осень,нет,да
2018-09-27,16,1636,23.6,31,1.1,20000,5.4,1.37,0.0,0.0,осень,нет,да
2018-09-27,17,2189,24.3,31,1.5,20000,6.0,1.17,0.0,0.0,осень,нет,да
2018-09-27,18,3154,22.5,38,0.8,20000,7.4,0.31,0.0,0.0,осень,нет,да
2018-09-27,19,2422,20.6,44,0.7,20000,7.9,0.01,0.0,0.0,осень,нет,да
2018-09-27,20,2098,19.5,47,1.2,20000,7.8,0.0,0.0,0.0,осень,нет,да
2018-09-27,21,1930,18.7,48,1.3,20000,7.4,0.0,0.0,0.0,осень,нет,да
2018-09-27,22,1801,17.9,50,1.0,20000,7.3,0.0,0.0,0.0,осень,нет,да
2018-09-27,23,1222,17.7,51,1.4,20000,7.4,0.0,0.0,0.0,осень,нет,да
2018-09-28,0,0,17.1,52,1.4,20000,7.1,0.0,0.0,0.0,осень,нет,нет
2018-09-28,1,0,16.5,53,1.5,20000,6.8,0.0,0.0,0.0,осень,нет,нет
2018-09-28,2,0,16.0,56,1.5,20000,7.2,0.0,0.0,0.0,осень,нет,нет
2018-09-28,3,0,15.3,59,1.6,20000,7.3,0.0,0.0,0.0,осень,нет,нет
2018-09-28,4,0,14.7,62,1.5,20000,7.4,0.0,0.0,0.0,осень,нет,нет
2018-09-28,5,0,14.5,60,1.4,20000,6.8,0.0,0.0,0.0,осень,нет,нет
2018-09-28,6,0,14.4,61,1.2,20000,6.9,0.0,0.0,0.0,осень,нет,нет
2018-09-28,7,0,14.5,62,1.5,20000,7.2,0.03,0.0,0.0,осень,нет,нет
2018-09-28,8,0,15.2,58,1.7,20000,6.9,0.29,0.0,0.0,осень,нет,нет
2018-09-28,9,0,16.5,50,1.2,20000,6.0,0.66,0.0,0.0,осень,нет,нет
2018-09-28,10,0,17.4,51,1.3,19890,7.1,0.81,0.0,0.0,осень,нет,нет
2018-09-28,11,0,17.9,54,1.4,20000,8.4,0.73,0.0,0.0,осень,нет,нет
2018-09-28,12,0,19.0,52,1.2,20000,8.9,0.98,0.0,0.0,осень,нет,нет
2018-09-28,13,0,19.1,53,1.4,20000,9.2,0.76,0.0,0.0,осень,нет,нет
2018-09-28,14,0,19.4,53,1.4,20000,9.5,0.68,0.0,0.0,осень,нет,нет
2018-09-28,15,0,20.3,52,1.3,20000,10.1,1.15,0.0,0.0,осень,нет,нет
2018-09-28,16,0,21.9,46,1.2,19950,9.7,1.67,0.0,0.0,осень,нет,нет
2018-09-28,17,0,21.7,52,1.1,20000,11.4,0.79,0.0,0.0,осень,нет,нет
2018-09-28,18,0,20.4,56,1.7,20000,11.3,0.2,0.0,0.0,осень,нет,нет
2018-09-28,19,0,19.3,61,0.8,20000,11.5,0.01,0.0,0.0,осень,нет,нет
2018-09-28,20,0,18.0,67,0.7,20000,11.7,0.0,0.0,0.0,осень,нет,нет
2018-09-28,21,0,17.8,66,1.1,20000,11.3,0.0,0.0,0.0,осень,нет,нет
2018-09-28,22,0,17.1,70,1.0,20000,11.5,0.0,0.0,0.0,осень,нет,нет
2018-09-28,23,0,16.6,69,1.0,20000,10.8,0.0,0.0,0.0,осень,нет,нет
2018-09-29,0,1037,16.6,69,1.0,20000,10.8,0.0,0.0,0.0,осень,нет,да
2018-09-29,1,982,16.2,71,0.9,20000,10.9,0.0,0.0,0.0,осень,нет,да
2018-09-29,2,690,15.8,71,1.1,20000,10.5,0.0,0.0,0.0,осень,нет,да
2018-09-29,3,493,15.5,73,1.0,20000,10.6,0.0,0.0,0.0,осень,нет,да
2018-09-29,4,301,15.4,74,0.9,20000,10.7,0.0,0.0,0.0,осень,нет,да
2018-09-29,5,208,15.0,77,0.5,20000,10.9,0.0,0.0,0.0,осень,нет,да
2018-09-29,6,290,14.6,81,1.0,20000,11.3,0.0,0.0,0.0,осень,нет,да
2018-09-29,7,513,14.7,76,0.8,20000,10.5,0.02,0.0,0.0,осень,нет,да
2018-09-29,8,848,15.7,65,1.2,20000,9.1,0.54,0.0,0.0,осень,нет,да
2018-09-29,9,1076,18.3,58,1.4,19580,9.8,1.24,0.0,0.0,осень,нет,да
2018-09-29,10,1071,20.8,52,1.5,20000,10.5,1.88,0.0,0.0,осень,нет,да
2018-09-29,11,1284,22.3,50,1.3,20000,11.3,2.36,0.0,0.0,осень,нет,да
2018-09-29,12,1495,23.8,44,1.7,20000,10.8,2.66,0.0,0.0,осень,нет,да
2018-09-29,13,1752,24.9,40,1.4,20000,10.3,2.75,0.0,0.0,осень,нет,да
2018-09-29,14,1892,26.2,33,1.8,20000,8.6,2.62,0.0,0.0,осень,нет,да
2018-09-29,15,2065,26.5,33,1.4,20000,8.9,2.25,0.0,0.0,осень,нет,да
2018-09-29,16,2254,26.6,34,1.3,20000,9.4,1.69,0.0,0.0,осень,нет,да
2018-09-29,17,2432,26.3,31,1.0,20000,7.8,1.03,0.0,0.0,осень,нет,да
2018-09-29,18,2397,24.8,41,0.5,20000,10.6,0.33,0.0,0.0,осень,нет,да
2018-09-29,19,2021,22.5,43,0.4,20000,9.2,0.0,0.0,0.0,осень,нет,да
2018-09-29,20,1835,21.3,46,0.1,20000,9.2,0.0,0.0,0.0,осень,нет,да
2018-09-29,21,1781,20.1,54,1.2,20000,10.4,0.0,0.0,0.0,осень,нет,да
2018-09-29,22,1501,19.3,55,0.5,20000,10.0,0.0,0.0,0.0,осень,нет,да
2018-09-29,23,1229,18.6,59,0.7,20000,10.4,0.0,0.0,0.0,осень,нет,да
2018-09-30,0,0,18.1,60,0.2,20000,10.2,0.0,0.0,0.0,осень,нет,нет
2018-09-30,1,0,17.5,66,0.5,20000,11.0,0.0,0.0,0.0,осень,нет,нет
2018-09-30,2,0,17.3,68,0.7,20000,11.3,0.0,0.0,0.0,осень,нет,нет
2018-09-30,3,0,17.0,70,0.9,20000,11.4,0.0,0.0,0.0,осень,нет,нет
2018-09-30,4,0,16.6,73,0.3,20000,11.7,0.0,0.0,0.0,осень,нет,нет
2018-09-30,5,0,16.1,78,0.4,20000,12.2,0.0,0.0,0.0,осень,нет,нет
2018-09-30,6,0,15.5,80,0.4,20000,12.0,0.0,0.0,0.0,осень,нет,нет
2018-09-30,7,0,15.1,81,0.8,19390,11.8,0.03,0.0,0.0,осень,нет,нет
2018-09-30,8,0,16.2,69,1.1,20000,10.4,0.54,0.0,0.0,осень,нет,нет
2018-09-30,9,0,18.5,62,0.5,18470,11.0,1.0,0.0,0.0,осень,нет,нет
2018-09-30,10,0,20.7,62,1.3,16790,13.1,1.41,0.0,0.0,осень,нет,нет
2018-09-30,11,0,20.2,63,2.8,11950,12.9,1.25,0.0,0.0,осень,нет,нет
2018-09-30,12,0,20.8,47,3.1,16650,9.0,2.0,0.0,0.0,осень,нет,нет
2018-09-30,13,0,21.1,42,4.6,19540,7.6,2.74,0.0,0.0,осень,нет,нет
2018-09-30,14,0,21.1,32,4.4,19990,3.7,2.48,0.0,0.0,осень,нет,нет
2018-09-30,15,0,21.3,32,3.8,20000,3.9,2.31,0.0,0.0,осень,нет,нет
2018-09-30,16,0,21.2,28,3.2,20000,1.9,1.77,0.0,0.0,осень,нет,нет
2018-09-30,17,0,20.4,31,3.2,20000,2.6,1.06,0.0,0.0,осень,нет,нет
2018-09-30,18,0,18.3,34,3.3,20000,2.1,0.36,0.0,0.0,осень,нет,нет
2018-09-30,19,0,17.1,35,2.9,20000,1.4,0.0,0.0,0.0,осень,нет,нет
2018-09-30,20,0,16.0,39,2.9,20000,2.0,0.0,0.0,0.0,осень,нет,нет
2018-09-30,21,0,15.2,40,3.0,20000,1.6,0.0,0.0,0.0,осень,нет,нет
2018-09-30,22,0,14.6,46,2.2,20000,3.0,0.0,0.0,0.0,осень,нет,нет
2018-09-30,23,0,14.1,53,2.1,20000,4.6,0.0,0.0,0.0,осень,нет,нет
2018-10-01,0,680,14.1,55,2.6,20000,5.1,0.0,0.0,0.0,осень,нет,да
2018-10-01,1,402,13.9,57,2.0,20000,5.5,0.0,0.0,0.0,осень,нет,да
2018-10-01,2,262,13.9,56,2.4,20000,5.2,0.0,0.0,0.0,осень,нет,да
2018-10-01,3,179,13.6,56,1.6,20000,4.9,0.0,0.0,0.0,осень,нет,да
2018-10-01,4,143,13.7,56,1.9,20000,5.0,0.0,0.0,0.0,осень,нет,да
2018-10-01,5,246,13.7,57,1.8,19990,5.3,0.0,0.0,0.0,осень,нет,да
2018-10-01,6,632,13.3,56,2.3,20000,4.6,0.0,0.0,0.0,осень,нет,да
2018-10-01,7,1429,13.1,58,2.1,19970,5.0,0.03,0.0,0.0,осень,нет,да
2018-10-01,8,2101,13.7,54,2.4,19600,4.5,0.39,0.0,0.0,осень,нет,да
2018-10-01,9,1106,14.9,50,3.4,19890,4.5,1.08,0.0,0.0,осень,нет,да
2018-10-01,10,856,16.3,47,3.6,18150,4.9,1.93,0.0,0.0,осень,нет,да
2018-10-01,11,959,17.0,45,4.5,19660,4.9,2.04,0.0,0.0,осень,нет,да
2018-10-01,12,1138,18.4,40,3.5,19580,4.5,2.28,0.0,0.0,осень,нет,да
2018-10-01,13,1087,17.6,49,4.7,20000,6.7,1.89,0.0,0.0,осень,нет,да
2018-10-01,14,1137,19.3,36,3.5,19860,3.8,2.28,0.0,0.0,осень,нет,да
2018-10-01,15,1258,19.0,40,3.8,19830,5.0,1.96,0.0,0.0,осень,нет,да
2018-10-01,16,1357,17.7,47,3.4,20000,6.2,0.81,0.0,0.0,осень,нет,да
2018-10-01,17,1799,17.2,53,2.9,20000,7.5,0.25,0.0,0.0,осень,нет,да
2018-10-01,18,2857,16.6,61,2.9,20000,9.0,0.16,0.0,0.0,осень,нет,да
2018-10-01,19,2122,16.2,62,2.2,20000,8.9,0.0,0.0,0.0,осень,нет,да
2018-10-01,20,1824,15.4,63,2.1,20000,8.3,0.0,0.0,0.0,осень,нет,да
2018-10-01,21,1777,14.6,66,4.0,20000,8.3,0.0,0.0,0.0,осень,нет,да
2018-10-01,22,1501,13.9,69,0.5,20000,8.2,0.0,0.0,0.0,осень,нет,да
2018-10-01,23,1057,13.4,69,3.7,20000,7.8,0.0,0.0,0.0,осень,нет,да
2018-10-02,0,0,13.0,72,1.8,19870,8.0,0.0,0.0,0.0,осень,нет,нет
2018-10-02,1,0,12.5,74,1.9,19920,7.9,0.0,0.0,0.0,осень,нет,нет
2018-10-02,2,0,12.3,75,1.6,18400,7.9,0.0,0.0,0.0,осень,нет,нет
2018-10-02,3,0,11.8,78,0.3,18430,8.0,0.0,0.0,0.0,осень,нет,нет
2018-10-02,4,0,11.2,80,0.3,12360,7.8,0.0,0.0,0.0,осень,нет,нет
2018-10-02,5,0,10.8,82,0.3,17780,7.8,0.0,0.0,0.0,осень,нет,нет
2018-10-02,6,0,10.6,81,0.0,17980,7.4,0.0,0.0,0.0,осень,нет,нет
2018-10-02,7,0,10.4,81,0.3,19560,7.2,0.02,0.0,0.0,осень,нет,нет
2018-10-02,8,0,11.2,69,0.9,17140,5.7,0.49,0.0,0.0,осень,нет,нет
2018-10-02,9,0,13.9,66,1.6,14270,7.6,1.11,0.0,0.0,осень,нет,нет
2018-10-02,10,0,16.7,58,2.4,15540,8.3,1.81,0.0,0.0,осень,нет,нет
2018-10-02,11,0,18.3,44,3.0,18780,5.8,2.35,0.0,0.0,осень,нет,нет
2018-10-02,12,0,19.4,41,3.1,19560,5.7,2.67,0.0,0.0,осень,нет,нет
2018-10-02,13,0,20.4,36,2.6,17760,4.8,2.71,0.0,0.0,осень,нет,нет
2018-10-02,14,0,21.5,39,2.5,16910,6.9,2.56,0.0,0.0,осень,нет,нет
2018-10-02,15,0,21.8,38,2.6,19130,6.8,2.22,0.0,0.0,осень,нет,нет
2018-10-02,16,0,21.7,36,3.2,19290,5.9,1.64,0.0,0.0,осень,нет,нет
2018-10-02,17,0,21.2,40,2.4,20000,7.0,0.98,0.0,0.0,осень,нет,нет
2018-10-02,18,0,19.2,48,2.2,20000,7.9,0.28,0.0,0.0,осень,нет,нет
2018-10-02,19,0,17.6,57,1.7,20000,8.9,0.0,0.0,0.0,осень,нет,нет
2018-10-02,20,0,16.8,62,2.0,20000,9.4,0.0,0.0,0.0,осень,нет,нет
2018-10-02,21,0,16.2,65,1.5,20000,9.6,0.0,0.0,0.0,осень,нет,нет
2018-10-02,22,0,15.5,69,0.8,19870,9.8,0.0,0.0,0.0,осень,нет,нет
2018-10-02,23,0,14.8,68,0.1,19940,8.9,0.0,0.0,0.0,осень,нет,нет
2018-10-03,0,1040,14.5,74,0.4,20000,9.9,0.0,0.0,0.0,осень,да,да
2018-10-03,1,882,13.8,75,0.5,20000,9.4,0.0,0.0,0.0,осень,да,да
2018-10-03,2,685,13.2,77,1.2,19720,9.2,0.0,0.0,0.0,осень,да,да
2018-10-03,3,497,12.6,78,0.6,19070,8.8,0.0,0.0,0.0,осень,да,да
2018-10-03,4,284,12.1,80,1.2,18340,8.7,0.0,0.0,0.0,осень,да,да
2018-10-03,5,173,11.8,82,1.1,18780,8.8,0.0,0.0,0.0,осень,да,да
2018-10-03,6,278,11.4,84,0.3,17420,8.7,0.0,0.0,0.0,осень,да,да
2018-10-03,7,440,11.2,85,0.3,15930,8.7,0.02,0.0,0.0,осень,да,да
2018-10-03,8,762,11.8,73,1.0,16490,7.1,0.49,0.0,0.0,осень,да,да
2018-10-03,9,966,14.4,61,0.7,13400,6.9,1.21,0.0,0.0,осень,да,да
2018-10-03,10,1113,17.3,53,0.7,14060,7.6,1.83,0.0,0.0,осень,да,да
2018-10-03,11,1248,20.3,46,1.6,14090,8.2,2.29,0.0,0.0,осень,да,да
2018-10-03,12,1634,21.4,40,1.4,19730,7.2,2.53,0.0,0.0,осень,да,да
2018-10-03,13,1849,22.5,40,2.6,18540,8.2,2.64,0.0,0.0,осень,да,да
2018-10-03,14,1995,23.4,35,1.6,19720,7.0,2.51,0.0,0.0,осень,да,да
2018-10-03,15,2200,24.1,34,2.0,19960,7.2,2.14,0.0,0.0,осень,да,да
2018-10-03,16,2112,24.0,34,2.7,20000,7.1,1.62,0.0,0.0,осень,да,да
2018-10-03,17,2400,23.3,36,1.7,19600,7.3,0.95,0.0,0.0,осень,да,да
2018-10-03,18,2235,21.5,43,1.8,20000,8.3,0.26,0.0,0.0,осень,да,да
2018-10-03,19,1792,20.0,49,1.5,20000,8.9,0.0,0.0,0.0,осень,да,да
2018-10-03,20,1744,18.6,55,1.5,20000,9.3,0.0,0.0,0.0,осень,да,да
2018-10-03,21,1594,17.6,59,1.6,20000,9.4,0.0,0.0,0.0,осень,да,да
2018-10-03,22,1393,16.9,63,0.2,20000,9.8,0.0,0.0,0.0,осень,да,да
2018-10-03,23,1033,16.1,63,0.6,20000,9.0,0.0,0.0,0.0,осень,да,да
2018-10-04,0,0,15.5,65,0.8,20000,8.9,0.0,0.0,0.0,осень,нет,нет
2018-10-04,1,0,14.7,69,0.6,20000,9.0,0.0,0.0,0.0,осень,нет,нет
2018-10-04,2,0,14.0,73,0.5,19920,9.2,0.0,0.0,0.0,осень,нет,нет
2018-10-04,3,0,13.6,75,0.8,19600,9.2,0.0,0.0,0.0,осень,нет,нет
2018-10-04,4,0,13.3,75,0.4,17920,8.9,0.0,0.0,0.0,осень,нет,нет
2018-10-04,5,0,13.2,73,0.9,18570,8.4,0.0,0.0,0.0,осень,нет,нет
2018-10-04,6,0,13.2,73,1.1,19000,8.4,0.0,0.0,0.0,осень,нет,нет
2018-10-04,7,0,13.2,75,0.8,17800,8.8,0.01,0.0,0.0,осень,нет,нет
2018-10-04,8,0,13.9,68,0.9,19120,8.0,0.34,0.0,0.0,осень,нет,нет
2018-10-04,9,0,16.7,58,1.8,18210,8.3,1.22,0.0,0.0,осень,нет,нет
2018-10-04,10,0,19.0,49,1.7,19800,8.0,1.73,0.0,0.0,осень,нет,нет
2018-10-04,11,0,21.3,41,1.9,19630,7.5,2.36,0.0,0.0,осень,нет,нет
2018-10-04,12,0,23.2,38,1.7,19900,8.0,2.44,0.0,0.0,осень,нет,нет
2018-10-04,13,0,23.4,39,1.4,20000,8.6,1.72,0.0,0.0,осень,нет,нет
2018-10-04,14,0,24.3,39,1.7,20000,9.4,2.18,0.0,0.0,осень,нет,нет
2018-10-04,15,0,25.3,39,1.6,20000,10.3,1.88,0.0,0.0,осень,нет,нет
2018-10-04,16,0,25.1,41,1.0,20000,10.9,1.22,0.0,0.0,осень,нет,нет
2018-10-04,17,0,24.2,44,1.5,20000,11.1,0.58,0.0,0.0,осень,нет,нет
2018-10-04,18,0,23.1,48,1.3,20000,11.4,0.2,0.0,0.0,осень,нет,нет
2018-10-04,19,0,22.3,50,1.4,20000,11.3,0.0,0.0,0.0,осень,нет,нет
2018-10-04,20,0,21.3,53,1.8,20000,11.3,0.0,0.0,0.0,осень,нет,нет
2018-10-04,21,0,20.5,57,2.0,20000,11.6,0.0,0.0,0.0,осень,нет,нет
2018-10-04,22,0,19.8,60,1.6,20000,11.8,0.0,0.0,0.0,осень,нет,нет
2018-10-04,23,0,19.4,62,1.7,20000,11.9,0.0,0.0,0.0,осень,нет,нет
2018-10-05,0,973,19.0,64,1.9,20000,12.0,0.0,0.0,0.0,осень,нет,да
2018-10-05,1,735,18.6,66,1.7,20000,12.1,0.0,0.0,0.0,осень,нет,да
2018-10-05,2,515,18.2,64,2.0,20000,11.2,0.0,0.0,0.0,осень,нет,да
2018-10-05,3,329,18.0,61,1.8,20000,10.3,0.0,0.0,0.0,осень,нет,да
2018-10-05,4,221,17.7,57,1.3,20000,9.0,0.0,0.0,0.0,осень,нет,да
2018-10-05,5,223,17.6,57,1.1,20000,8.9,0.0,0.0,0.0,осень,нет,да
2018-10-05,6,531,17.7,55,1.5,20000,8.5,0.0,0.0,0.0,осень,нет,да
2018-10-05,7,282,17.7,56,1.3,20000,8.8,0.0,0.0,0.0,осень,нет,да
2018-10-05,8,208,16.9,72,1.3,20000,11.8,0.04,0.3,0.0,осень,нет,да
2018-10-05,9,47,16.3,85,1.8,9420,13.7,0.13,1.2,0.0,осень,нет,да
2018-10-05,10,33,15.8,89,1.8,7420,13.9,0.18,1.5,0.0,осень,нет,да
2018-10-05,11,29,16.1,89,2.4,11120,14.2,0.4,1.5,0.0,осень,нет,да
2018-10-05,12,23,16.6,90,1.7,5180,14.9,0.51,2.0,0.0,осень,нет,да
2018-10-05,13,22,16.9,95,1.6,3250,16.0,0.48,4.0,0.0,осень,нет,да
2018-10-05,14,17,17.2,95,1.6,5530,16.3,0.48,2.5,0.0,осень,нет,да
2018-10-05,15,8,17.2,96,0.6,2130,16.5,0.26,4.0,0.0,осень,нет,да
2018-10-05,16,28,17.1,97,1.7,3820,16.6,0.15,6.0,0.0,осень,нет,да
2018-10-05,17,66,16.9,97,2.1,7280,16.4,0.08,5.5,0.0,осень,нет,да
2018-10-05,18,74,16.7,96,1.6,14610,16.0,0.03,1.0,0.0,осень,нет,да
2018-10-05,19,55,16.6,96,2.4,10720,15.9,0.0,1.5,0.0,осень,нет,да
2018-10-05,20,44,16.5,96,2.7,10470,15.8,0.0,1.0,0.0,осень,нет,да
2018-10-05,21,32,16.5,96,2.2,9630,15.8,0.0,1.5,0.0,осень,нет,да
2018-10-05,22,23,16.2,92,2.6,17710,14.8,0.0,1.5,0.0,осень,нет,да
2018-10-05,23,4,16.3,91,1.8,18110,14.8,0.0,0.5,0.0,осень,нет,да
2018-10-06,0,0,16.4,94,1.8,17440,15.4,0.0,1.0,0.0,осень,нет,нет
2018-10-06,1,0,16.7,89,2.4,18140,14.8,0.0,1.0,0.0,осень,нет,нет
2018-10-06,2,0,16.9,88,2.5,20000,14.8,0.0,1.5,0.0,осень,нет,нет
2018-10-06,3,0,16.8,90,3.3,16010,15.1,0.0,2.0,0.0,осень,нет,нет
2018-10-06,4,0,16.9,89,2.7,15770,15.0,0.0,2.5,0.0,осень,нет,нет
2018-10-06,5,0,16.7,93,2.8,3600,15.5,0.0,4.5,0.0,осень,нет,нет
2018-10-06,6,0,16.5,96,2.3,4170,15.8,0.0,8.5,0.0,осень,нет,нет
2018-10-06,7,5,16.5,97,2.3,3640,16.0,0.0,9.5,0.0,осень,нет,да
2018-10-06,8,6,16.6,97,2.0,4570,16.1,0.01,9.0,0.0,осень,нет,да
2018-10-06,9,5,16.7,97,2.9,5500,16.2,0.05,6.0,0.0,осень,нет,да
2018-10-06,10,2,17.0,97,1.5,6760,16.5,0.15,6.0,0.0,осень,нет,да
2018-10-06,11,20,17.5,95,2.0,12140,16.6,0.35,3.5,0.0,осень,нет,да
2018-10-06,12,130,18.0,92,2.9,19990,16.6,0.45,1.0,0.0,осень,нет,да
2018-10-06,13,529,17.7,89,5.0,20000,15.8,0.62,0.5,0.0,осень,нет,да
2018-10-06,14,941,19.3,79,3.6,20000,15.5,1.36,0.0,0.0,осень,нет,да
2018-10-06,15,1236,21.0,67,4.1,20000,14.6,2.05,0.0,0.0,осень,нет,да
2018-10-06,16,1601,21.5,62,3.4,20000,13.9,1.26,0.0,0.0,осень,нет,да
2018-10-06,17,1870,21.1,64,1.2,20000,14.0,0.4,0.0,0.0,осень,нет,да
2018-10-06,18,2012,20.5,66,1.2,20000,13.9,0.16,0.0,0.0,осень,нет,да
2018-10-06,19,1761,19.7,72,0.6,20000,14.5,0.0,0.0,0.0,осень,нет,да
2018-10-06,20,1567,19.4,67,0.8,20000,13.1,0.0,0.0,0.0,осень,нет,да
2018-10-06,21,1731,18.5,78,0.1,20000,14.5,0.0,0.0,0.0,осень,нет,да
2018-10-06,22,1459,17.7,78,0.3,20000,13.8,0.0,0.0,0.0,осень,нет,да
2018-10-06,23,1162,16.9,84,0.9,20000,14.1,0.0,0.0,0.0,осень,нет,да
2018-10-07,0,1049,16.3,86,0.3,20000,13.9,0.0,0.0,0.0,осень,нет,да
2018-10-07,1,768,16.0,88,1.2,20000,14.0,0.0,0.0,0.0,осень,нет,да
2018-10-07,2,538,15.7,88,0.4,20000,13.7,0.0,0.0,0.0,осень,нет,да
2018-10-07,3,372,15.5,88,1.7,19980,13.5,0.0,0.0,0.0,осень,нет,да
2018-10-07,4,255,15.1,90,1.2,8500,13.4,0.0,0.0,0.0,осень,нет,да
2018-10-07,5,146,15.1,89,1.1,16150,13.2,0.0,0.0,0.0,осень,нет,да
2018-10-07,6,189,14.8,89,0.2,14900,12.9,0.0,0.0,0.0,осень,нет,да
2018-10-07,7,345,14.3,89,0.6,11650,12.5,0.03,0.0,0.0,осень,нет,да
2018-10-07,8,589,14.6,71,1.0,18960,9.3,0.43,0.0,0.0,осень,нет,да
2018-10-07,9,753,16.2,60,1.9,18990,8.4,1.16,0.0,0.0,осень,нет,да
2018-10-07,10,932,18.1,56,2.6,17200,9.1,1.79,0.0,0.0,осень,нет,да
2018-10-07,11,1188,19.1,56,2.4,18020,10.1,2.15,0.0,0.0,осень,нет,да
2018-10-07,12,1516,19.8,46,2.5,18370,7.8,2.3,0.0,0.0,осень,нет,да
2018-10-07,13,1714,20.1,41,3.0,19630,6.4,2.34,0.0,0.0,осень,нет,да
2018-10-07,14,1987,20.2,42,2.8,18320,6.8,1.87,0.0,0.0,осень,нет,да
2018-10-07,15,2167,20.4,36,2.8,20000,4.8,1.56,0.0,0.0,осень,нет,да
2018-10-07,16,2270,20.7,34,2.0,20000,4.2,1.23,0.0,0.0,осень,нет,да
2018-10-07,17,2255,19.4,32,3.2,20000,2.2,0.63,0.0,0.0,осень,нет,да
2018-10-07,18,2069,17.9,29,2.8,20000,-0.4,0.16,0.0,0.0,осень,нет,да
2018-10-07,19,1608,16.6,36,1.4,20000,1.4,0.0,0.0,0.0,осень,нет,да
2018-10-07,20,1519,15.5,37,1.9,20000,0.8,0.0,0.0,0.0,осень,нет,да
2018-10-07,21,1385,14.4,36,1.0,20000,-0.5,0.0,0.0,0.0,осень,нет,да
2018-10-07,22,1160,13.6,38,1.5,20000,-0.4,0.0,0.0,0.0,осень,нет,да
2018-10-07,23,840,12.9,38,1.5,20000,-1.1,0.0,0.0,0.0,осень,нет,да
2018-10-08,0,711,12.3,44,0.8,20000,0.3,0.0,0.0,0.0,осень,нет,да
2018-10-08,1,390,11.7,52,1.1,20000,2.1,0.0,0.0,0.0,осень,нет,да
2018-10-08,2,265,11.1,56,1.4,20000,2.6,0.0,0.0,0.0,осень,нет,да
2018-10-08,3,192,10.8,59,0.5,20000,3.0,0.0,0.0,0.0,осень,нет,да
2018-10-08,4,123,10.4,61,0.6,20000,3.1,0.0,0.0,0.0,осень,нет,да
2018-10-08,5,215,9.8,63,0.5,20000,3.0,0.0,0.0,0.0,осень,нет,да
2018-10-08,6,503,9.5,68,0.9,20000,3.8,0.0,0.0,0.0,осень,нет,да
2018-10-08,7,1206,9.2,72,1.0,20000,4.4,0.01,0.0,0.0,осень,нет,да
2018-10-08,8,2005,9.9,66,1.2,20000,3.8,0.35,0.0,0.0,осень,нет,да
2018-10-08,9,1166,12.2,51,0.7,19180,2.3,1.02,0.0,0.0,осень,нет,да
2018-10-08,10,943,15.0,44,0.5,18390,2.8,1.48,0.0,0.0,осень,нет,да
2018-10-08,11,1117,17.9,39,1.3,18730,3.7,2.06,0.0,0.0,осень,нет,да
2018-10-08,12,1238,19.2,31,0.5,19940,1.6,2.4,0.0,0.0,осень,нет,да
2018-10-08,13,1303,20.2,28,1.3,20000,1.0,2.25,0.0,0.0,осень,нет,да
2018-10-08,14,1358,20.2,24,1.5,20000,-1.0,1.8,0.0,0.0,осень,нет,да
2018-10-08,15,1502,20.6,26,1.2,20000,0.4,1.76,0.0,0.0,осень,нет,да
2018-10-08,16,1603,20.3,25,1.8,20000,-0.3,1.15,0.0,0.0,осень,нет,да
2018-10-08,17,2127,20.0,28,0.7,20000,0.9,0.79,0.0,0.0,осень,нет,да
2018-10-08,18,2787,18.1,39,1.0,20000,3.9,0.21,0.0,0.0,осень,нет,да
2018-10-08,19,2150,16.4,42,1.8,20000,3.4,0.0,0.0,0.0,осень,нет,да
2018-10-08,20,1838,15.5,45,2.2,20000,3.6,0.0,0.0,0.0,осень,нет,да
2018-10-08,21,1788,15.1,48,2.6,20000,4.1,0.0,0.0,0.0,осень,нет,да
2018-10-08,22,1636,14.4,49,1.1,20000,3.8,0.0,0.0,0.0,осень,нет,да
2018-10-08,23,1196,13.5,55,0.5,20000,4.6,0.0,0.0,0.0,осень,нет,да
2018-10-09,0,0,12.6,54,0.2,20000,3.5,0.0,0.0,0.0,осень,да,нет
2018-10-09,1,0,12.0,58,0.7,20000,3.9,0.0,0.0,0.0,осень,да,нет
2018-10-09,2,0,11.4,65,1.1,20000,5.0,0.0,0.0,0.0,осень,да,нет
2018-10-09,3,0,11.0,66,0.9,20000,4.8,0.0,0.0,0.0,осень,да,нет
2018-10-09,4,0,11.0,63,0.8,20000,4.2,0.0,0.0,0.0,осень,да,нет
2018-10-09,5,0,10.8,64,0.8,20000,4.2,0.0,0.0,0.0,осень,да,нет
2018-10-09,6,0,10.8,69,0.8,20000,5.3,0.0,0.0,0.0,осень,да,нет
2018-10-09,7,0,10.9,70,0.7,20000,5.6,0.0,0.0,0.0,осень,да,нет
2018-10-09,8,0,11.4,66,0.8,19910,5.2,0.18,0.0,0.0,осень,да,нет
2018-10-09,9,0,12.8,57,1.2,18380,4.4,0.55,0.0,0.0,осень,да,нет
2018-10-09,10,0,14.8,51,1.0,19980,4.7,1.07,0.0,0.0,осень,да,нет
2018-10-09,11,0,16.4,45,0.7,20000,4.4,1.22,0.0,0.0,осень,да,нет
2018-10-09,12,0,18.3,40,0.6,19950,4.4,1.82,0.0,0.0,осень,да,нет
2018-10-09,13,0,19.2,39,1.0,20000,4.8,1.66,0.0,0.0,осень,да,нет
2018-10-09,14,0,18.8,39,1.6,20000,4.5,0.67,0.0,0.0,осень,да,нет
2018-10-09,15,0,18.3,40,1.2,20000,4.4,0.33,0.0,0.0,осень,да,нет
2018-10-09,16,0,19.0,39,1.4,20000,4.7,0.89,0.0,0.0,осень,да,нет
2018-10-09,17,0,18.4,39,2.1,20000,4.1,0.45,0.0,0.0,осень,да,нет
2018-10-09,18,0,17.7,43,1.5,20000,4.9,0.05,0.0,0.0,осень,да,нет
2018-10-09,19,0,17.3,47,2.2,20000,5.8,0.0,0.0,0.0,осень,да,нет
2018-10-09,20,0,17.0,49,1.4,20000,6.1,0.0,0.0,0.0,осень,да,нет
2018-10-09,21,0,16.8,52,1.6,20000,6.8,0.0,0.0,0.0,осень,да,нет
2018-10-09,22,0,16.7,55,1.9,20000,7.6,0.0,0.0,0.0,осень,да,нет
2018-10-09,23,0,16.6,53,1.1,20000,6.9,0.0,0.0,0.0,осень,да,нет
2018-10-10,0,643,16.6,53,0.9,20000,6.9,0.0,0.0,0.0,осень,нет,да
2018-10-10,1,144,16.6,57,1.5,20000,8.0,0.0,0.0,0.0,осень,нет,да
2018-10-10,2,55,14.4,91,0.4,4020,12.9,0.0,4.5,0.0,осень,нет,да
2018-10-10,3,90,14.3,95,1.0,9670,13.5,0.0,2.5,0.0,осень,нет,да
2018-10-10,4,82,14.3,92,2.0,7140,13.0,0.0,0.0,0.0,осень,нет,да
2018-10-10,5,152,13.6,89,2.7,9900,11.8,0.0,0.0,0.0,осень,нет,да
2018-10-10,6,441,12.6,86,1.9,14300,10.3,0.0,0.0,0.0,осень,нет,да
2018-10-10,7,1220,12.3,84,3.2,12200,9.6,0.0,0.0,0.0,осень,нет,да
2018-10-10,8,2082,11.8,80,3.7,15180,8.4,0.16,0.0,0.0,осень,нет,да
2018-10-10,9,1097,12.0,72,3.3,16500,7.0,0.68,0.0,0.0,осень,нет,да
2018-10-10,10,792,12.0,61,4.1,19810,4.6,0.86,0.0,0.0,осень,нет,да
2018-10-10,11,914,12.7,50,3.3,19990,2.5,1.61,0.0,0.0,осень,нет,да
2018-10-10,12,1006,13.7,43,3.4,19800,1.3,1.65,0.0,0.0,осень,нет,да
2018-10-10,13,1015,14.3,43,3.6,19950,1.8,1.86,0.0,0.0,осень,нет,да
2018-10-10,14,1041,14.0,43,2.8,20000,1.5,1.13,0.0,0.0,осень,нет,да
2018-10-10,15,1171,13.7,44,3.9,20000,1.6,0.83,0.0,0.0,осень,нет,да
2018-10-10,16,1363,13.8,43,3.7,20000,1.4,0.74,0.0,0.0,осень,нет,да
2018-10-10,17,1775,13.1,45,3.1,20000,1.4,0.62,0.0,0.0,осень,нет,да
2018-10-10,18,2514,12.2,45,3.1,20000,0.5,0.16,0.0,0.0,осень,нет,да
2018-10-10,19,1723,11.3,50,1.1,20000,1.2,0.0,0.0,0.0,осень,нет,да
2018-10-10,20,1489,10.6,48,2.0,20000,0.0,0.0,0.0,0.0,осень,нет,да
2018-10-10,21,1445,9.9,50,1.2,20000,0.0,0.0,0.0,0.0,осень,нет,да
2018-10-10,22,1255,9.2,55,0.9,20000,0.6,0.0,0.0,0.0,осень,нет,да
2018-10-10,23,901,8.5,52,0.6,20000,-0.8,0.0,0.0,0.0,осень,нет,да
2018-10-11,0,707,7.9,53,0.9,20000,-1.1,0.0,0.0,0.0,осень,нет,да
2018-10-11,1,541,7.3,59,0.1,20000,-0.1,0.0,0.0,0.0,осень,нет,да
2018-10-11,2,341,7.1,64,0.9,20000,0.7,0.0,0.0,0.0,осень,нет,да
2018-10-11,3,218,6.7,71,1.0,20000,1.8,0.0,0.0,0.0,осень,нет,да
2018-10-11,4,145,6.6,69,0.9,20000,1.3,0.0,0.0,0.0,осень,нет,да
2018-10-11,5,197,6.6,73,1.1,20000,2.0,0.0,0.0,0.0,осень,нет,да
2018-10-11,6,518,6.6,65,1.6,20000,0.4,0.0,0.0,0.0,осень,нет,да
2018-10-11,7,1233,6.3,65,1.0,20000,0.1,0.01,0.0,0.0,осень,нет,да
2018-10-11,8,2000,7.0,56,3.1,19710,-1.1,0.44,0.0,0.0,осень,нет,да
2018-10-11,9,1070,8.4,49,2.6,20000,-1.7,1.17,0.0,0.0,осень,нет,да
2018-10-11,10,792,10.2,44,2.3,19860,-1.5,1.8,0.0,0.0,осень,нет,да
2018-10-11,11,926,11.7,36,4.3,20000,-2.9,2.28,0.0,0.0,осень,нет,да
2018-10-11,12,967,13.2,31,3.8,20000,-3.5,2.58,0.0,0.0,осень,нет,да
2018-10-11,13,1000,13.5,32,5.0,19900,-2.9,2.56,0.0,0.0,осень,нет,да
2018-10-11,14,991,13.4,32,4.9,20000,-2.9,1.78,0.0,0.0,осень,нет,да
2018-10-11,15,1054,13.0,39,3.7,20000,-0.6,1.09,0.0,0.0,осень,нет,да
2018-10-11,16,1284,13.8,36,2.9,20000,-1.0,0.98,0.0,0.0,осень,нет,да
2018-10-11,17,1685,13.2,36,3.6,20000,-1.5,0.55,0.0,0.0,осень,нет,да
2018-10-11,18,2378,12.1,40,2.4,18540,-1.1,0.18,0.0,0.0,осень,нет,да
2018-10-11,19,1614,11.1,43,2.0,20000,-1.0,0.0,0.0,0.0,осень,нет,да
2018-10-11,20,1389,10.2,46,0.2,20000,-0.9,0.0,0.0,0.0,осень,нет,да
2018-10-11,21,1398,9.3,52,1.5,20000,0.0,0.0,0.0,0.0,осень,нет,да
2018-10-11,22,1221,8.8,55,1.6,20000,0.2,0.0,0.0,0.0,осень,нет,да
2018-10-11,23,857,8.4,60,1.5,20000,1.0,0.0,0.0,0.0,осень,нет,да
2018-10-12,0,706,8.2,61,1.3,20000,1.1,0.0,0.0,0.0,осень,нет,да
2018-10-12,1,531,7.6,63,1.2,20000,0.9,0.0,0.0,0.0,осень,нет,да
2018-10-12,2,409,7.1,61,0.6,20000,0.0,0.0,0.0,0.0,осень,нет,да
2018-10-12,3,225,6.5,69,0.3,19810,1.2,0.0,0.0,0.0,осень,нет,да
2018-10-12,4,168,6.2,71,1.1,20000,1.3,0.0,0.0,0.0,осень,нет,да
2018-10-12,5,183,6.0,72,1.3,20000,1.3,0.0,0.0,0.0,осень,нет,да
2018-10-12,6,412,5.8,67,1.1,20000,0.1,0.0,0.0,0.0,осень,нет,да
2018-10-12,7,1142,5.3,73,0.7,20000,0.8,0.01,0.0,0.0,осень,нет,да
2018-10-12,8,1996,6.0,64,1.1,19200,-0.3,0.42,0.0,0.0,осень,нет,да
2018-10-12,9,1106,8.6,50,0.8,17850,-1.2,1.13,0.0,0.0,осень,нет,да
2018-10-12,10,877,11.6,40,1.7,19910,-1.5,1.77,0.0,0.0,осень,нет,да
2018-10-12,11,959,13.0,38,2.7,20000,-1.0,2.3,0.0,0.0,осень,нет,да
2018-10-12,12,1073,14.7,38,1.0,18840,0.5,2.55,0.0,0.0,осень,нет,да
2018-10-12,13,1110,15.8,36,1.5,18880,0.7,2.59,0.0,0.0,осень,нет,да
2018-10-12,14,1187,16.5,32,1.4,18410,-0.2,2.43,0.0,0.0,осень,нет,да
2018-10-12,15,1322,17.1,33,2.1,19290,0.6,2.04,0.0,0.0,осень,нет,да
2018-10-12,16,1488,16.9,34,1.2,19420,0.9,1.47,0.0,0.0,осень,нет,да
2018-10-12,17,1902,16.3,39,1.7,19690,2.3,0.8,0.0,0.0,осень,нет,да
2018-10-12,18,2618,14.3,46,1.3,20000,2.8,0.16,0.0,0.0,осень,нет,да
2018-10-12,19,1804,12.9,50,1.4,20000,2.7,0.0,0.0,0.0,осень,нет,да
2018-10-12,20,1440,11.8,53,1.5,20000,2.5,0.0,0.0,0.0,осень,нет,да
2018-10-12,21,1292,11.0,60,1.1,19950,3.5,0.0,0.0,0.0,осень,нет,да
2018-10-12,22,1347,10.5,62,1.2,20000,3.5,0.0,0.0,0.0,осень,нет,да
2018-10-12,23,940,9.8,66,0.5,19790,3.7,0.0,0.0,0.0,осень,нет,да
2018-10-13,0,835,9.1,69,0.9,18850,3.7,0.0,0.0,0.0,осень,нет,да
2018-10-13,1,739,8.5,70,0.2,18560,3.3,0.0,0.0,0.0,осень,нет,да
2018-10-13,2,512,8.0,74,0.5,17860,3.6,0.0,0.0,0.0,осень,нет,да
2018-10-13,3,374,7.6,78,0.7,16140,4.0,0.0,0.0,0.0,осень,нет,да
2018-10-13,4,226,7.1,79,1.2,15670,3.6,0.0,0.0,0.0,осень,нет,да
2018-10-13,5,148,6.7,81,1.1,14670,3.6,0.0,0.0,0.0,осень,нет,да
2018-10-13,6,209,6.6,80,1.0,14240,3.3,0.0,0.0,0.0,осень,нет,да
2018-10-13,7,412,6.2,83,0.8,11000,3.5,0.01,0.0,0.0,осень,нет,да
2018-10-13,8,728,7.4,70,0.5,13730,2.2,0.36,0.0,0.0,осень,нет,да
2018-10-13,9,853,10.0,56,1.0,17610,1.6,1.03,0.0,0.0,осень,нет,да
2018-10-13,10,1037,12.6,50,1.4,17120,2.4,1.68,0.0,0.0,осень,нет,да
2018-10-13,11,1179,15.2,44,1.2,13010,3.0,2.16,0.0,0.0,осень,нет,да
2018-10-13,12,1402,16.6,36,0.7,14420,1.4,2.45,0.0,0.0,осень,нет,да
2018-10-13,13,1652,18.3,33,1.9,13240,1.7,2.53,0.0,0.0,осень,нет,да
2018-10-13,14,1712,19.3,27,1.3,13840,-0.1,2.38,0.0,0.0,осень,нет,да
2018-10-13,15,1846,19.8,29,2.0,12460,1.2,1.97,0.0,0.0,осень,нет,да
2018-10-13,16,1916,19.4,29,1.2,11540,0.8,1.37,0.0,0.0,осень,нет,да
2018-10-13,17,1995,18.7,33,1.1,11640,2.0,0.7,0.0,0.0,осень,нет,да
2018-10-13,18,1695,16.5,38,1.6,12460,2.1,0.14,0.0,0.0,осень,нет,да
2018-10-13,19,1381,14.8,47,1.3,11110,3.5,0.0,0.0,0.0,осень,нет,да
2018-10-13,20,1261,13.8,52,1.6,10880,4.0,0.0,0.0,0.0,осень,нет,да
2018-10-13,21,1312,12.6,56,1.1,10530,4.0,0.0,0.0,0.0,осень,нет,да
2018-10-13,22,1147,11.7,60,0.5,10020,4.1,0.0,0.0,0.0,осень,нет,да
2018-10-13,23,971,11.0,62,0.3,9460,3.9,0.0,0.0,0.0,осень,нет,да
2018-10-14,0,811,10.4,59,0.0,9710,2.7,0.0,0.0,0.0,осень,нет,да
2018-10-14,1,584,9.5,65,0.9,9900,3.2,0.0,0.0,0.0,осень,нет,да
2018-10-14,2,429,9.1,68,0.3,9210,3.4,0.0,0.0,0.0,осень,нет,да
2018-10-14,3,308,8.4,73,0.4,8200,3.8,0.0,0.0,0.0,осень,нет,да
2018-10-14,4,185,7.9,76,1.3,7710,3.9,0.0,0.0,0.0,осень,нет,да
2018-10-14,5,110,7.6,79,0.3,7650,4.1,0.0,0.0,0.0,осень,нет,да
2018-10-14,6,150,7.2,80,0.7,7290,3.9,0.0,0.0,0.0,осень,нет,да
2018-10-14,7,304,6.9,81,0.8,6650,3.8,0.01,0.0,0.0,осень,нет,да
2018-10-14,8,556,7.5,72,1.1,6970,2.7,0.34,0.0,0.0,осень,нет,да
2018-10-14,9,775,10.1,60,0.8,7260,2.6,1.02,0.0,0.0,осень,нет,да
2018-10-14,10,847,13.3,47,0.5,8180,2.2,1.67,0.0,0.0,осень,нет,да
2018-10-14,11,1056,16.2,41,1.0,8780,2.9,2.11,0.0,0.0,осень,нет,да
2018-10-14,12,1394,17.2,33,1.1,12580,0.7,2.28,0.0,0.0,осень,нет,да
2018-10-14,13,1593,18.1,32,1.5,16840,1.1,2.21,0.0,0.0,осень,нет,да
2018-10-14,14,1767,18.9,31,2.6,19360,1.3,2.37,0.0,0.0,осень,нет,да
2018-10-14,15,1948,20.1,32,2.4,18930,2.8,2.0,0.0,0.0,осень,нет,да
2018-10-14,16,2097,19.1,31,2.1,19600,1.5,1.27,0.0,0.0,осень,нет,да
2018-10-14,17,1990,18.2,43,2.3,19250,5.4,0.68,0.0,0.0,осень,нет,да
2018-10-14,18,1662,16.2,58,2.4,19910,7.9,0.12,0.0,0.0,осень,нет,да
2018-10-14,19,1377,15.1,60,2.9,19790,7.3,0.0,0.0,0.0,осень,нет,да
2018-10-14,20,1306,14.4,61,2.3,19450,6.9,0.0,0.0,0.0,осень,нет,да
2018-10-14,21,1261,13.8,66,2.4,18970,7.5,0.0,0.0,0.0,осень,нет,да
2018-10-14,22,1029,13.5,71,1.7,17110,8.3,0.0,0.0,0.0,осень,нет,да
2018-10-14,23,810,13.2,73,1.2,16390,8.4,0.0,0.0,0.0,осень,нет,да
2018-10-15,0,638,12.6,78,1.3,14270,8.8,0.0,0.0,0.0,осень,нет,да
2018-10-15,1,393,12.2,80,1.4,12830,8.8,0.0,0.0,0.0,осень,нет,да
2018-10-15,2,272,11.8,82,0.7,12620,8.8,0.0,0.0,0.0,осень,нет,да
2018-10-15,3,171,11.3,85,0.0,9070,8.8,0.0,0.0,0.0,осень,нет,да
2018-10-15,4,152,11.0,82,0.1,9510,8.0,0.0,0.0,0.0,осень,нет,да
2018-10-15,5,209,11.1,79,0.3,11400,7.5,0.0,0.0,0.0,осень,нет,да
2018-10-15,6,504,11.2,81,0.2,10710,8.0,0.0,0.0,0.0,осень,нет,да
2018-10-15,7,1271,11.5,81,0.8,9600,8.3,0.0,0.0,0.0,осень,нет,да
2018-10-15,8,2070,12.0,77,0.4,8910,8.0,0.12,0.0,0.0,осень,нет,да
2018-10-15,9,1119,12.8,74,0.5,8310,8.2,0.31,0.0,0.0,осень,нет,да
2018-10-15,10,837,14.1,66,0.6,8270,7.8,0.58,0.0,0.0,осень,нет,да
2018-10-15,11,910,16.7,65,1.5,6750,10.0,1.42,0.0,0.0,осень,нет,да
2018-10-15,12,1052,19.0,60,1.8,5130,11.0,2.11,0.0,0.0,осень,нет,да
2018-10-15,13,1058,19.7,52,2.1,5120,9.5,1.83,0.0,0.0,осень,нет,да
2018-10-15,14,1121,20.0,48,2.1,5860,8.6,1.72,0.0,0.0,осень,нет,да
2018-10-15,15,1183,20.4,43,1.7,6900,7.3,1.43,0.0,0.0,осень,нет,да
2018-10-15,16,1413,20.3,44,2.2,7930,7.6,1.09,0.0,0.0,осень,нет,да
2018-10-15,17,1773,19.3,49,2.8,9660,8.3,0.55,0.0,0.0,осень,нет,да
2018-10-15,18,2635,18.0,66,2.3,5540,11.5,0.1,0.0,0.0,осень,нет,да
2018-10-15,19,1911,16.9,74,1.8,3660,12.2,0.0,0.0,0.0,осень,нет,да
2018-10-15,20,1659,15.9,81,2.8,2500,12.6,0.0,0.0,0.0,осень,нет,да
2018-10-15,21,1556,15.5,86,1.3,1780,13.1,0.0,0.0,0.0,осень,нет,да
2018-10-15,22,1377,14.8,83,1.5,2270,11.9,0.0,0.0,0.0,осень,нет,да
2018-10-15,23,914,14.1,74,1.5,4860,9.5,0.0,0.0,0.0,осень,нет,да
2018-10-16,0,726,13.3,64,1.7,8600,6.6,0.0,0.0,0.0,осень,нет,да
2018-10-16,1,568,12.4,65,1.1,10990,5.9,0.0,0.0,0.0,осень,нет,да
2018-10-16,2,427,11.7,70,1.0,10120,6.4,0.0,0.0,0.0,осень,нет,да
2018-10-16,3,253,11.5,61,1.4,13990,4.2,0.0,0.0,0.0,осень,нет,да
2018-10-16,4,145,11.0,69,0.6,15100,5.5,0.0,0.0,0.0,осень,нет,да
2018-10-16,5,202,10.2,70,1.5,15190,4.9,0.0,0.0,0.0,осень,нет,да
2018-10-16,6,491,10.1,71,0.2,14740,5.0,0.0,0.0,0.0,осень,нет,да
2018-10-16,7,1216,10.2,68,0.4,14930,4.5,0.0,0.0,0.0,осень,нет,да
2018-10-16,8,2134,10.4,63,0.6,13670,3.6,0.19,0.0,0.0,осень,нет,да
2018-10-16,9,1177,11.8,55,0.7,11820,3.0,0.55,0.0,0.0,осень,нет,да
2018-10-16,10,854,14.4,45,0.6,12060,2.6,1.28,0.0,0.0,осень,нет,да
2018-10-16,11,914,16.5,39,0.7,13510,2.4,1.68,0.0,0.0,осень,нет,да
2018-10-16,12,1063,18.8,35,1.2,10570,2.9,2.06,0.0,0.0,осень,нет,да
2018-10-16,13,1108,19.4,31,2.0,18620,1.8,2.02,0.0,0.0,осень,нет,да
2018-10-16,14,1113,19.9,29,1.9,18330,1.3,2.09,0.0,0.0,осень,нет,да
2018-10-16,15,1203,19.9,31,2.0,16130,2.2,1.57,0.0,0.0,осень,нет,да
2018-10-16,16,1407,19.5,32,2.1,14360,2.3,1.1,0.0,0.0,осень,нет,да
2018-10-16,17,1811,18.4,38,1.8,15650,3.8,0.5,0.0,0.0,осень,нет,да
2018-10-16,18,2716,16.9,47,1.4,16370,5.5,0.11,0.0,0.0,осень,нет,да
2018-10-16,19,1867,15.5,63,1.7,17740,8.4,0.0,0.0,0.0,осень,нет,да
2018-10-16,20,1568,14.8,68,2.0,15020,8.9,0.0,0.0,0.0,осень,нет,да
2018-10-16,21,1618,14.3,72,1.0,13740,9.3,0.0,0.0,0.0,осень,нет,да
2018-10-16,22,1425,13.6,71,0.6,14570,8.4,0.0,0.0,0.0,осень,нет,да
2018-10-16,23,950,12.9,78,0.6,12010,9.1,0.0,0.0,0.0,осень,нет,да
2018-10-17,0,739,12.3,75,1.2,13320,7.9,0.0,0.0,0.0,осень,нет,да
2018-10-17,1,600,11.5,74,1.2,13050,7.0,0.0,0.0,0.0,осень,нет,да
2018-10-17,2,381,10.8,77,0.3,12680,6.9,0.0,0.0,0.0,осень,нет,да
2018-10-17,3,239,10.2,80,0.3,11910,6.8,0.0,0.0,0.0,осень,нет,да
2018-10-17,4,157,9.7,76,0.0,13080,5.6,0.0,0.0,0.0,осень,нет,да
2018-10-17,5,210,9.2,77,0.0,12780,5.3,0.0,0.0,0.0,осень,нет,да
2018-10-17,6,503,8.8,77,0.2,10770,4.9,0.0,0.0,0.0,осень,нет,да
2018-10-17,7,1213,8.6,77,0.7,9650,4.7,0.0,0.0,0.0,осень,нет,да
2018-10-17,8,2202,9.2,68,0.2,9520,3.5,0.28,0.0,0.0,осень,нет,да
2018-10-17,9,1200,11.2,63,1.1,6560,4.4,0.88,0.0,0.0,осень,нет,да
2018-10-17,10,842,14.0,58,1.6,8410,5.8,1.53,0.0,0.0,осень,нет,да
2018-10-17,11,961,15.5,25,2.5,17270,-4.4,2.1,0.0,0.0,осень,нет,да
2018-10-17,12,1088,16.2,29,2.5,19350,-1.8,2.45,0.0,0.0,осень,нет,да
2018-10-17,13,1115,17.7,25,2.1,19170,-2.6,2.48,0.0,0.0,осень,нет,да
2018-10-17,14,1083,18.3,24,1.7,19830,-2.6,2.4,0.0,0.0,осень,нет,да
2018-10-17,15,1175,18.3,21,2.7,20000,-4.4,2.02,0.0,0.0,осень,нет,да
2018-10-17,16,1409,18.0,26,2.1,20000,-1.8,1.45,0.0,0.0,осень,нет,да
2018-10-17,17,1896,16.9,34,2.5,20000,0.9,0.74,0.0,0.0,осень,нет,да
2018-10-17,18,2445,14.6,39,2.3,20000,0.7,0.11,0.0,0.0,осень,нет,да
2018-10-17,19,1819,13.2,42,1.3,20000,0.5,0.0,0.0,0.0,осень,нет,да
2018-10-17,20,1558,12.2,47,1.1,20000,1.2,0.0,0.0,0.0,осень,нет,да
2018-10-17,21,1493,10.8,53,0.9,20000,1.5,0.0,0.0,0.0,осень,нет,да
2018-10-17,22,1278,9.9,50,0.1,20000,0.0,0.0,0.0,0.0,осень,нет,да
2018-10-17,23,896,9.7,56,0.7,20000,1.3,0.0,0.0,0.0,осень,нет,да
2018-10-18,0,694,9.2,64,0.7,20000,2.7,0.0,0.0,0.0,осень,нет,да
2018-10-18,1,579,9.0,66,0.7,20000,2.9,0.0,0.0,0.0,осень,нет,да
2018-10-18,2,385,8.7,71,0.8,20000,3.7,0.0,0.0,0.0,осень,нет,да
2018-10-18,3,244,8.6,74,0.6,19850,4.2,0.0,0.0,0.0,осень,нет,да
2018-10-18,4,165,8.1,78,0.6,20000,4.4,0.0,0.0,0.0,осень,нет,да
2018-10-18,5,185,7.8,81,1.1,20000,4.7,0.0,0.0,0.0,осень,нет,да
2018-10-18,6,458,7.6,82,0.3,19330,4.7,0.0,0.0,0.0,осень,нет,да
2018-10-18,7,1191,7.7,81,0.4,19920,4.6,0.0,0.0,0.0,осень,нет,да
2018-10-18,8,2154,8.5,77,0.5,19950,4.6,0.21,0.0,0.0,осень,нет,да
2018-10-18,9,1165,10.9,60,0.9,19970,3.4,0.93,0.0,0.0,осень,нет,да
2018-10-18,10,864,13.7,57,1.2,20000,5.3,1.33,0.0,0.0,осень,нет,да
2018-10-18,11,917,15.0,52,1.4,20000,5.2,1.5,0.0,0.0,осень,нет,да
2018-10-18,12,1132,16.8,50,1.6,20000,6.3,1.94,0.0,0.0,осень,нет,да
2018-10-18,13,1152,18.1,43,2.2,20000,5.3,2.3,0.0,0.0,осень,нет,да
2018-10-18,14,1122,18.7,39,1.3,20000,4.4,1.66,0.0,0.0,осень,нет,да
2018-10-18,15,1203,19.0,38,1.9,20000,4.3,1.72,0.0,0.0,осень,нет,да
2018-10-18,16,1473,18.5,40,1.8,20000,4.6,1.28,0.0,0.0,осень,нет,да
2018-10-18,17,1804,16.9,44,1.6,20000,4.5,0.44,0.0,0.0,осень,нет,да
2018-10-18,18,2499,15.7,45,2.5,20000,3.7,0.06,0.0,0.0,осень,нет,да
2018-10-18,19,1878,14.9,49,2.1,20000,4.2,0.0,0.0,0.0,осень,нет,да
2018-10-18,20,1528,13.8,56,1.9,20000,5.1,0.0,0.0,0.0,осень,нет,да
2018-10-18,21,1466,12.6,60,0.5,20000,5.0,0.0,0.0,0.0,осень,нет,да
2018-10-18,22,1302,11.6,61,0.2,20000,4.3,0.0,0.0,0.0,осень,нет,да
2018-10-18,23,944,10.9,64,0.2,20000,4.3,0.0,0.0,0.0,осень,нет,да
2018-10-19,0,783,10.3,67,1.5,20000,4.4,0.0,0.0,0.0,осень,нет,да
2018-10-19,1,653,9.8,68,1.7,20000,4.1,0.0,0.0,0.0,осень,нет,да
2018-10-19,2,433,9.2,72,1.5,20000,4.4,0.0,0.0,0.0,осень,нет,да
2018-10-19,3,262,8.5,74,1.3,20000,4.1,0.0,0.0,0.0,осень,нет,да
2018-10-19,4,184,8.1,76,0.3,20000,4.1,0.0,0.0,0.0,осень,нет,да
2018-10-19,5,162,7.7,73,0.0,20000,3.1,0.0,0.0,0.0,осень,нет,да
2018-10-19,6,491,7.2,77,0.5,20000,3.4,0.0,0.0,0.0,осень,нет,да
2018-10-19,7,1188,7.3,72,0.4,20000,2.5,0.0,0.0,0.0,осень,нет,да
2018-10-19,8,2113,7.9,63,0.6,20000,1.2,0.3,0.0,0.0,осень,нет,да
2018-10-19,9,1191,11.1,53,1.0,20000,1.8,1.05,0.0,0.0,осень,нет,да
2018-10-19,10,850,13.8,44,1.5,19530,1.7,1.66,0.0,0.0,осень,нет,да
2018-10-19,11,981,16.4,35,1.1,20000,0.8,2.13,0.0,0.0,осень,нет,да
2018-10-19,12,1161,17.4,33,1.1,20000,0.9,2.39,0.0,0.0,осень,нет,да
2018-10-19,13,1190,18.9,33,1.8,20000,2.2,2.43,0.0,0.0,осень,нет,да
2018-10-19,14,1221,19.8,32,2.3,19780,2.6,2.25,0.0,0.0,осень,нет,да
2018-10-19,15,1390,19.7,30,3.0,19710,1.6,1.89,0.0,0.0,осень,нет,да
2018-10-19,16,1527,19.3,29,2.8,20000,0.7,1.34,0.0,0.0,осень,нет,да
2018-10-19,17,1939,18.5,35,2.2,20000,2.7,0.68,0.0,0.0,осень,нет,да
2018-10-19,18,2631,16.6,40,2.4,20000,2.9,0.11,0.0,0.0,осень,нет,да
2018-10-19,19,1769,15.3,53,2.4,20000,5.7,0.0,0.0,0.0,осень,нет,да
2018-10-19,20,1512,14.2,56,1.8,20000,5.5,0.0,0.0,0.0,осень,нет,да
2018-10-19,21,1457,13.3,56,1.1,20000,4.6,0.0,0.0,0.0,осень,нет,да
2018-10-19,22,1331,12.3,65,1.7,20000,5.8,0.0,0.0,0.0,осень,нет,да
2018-10-19,23,1018,11.7,70,1.7,20000,6.4,0.0,0.0,0.0,осень,нет,да
2018-10-20,0,891,11.3,71,1.2,19970,6.2,0.0,0.0,0.0,осень,нет,да
2018-10-20,1,774,10.9,72,0.0,19660,6.0,0.0,0.0,0.0,осень,нет,да
2018-10-20,2,522,10.1,78,0.1,18870,6.4,0.0,0.0,0.0,осень,нет,да
2018-10-20,3,386,9.5,77,0.4,16110,5.6,0.0,0.0,0.0,осень,нет,да
2018-10-20,4,246,8.9,75,0.4,18770,4.7,0.0,0.0,0.0,осень,нет,да
2018-10-20,5,154,8.1,76,0.6,13090,4.1,0.0,0.0,0.0,осень,нет,да
2018-10-20,6,219,7.5,79,0.6,10250,4.0,0.0,0.0,0.0,осень,нет,да
2018-10-20,7,427,7.0,82,0.5,8670,4.1,0.0,0.0,0.0,осень,нет,да
2018-10-20,8,784,7.8,70,1.4,10340,2.6,0.29,0.0,0.0,осень,нет,да
2018-10-20,9,921,10.4,60,1.3,13260,2.9,0.99,0.0,0.0,осень,нет,да
2018-10-20,10,997,13.0,49,0.5,16850,2.5,1.61,0.0,0.0,осень,нет,да
2018-10-20,11,1175,16.2,39,1.6,15800,2.2,2.05,0.0,0.0,осень,нет,да
2018-10-20,12,1407,17.7,33,2.2,15560,1.2,2.37,0.0,0.0,осень,нет,да
2018-10-20,13,1585,19.4,26,1.1,19420,-0.6,2.45,0.0,0.0,осень,нет,да
2018-10-20,14,1649,20.0,22,1.6,19500,-2.3,2.29,0.0,0.0,осень,нет,да
2018-10-20,15,1760,21.3,24,1.5,18320,-0.1,1.91,0.0,0.0,осень,нет,да
2018-10-20,16,1813,20.9,20,2.0,19760,-2.9,1.35,0.0,0.0,осень,нет,да
2018-10-20,17,1949,19.2,23,1.5,20000,-2.4,0.62,0.0,0.0,осень,нет,да
2018-10-20,18,1707,16.6,41,2.4,18110,3.2,0.04,0.0,0.0,осень,нет,да
2018-10-20,19,1407,14.6,48,1.9,19980,3.6,0.0,0.0,0.0,осень,нет,да
2018-10-20,20,1270,13.7,51,1.0,19540,3.7,0.0,0.0,0.0,осень,нет,да
2018-10-20,21,1249,13.3,55,2.0,15540,4.4,0.0,0.0,0.0,осень,нет,да
2018-10-20,22,1141,12.7,58,0.0,14800,4.6,0.0,0.0,0.0,осень,нет,да
2018-10-20,23,922,11.7,58,0.0,15670,3.6,0.0,0.0,0.0,осень,нет,да
2018-10-21,0,848,11.2,62,0.0,16130,4.1,0.0,0.0,0.0,осень,нет,да
2018-10-21,1,622,10.6,60,0.5,16420,3.1,0.0,0.0,0.0,осень,нет,да
2018-10-21,2,428,9.8,63,0.6,15910,3.0,0.0,0.0,0.0,осень,нет,да
2018-10-21,3,342,9.2,68,0.4,15380,3.5,0.0,0.0,0.0,осень,нет,да
2018-10-21,4,206,8.8,71,0.9,15160,3.8,0.0,0.0,0.0,осень,нет,да
2018-10-21,5,146,8.2,73,1.3,13050,3.6,0.0,0.0,0.0,осень,нет,да
2018-10-21,6,172,7.6,75,0.6,11810,3.4,0.0,0.0,0.0,осень,нет,да
2018-10-21,7,315,7.2,76,0.5,11130,3.2,0.0,0.0,0.0,осень,нет,да
2018-10-21,8,534,7.9,67,1.1,12100,2.1,0.28,0.0,0.0,осень,нет,да
2018-10-21,9,679,10.5,56,1.2,17410,2.0,0.98,0.0,0.0,осень,нет,да
2018-10-21,10,936,13.4,46,0.8,17180,1.9,1.61,0.0,0.0,осень,нет,да
2018-10-21,11,1055,16.8,38,1.5,13260,2.3,2.07,0.0,0.0,осень,нет,да
2018-10-21,12,1417,18.4,28,1.9,16900,-0.4,2.33,0.0,0.0,осень,нет,да
2018-10-21,13,1519,19.3,24,1.5,17450,-1.8,2.4,0.0,0.0,осень,нет,да
2018-10-21,14,1642,20.1,23,2.3,18960,-1.7,2.23,0.0,0.0,осень,нет,да
2018-10-21,15,1891,20.9,23,1.5,18920,-1.0,1.87,0.0,0.0,осень,нет,да
2018-10-21,16,1976,20.2,24,2.5,18810,-1.0,1.31,0.0,0.0,осень,нет,да
2018-10-21,17,1883,18.8,24,2.1,20000,-2.2,0.63,0.0,0.0,осень,нет,да
2018-10-21,18,1618,16.2,41,1.4,19070,2.9,0.06,0.0,0.0,осень,нет,да
2018-10-21,19,1464,14.9,46,1.4,14550,3.3,0.0,0.0,0.0,осень,нет,да
2018-10-21,20,1306,13.8,52,1.6,13410,4.0,0.0,0.0,0.0,осень,нет,да
2018-10-21,21,1158,13.0,49,1.0,17020,2.5,0.0,0.0,0.0,осень,нет,да
2018-10-21,22,1025,12.2,57,0.0,15440,3.9,0.0,0.0,0.0,осень,нет,да
2018-10-21,23,724,11.8,56,0.0,16550,3.2,0.0,0.0,0.0,осень,нет,да
2018-10-22,0,623,11.4,56,0.2,17780,2.9,0.0,0.0,0.0,осень,нет,да
2018-10-22,1,372,10.7,57,0.9,18280,2.5,0.0,0.0,0.0,осень,нет,да
2018-10-22,2,253,10.5,57,0.2,18370,2.3,0.0,0.0,0.0,осень,нет,да
2018-10-22,3,175,10.2,60,1.0,17960,2.7,0.0,0.0,0.0,осень,нет,да
2018-10-22,4,110,10.0,62,0.6,17590,3.0,0.0,0.0,0.0,осень,нет,да
2018-10-22,5,202,9.4,65,0.8,16590,3.1,0.0,0.0,0.0,осень,нет,да
2018-10-22,6,513,9.2,65,0.8,16890,2.9,0.0,0.0,0.0,осень,нет,да
2018-10-22,7,1244,8.9,67,0.8,15570,3.0,0.0,0.0,0.0,осень,нет,да
2018-10-22,8,2111,9.7,58,0.6,15590,1.8,0.22,0.0,0.0,осень,нет,да
2018-10-22,9,1104,11.9,50,1.1,15290,1.7,0.75,0.0,0.0,осень,нет,да
2018-10-22,10,817,14.6,43,0.7,13390,2.1,1.35,0.0,0.0,осень,нет,да
2018-10-22,11,941,16.7,37,0.7,10740,1.9,1.74,0.0,0.0,осень,нет,да
2018-10-22,12,1034,18.2,34,1.0,7580,2.0,2.03,0.0,0.0,осень,нет,да
2018-10-22,13,1064,19.4,35,1.2,6780,3.5,1.73,0.0,0.0,осень,нет,да
2018-10-22,14,1122,20.6,30,2.2,8390,2.3,1.69,0.0,0.0,осень,нет,да
2018-10-22,15,1167,20.2,31,1.6,8550,2.5,1.25,0.0,0.0,осень,нет,да
2018-10-22,16,1464,19.7,34,1.6,6880,3.3,0.88,0.0,0.0,осень,нет,да
2018-10-22,17,1904,18.9,35,1.7,7200,3.0,0.41,0.0,0.0,осень,нет,да
2018-10-22,18,2613,17.3,43,0.9,7830,4.5,0.08,0.0,0.0,осень,нет,да
2018-10-22,19,1860,15.6,44,1.5,8280,3.3,0.0,0.0,0.0,осень,нет,да
2018-10-22,20,1593,14.5,51,1.4,7510,4.4,0.0,0.0,0.0,осень,нет,да
2018-10-22,21,1513,13.4,56,0.7,7580,4.7,0.0,0.0,0.0,осень,нет,да
2018-10-22,22,1360,12.7,60,0.0,6800,5.1,0.0,0.0,0.0,осень,нет,да
2018-10-22,23,916,12.0,59,0.4,6850,4.2,0.0,0.0,0.0,осень,нет,да
2018-10-23,0,726,11.6,61,0.7,6730,4.3,0.0,0.0,0.0,осень,нет,да
2018-10-23,1,547,11.1,62,0.2,6660,4.0,0.0,0.0,0.0,осень,нет,да
2018-10-23,2,356,10.6,68,0.9,6030,4.9,0.0,0.0,0.0,осень,нет,да
2018-10-23,3,243,10.1,70,1.1,6060,4.8,0.0,0.0,0.0,осень,нет,да
2018-10-23,4,170,10.0,73,0.9,6220,5.3,0.0,0.0,0.0,осень,нет,да
2018-10-23,5,193,10.0,73,0.5,5930,5.3,0.0,0.0,0.0,осень,нет,да
2018-10-23,6,456,9.9,75,1.0,5600,5.6,0.0,0.0,0.0,осень,нет,да
2018-10-23,7,839,10.4,71,0.6,5570,5.3,0.0,0.0,0.0,осень,нет,да
2018-10-23,8,1423,11.0,78,0.8,4120,7.3,0.03,0.0,0.0,осень,нет,да
2018-10-23,9,1026,11.7,77,0.8,3940,7.7,0.25,0.0,0.0,осень,нет,да
2018-10-23,10,735,13.8,65,1.1,4750,7.3,1.06,0.0,0.0,осень,нет,да
2018-10-23,11,81,13.0,70,5.0,9890,7.6,0.5,0.0,0.0,осень,нет,да
2018-10-23,12,363,11.5,90,1.2,9730,9.9,0.06,5.0,0.0,осень,нет,да
2018-10-23,13,652,13.5,82,0.8,9620,10.4,1.33,0.0,0.0,осень,нет,да
2018-10-23,14,837,15.1,71,0.9,9730,9.8,1.62,0.0,0.0,осень,нет,да
2018-10-23,15,1010,16.6,68,1.5,9550,10.6,1.55,0.0,0.0,осень,нет,да
2018-10-23,16,1294,16.1,70,1.3,8980,10.6,0.83,0.0,0.0,осень,нет,да
2018-10-23,17,1604,15.7,63,3.2,11180,8.6,0.39,0.0,0.0,осень,нет,да
2018-10-23,18,2415,14.5,71,2.1,12350,9.2,0.06,0.0,0.0,осень,нет,да
2018-10-23,19,1685,14.0,70,1.6,12650,8.6,0.0,0.0,0.0,осень,нет,да
2018-10-23,20,1433,13.6,70,1.4,13920,8.2,0.0,0.0,0.0,осень,нет,да
2018-10-23,21,1380,12.6,70,1.2,14250,7.2,0.0,0.0,0.0,осень,нет,да
2018-10-23,22,1257,12.3,73,0.9,13920,7.5,0.0,0.0,0.0,осень,нет,да
2018-10-23,23,876,11.2,78,0.5,8020,7.4,0.0,0.0,0.0,осень,нет,да
2018-10-24,0,708,10.8,80,1.0,11510,7.4,0.0,0.0,0.0,осень,нет,да
2018-10-24,1,573,10.2,84,1.2,10360,7.6,0.0,0.0,0.0,осень,нет,да
2018-10-24,2,371,9.5,87,1.0,9190,7.4,0.0,0.0,0.0,осень,нет,да
2018-10-24,3,249,9.4,85,1.6,9830,6.9,0.0,0.0,0.0,осень,нет,да
2018-10-24,4,162,9.0,87,0.6,9720,6.9,0.0,0.0,0.0,осень,нет,да
2018-10-24,5,164,8.5,87,1.2,10460,6.4,0.0,0.0,0.0,осень,нет,да
2018-10-24,6,453,8.1,88,0.9,8310,6.2,0.0,0.0,0.0,осень,нет,да
2018-10-24,7,1165,7.8,90,0.6,7630,6.2,0.0,0.0,0.0,осень,нет,да
2018-10-24,8,2108,8.1,85,1.2,7720,5.7,0.26,0.0,0.0,осень,нет,да
2018-10-24,9,1151,10.1,72,1.1,7280,5.2,0.9,0.0,0.0,осень,нет,да
2018-10-24,10,811,13.0,63,0.9,8540,6.1,1.5,0.0,0.0,осень,нет,да
2018-10-24,11,940,15.7,53,1.0,11720,6.1,1.99,0.0,0.0,осень,нет,да
2018-10-24,12,1126,16.8,48,1.6,16730,5.7,2.1,0.0,0.0,осень,нет,да
2018-10-24,13,1106,17.2,43,2.3,18350,4.4,1.68,0.0,0.0,осень,нет,да
2018-10-24,14,1150,17.6,39,2.5,19640,3.4,1.63,0.0,0.0,осень,нет,да
2018-10-24,15,1161,18.0,40,3.0,18080,4.1,1.71,0.0,0.0,осень,нет,да
2018-10-24,16,1492,18.2,42,1.3,19760,5.0,1.22,0.0,0.0,осень,нет,да
2018-10-24,17,1904,17.0,47,2.2,19890,5.5,0.59,0.0,0.0,осень,нет,да
2018-10-24,18,2612,15.1,53,1.7,20000,5.5,0.06,0.0,0.0,осень,нет,да
2018-10-24,19,1827,13.9,61,1.9,20000,6.4,0.0,0.0,0.0,осень,нет,да
2018-10-24,20,1556,13.1,63,0.4,20000,6.2,0.0,0.0,0.0,осень,нет,да
2018-10-24,21,1464,12.1,67,1.0,19770,6.1,0.0,0.0,0.0,осень,нет,да
2018-10-24,22,1281,11.6,71,0.2,18580,6.5,0.0,0.0,0.0,осень,нет,да
2018-10-24,23,884,11.0,74,0.1,18170,6.5,0.0,0.0,0.0,осень,нет,да
2018-10-25,0,729,10.5,75,0.3,18000,6.2,0.0,0.0,0.0,осень,нет,да
2018-10-25,1,572,10.0,78,0.4,16690,6.3,0.0,0.0,0.0,осень,нет,да
2018-10-25,2,421,9.1,79,0.5,16250,5.6,0.0,0.0,0.0,осень,нет,да
2018-10-25,3,266,9.1,79,0.2,16890,5.6,0.0,0.0,0.0,осень,нет,да
2018-10-25,4,161,8.5,83,1.2,15770,5.7,0.0,0.0,0.0,осень,нет,да
2018-10-25,5,193,7.8,85,0.9,15420,5.4,0.0,0.0,0.0,осень,нет,да
2018-10-25,6,450,7.5,86,1.3,13010,5.3,0.0,0.0,0.0,осень,нет,да
2018-10-25,7,1251,7.3,85,1.4,10390,4.9,0.0,0.0,0.0,осень,нет,да
2018-10-25,8,2070,7.9,76,1.2,12900,3.9,0.25,0.0,0.0,осень,нет,да
2018-10-25,9,1168,10.3,64,1.0,15440,3.7,0.91,0.0,0.0,осень,нет,да
2018-10-25,10,779,13.4,53,1.1,17680,4.0,1.53,0.0,0.0,осень,нет,да
2018-10-25,11,956,16.4,43,0.7,17130,3.7,1.96,0.0,0.0,осень,нет,да
2018-10-25,12,1188,18.2,37,1.4,18610,3.2,2.25,0.0,0.0,осень,нет,да
2018-10-25,13,1154,19.4,32,1.1,17870,2.2,2.31,0.0,0.0,осень,нет,да
2018-10-25,14,1192,20.6,31,1.4,15620,2.8,1.7,0.0,0.0,осень,нет,да
2018-10-25,15,1275,20.6,32,1.4,16510,3.3,1.4,0.0,0.0,осень,нет,да
2018-10-25,16,1528,20.4,32,0.9,17200,3.1,0.84,0.0,0.0,осень,нет,да
2018-10-25,17,1961,19.2,36,0.7,16430,3.7,0.38,0.0,0.0,осень,нет,да
2018-10-25,18,2632,17.3,39,1.3,16410,3.1,0.03,0.0,0.0,осень,нет,да
2018-10-25,19,1968,16.4,47,1.0,16940,5.0,0.0,0.0,0.0,осень,нет,да
2018-10-25,20,1596,15.3,50,0.5,16470,4.9,0.0,0.0,0.0,осень,нет,да
2018-10-25,21,1513,14.5,50,0.7,17410,4.1,0.0,0.0,0.0,осень,нет,да
2018-10-25,22,1316,13.6,56,1.0,16110,4.9,0.0,0.0,0.0,осень,нет,да
2018-10-25,23,919,12.5,59,0.8,16020,4.6,0.0,0.0,0.0,осень,нет,да
2018-10-26,0,753,12.5,57,0.9,18770,4.1,0.0,0.0,0.0,осень,нет,да
2018-10-26,1,629,12.7,56,1.2,19520,4.1,0.0,0.0,0.0,осень,нет,да
2018-10-26,2,434,12.8,59,0.9,18040,4.9,0.0,0.0,0.0,осень,нет,да
2018-10-26,3,327,12.8,57,0.5,17150,4.4,0.0,0.0,0.0,осень,нет,да
2018-10-26,4,185,12.6,60,0.6,16480,5.0,0.0,0.0,0.0,осень,нет,да
2018-10-26,5,178,12.4,60,0.8,15630,4.8,0.0,0.0,0.0,осень,нет,да
2018-10-26,6,376,12.6,64,1.3,13480,5.9,0.0,0.0,0.0,осень,нет,да
2018-10-26,7,556,12.6,63,0.8,12650,5.7,0.0,0.0,0.0,осень,нет,да
2018-10-26,8,556,12.1,81,0.8,7060,8.9,0.0,0.5,0.0,осень,нет,да
2018-10-26,9,144,12.0,86,0.8,4050,9.7,0.07,0.5,0.0,осень,нет,да
2018-10-26,10,191,12.9,84,1.0,5340,10.2,0.27,0.0,0.0,осень,нет,да
2018-10-26,11,54,12.4,87,1.0,3170,10.2,0.24,1.0,0.0,осень,нет,да
2018-10-26,12,29,12.4,90,1.1,2970,10.7,0.19,1.0,0.0,осень,нет,да
2018-10-26,13,18,12.6,87,2.3,5390,10.4,0.13,1.5,0.0,осень,нет,да
2018-10-26,14,147,12.7,95,1.9,2550,11.9,0.09,5.5,0.0,осень,нет,да
2018-10-26,15,576,14.0,87,1.2,14820,11.8,0.68,1.0,0.0,осень,нет,да
2018-10-26,16,900,14.5,81,1.8,15880,11.2,0.78,0.0,0.0,осень,нет,да
2018-10-26,17,1386,14.3,77,2.9,19660,10.3,0.5,0.0,0.0,осень,нет,да
2018-10-26,18,1882,13.1,74,1.6,19890,8.5,0.05,0.0,0.0,осень,нет,да
2018-10-26,19,1228,12.9,66,2.5,19970,6.6,0.0,0.0,0.0,осень,нет,да
2018-10-26,20,1003,12.2,67,5.4,19560,6.2,0.0,0.0,0.0,осень,нет,да
2018-10-26,21,542,10.6,70,2.4,20000,5.3,0.0,0.0,0.0,осень,нет,да
2018-10-26,22,680,10.5,72,2.4,20000,5.6,0.0,0.0,0.0,осень,нет,да
2018-10-26,23,603,10.2,64,3.9,20000,3.6,0.0,0.0,0.0,осень,нет,да
2018-10-27,0,640,9.9,65,3.2,20000,3.6,0.0,0.0,0.0,осень,нет,да
2018-10-27,1,585,9.9,62,3.5,20000,2.9,0.0,0.0,0.0,осень,нет,да
2018-10-27,2,478,9.5,58,3.0,20000,1.6,0.0,0.0,0.0,осень,нет,да
2018-10-27,3,346,9.1,60,2.8,20000,1.7,0.0,0.0,0.0,осень,нет,да
2018-10-27,4,233,8.8,61,2.8,20000,1.6,0.0,0.0,0.0,осень,нет,да
2018-10-27,5,146,8.0,65,1.6,20000,1.8,0.0,0.0,0.0,осень,нет,да
2018-10-27,6,197,7.4,66,2.3,20000,1.4,0.0,0.0,0.0,осень,нет,да
2018-10-27,7,388,7.3,65,3.2,20000,1.1,0.0,0.0,0.0,осень,нет,да
2018-10-27,8,713,7.7,62,2.4,19850,0.8,0.23,0.0,0.0,осень,нет,да
2018-10-27,9,785,8.3,55,4.0,18530,-0.2,0.89,0.0,0.0,осень,нет,да
2018-10-27,10,898,9.5,46,3.7,18710,-1.5,1.49,0.0,0.0,осень,нет,да
2018-10-27,11,996,10.4,42,4.1,19880,-1.9,2.01,0.0,0.0,осень,нет,да
2018-10-27,12,1076,10.4,41,4.9,19660,-2.3,1.33,0.0,0.0,осень,нет,да
2018-10-27,13,1118,10.6,38,4.6,20000,-3.1,1.63,0.0,0.0,осень,нет,да
2018-10-27,14,1183,10.8,37,4.4,20000,-3.3,1.29,0.0,0.0,осень,нет,да
2018-10-27,15,1254,11.4,32,3.8,20000,-4.7,1.21,0.0,0.0,осень,нет,да
2018-10-27,16,1308,10.6,35,3.3,20000,-4.2,1.02,0.0,0.0,осень,нет,да
2018-10-27,17,1176,9.5,34,5.7,20000,-5.6,0.45,0.0,0.0,осень,нет,да
2018-10-27,18,1054,8.9,39,3.5,20000,-4.3,0.05,0.0,0.0,осень,нет,да
2018-10-27,19,864,8.0,42,2.9,20000,-4.1,0.0,0.0,0.0,осень,нет,да
2018-10-27,20,775,7.6,44,4.2,20000,-3.8,0.0,0.0,0.0,осень,нет,да
2018-10-27,21,775,7.3,49,3.4,20000,-2.7,0.0,0.0,0.0,осень,нет,да
2018-10-27,22,752,6.6,51,1.8,20000,-2.8,0.0,0.0,0.0,осень,нет,да
2018-10-27,23,658,6.3,52,1.8,20000,-2.8,0.0,0.0,0.0,осень,нет,да
2018-10-28,0,699,6.7,55,1.5,20000,-1.7,0.0,0.0,0.0,осень,нет,да
2018-10-28,1,531,6.9,55,1.8,20000,-1.5,0.0,0.0,0.0,осень,нет,да
2018-10-28,2,450,6.6,59,0.4,20000,-0.8,0.0,0.0,0.0,осень,нет,да
2018-10-28,3,299,6.2,59,0.6,20000,-1.2,0.0,0.0,0.0,осень,нет,да
2018-10-28,4,148,6.8,65,1.1,20000,0.6,0.0,0.0,0.0,осень,нет,да
2018-10-28,5,27,7.2,68,2.5,17400,1.6,0.0,0.0,0.0,осень,нет,да
2018-10-28,6,55,6.9,86,1.7,19880,4.7,0.0,1.5,0.0,осень,нет,да
2018-10-28,7,134,6.9,88,0.9,19910,5.0,0.0,0.0,0.0,осень,нет,да
2018-10-28,8,74,6.8,89,1.4,18560,5.1,0.05,0.0,0.0,осень,нет,да
2018-10-28,9,195,7.3,90,1.1,18890,5.7,0.12,2.5,0.0,осень,нет,да
2018-10-28,10,330,8.2,89,0.4,13650,6.4,0.39,0.0,0.0,осень,нет,да
2018-10-28,11,544,9.4,86,1.2,12200,7.1,0.75,0.0,0.0,осень,нет,да
2018-10-28,12,630,11.9,74,1.6,18010,7.4,1.84,0.0,0.0,осень,нет,да
2018-10-28,13,916,12.1,75,1.2,17750,7.7,0.99,0.0,0.0,осень,нет,да
2018-10-28,14,962,12.4,72,1.9,18600,7.4,1.06,0.0,0.0,осень,нет,да
2018-10-28,15,948,12.2,67,3.3,20000,6.2,0.86,0.0,0.0,осень,нет,да
2018-10-28,16,385,12.2,65,1.9,20000,5.8,0.52,0.0,0.0,осень,нет,да
2018-10-28,17,535,9.4,85,1.2,20000,6.9,0.07,1.5,0.0,осень,нет,да
2018-10-28,18,651,8.9,85,1.8,20000,6.5,0.01,0.0,0.0,осень,нет,да
2018-10-28,19,645,8.4,85,1.2,20000,6.0,0.0,0.0,0.0,осень,нет,да
2018-10-28,20,624,8.2,82,2.8,20000,5.3,0.0,0.0,0.0,осень,нет,да
2018-10-28,21,670,7.6,75,1.1,20000,3.4,0.0,0.0,0.0,осень,нет,да
2018-10-28,22,625,6.7,76,0.6,20000,2.7,0.0,0.0,0.0,осень,нет,да
2018-10-28,23,512,6.0,74,1.1,20000,1.7,0.0,0.0,0.0,осень,нет,да
2018-10-29,0,434,5.3,81,1.7,19930,2.2,0.0,0.0,0.0,осень,нет,да
2018-10-29,1,326,5.1,83,1.1,19890,2.4,0.0,0.0,0.0,осень,нет,да
2018-10-29,2,184,4.7,81,1.0,19180,1.7,0.0,0.0,0.0,осень,нет,да
2018-10-29,3,123,5.0,67,0.8,20000,-0.6,0.0,0.0,0.0,осень,нет,да
2018-10-29,4,117,5.6,66,0.7,20000,-0.2,0.0,0.0,0.0,осень,нет,да
2018-10-29,5,161,5.1,76,0.7,20000,1.2,0.0,0.0,0.0,осень,нет,да
2018-10-29,6,436,4.7,76,0.6,20000,0.8,0.0,0.0,0.0,осень,нет,да
2018-10-29,7,1070,4.6,76,0.7,20000,0.7,0.0,0.0,0.0,осень,нет,да
2018-10-29,8,1888,5.1,67,0.3,19810,-0.5,0.24,0.0,0.0,осень,нет,да
2018-10-29,9,1021,7.5,53,1.6,19810,-1.4,1.01,0.0,0.0,осень,нет,да
2018-10-29,10,771,9.6,43,1.8,19300,-2.3,1.49,0.0,0.0,осень,нет,да
2018-10-29,11,796,11.0,46,2.6,19460,-0.1,1.97,0.0,0.0,осень,нет,да
2018-10-29,12,737,10.8,49,2.7,20000,0.4,1.45,0.0,0.0,осень,нет,да
2018-10-29,13,815,10.4,49,2.7,20000,0.1,0.54,0.0,0.0,осень,нет,да
2018-10-29,14,838,11.3,39,3.7,20000,-2.1,1.18,0.0,0.0,осень,нет,да
2018-10-29,15,884,11.0,46,3.4,20000,-0.1,0.57,0.0,0.0,осень,нет,да
2018-10-29,16,1069,11.3,41,3.6,20000,-1.4,0.94,0.0,0.0,осень,нет,да
2018-10-29,17,1274,10.0,43,4.9,20000,-2.0,0.43,0.0,0.0,осень,нет,да
2018-10-29,18,1987,9.4,51,3.4,20000,-0.2,0.02,0.0,0.0,осень,нет,да
2018-10-29,19,1377,8.1,53,3.7,20000,-0.9,0.0,0.0,0.0,осень,нет,да
2018-10-29,20,1026,6.8,59,3.2,20000,-0.6,0.0,0.0,0.0,осень,нет,да
2018-10-29,21,979,5.7,61,2.3,20000,-1.2,0.0,0.0,0.0,осень,нет,да
2018-10-29,22,906,5.1,58,2.2,20000,-2.4,0.0,0.0,0.0,осень,нет,да
2018-10-29,23,658,4.3,58,1.4,20000,-3.2,0.0,0.0,0.0,осень,нет,да
2018-10-30,0,488,3.4,55,1.5,20000,-4.8,0.0,0.0,0.0,осень,нет,да
2018-10-30,1,440,3.0,55,1.0,20000,-5.1,0.0,0.0,0.0,осень,нет,да
2018-10-30,2,283,2.1,56,0.5,20000,-5.7,0.0,0.0,0.0,осень,нет,да
2018-10-30,3,182,1.7,59,0.5,20000,-5.4,0.0,0.0,0.0,осень,нет,да
2018-10-30,4,150,1.6,63,0.3,20000,-4.6,0.0,0.0,0.0,осень,нет,да
2018-10-30,5,162,1.1,68,0.6,20000,-4.1,0.0,0.0,0.0,осень,нет,да
2018-10-30,6,394,0.8,69,1.4,20000,-4.2,0.0,0.0,0.0,осень,нет,да
2018-10-30,7,1005,1.3,65,1.2,20000,-4.5,0.0,0.0,0.0,осень,нет,да
2018-10-30,8,1883,1.4,58,0.9,18830,-5.9,0.15,0.0,0.0,осень,нет,да
2018-10-30,9,982,3.7,49,1.9,19610,-6.0,0.89,0.0,0.0,осень,нет,да
2018-10-30,10,684,6.1,38,2.5,19140,-7.1,1.51,0.0,0.0,осень,нет,да
2018-10-30,11,782,7.5,36,1.4,19930,-6.6,1.98,0.0,0.0,осень,нет,да
2018-10-30,12,881,8.5,34,1.5,18920,-6.4,2.21,0.0,0.0,осень,нет,да
2018-10-30,13,847,9.8,33,1.8,19370,-5.7,2.3,0.0,0.0,осень,нет,да
2018-10-30,14,903,10.7,33,1.7,20000,-4.9,2.12,0.0,0.0,осень,нет,да
2018-10-30,15,965,10.9,33,2.6,19630,-4.7,1.73,0.0,0.0,осень,нет,да
2018-10-30,16,1110,11.0,34,2.3,19990,-4.2,1.16,0.0,0.0,осень,нет,да
2018-10-30,17,1357,9.9,40,2.6,20000,-3.0,0.47,0.0,0.0,осень,нет,да
2018-10-30,18,2074,8.4,52,2.6,20000,-0.9,0.03,0.0,0.0,осень,нет,да
2018-10-30,19,1442,8.0,52,2.1,20000,-1.2,0.0,0.0,0.0,осень,нет,да
2018-10-30,20,1186,7.6,59,1.1,20000,0.0,0.0,0.0,0.0,осень,нет,да
2018-10-30,21,1147,7.6,55,2.0,20000,-0.8,0.0,0.0,0.0,осень,нет,да
2018-10-30,22,948,7.6,50,1.8,20000,-2.1,0.0,0.0,0.0,осень,нет,да
2018-10-30,23,527,7.7,50,1.0,19880,-2.0,0.0,0.0,0.0,осень,нет,да
2018-10-31,0,294,7.1,59,1.7,20000,-0.3,0.0,0.0,0.0,осень,нет,да
2018-10-31,1,324,6.6,66,1.0,20000,0.6,0.0,0.0,0.0,осень,нет,да
2018-10-31,2,287,6.4,65,0.0,20000,0.2,0.0,0.0,0.0,осень,нет,да
2018-10-31,3,227,5.6,69,0.1,20000,0.3,0.0,0.0,0.0,осень,нет,да
2018-10-31,4,146,5.0,71,1.4,19940,0.1,0.0,0.0,0.0,осень,нет,да
2018-10-31,5,141,4.1,74,0.9,20000,-0.1,0.0,0.0,0.0,осень,нет,да
2018-10-31,6,402,3.6,75,0.8,20000,-0.4,0.0,0.0,0.0,осень,нет,да
2018-10-31,7,1060,3.2,74,0.9,20000,-0.9,0.0,0.0,0.0,осень,нет,да
2018-10-31,8,1907,3.7,67,1.8,19870,-1.8,0.15,0.0,0.0,осень,нет,да
2018-10-31,9,996,5.1,56,1.8,18250,-2.9,0.89,0.0,0.0,осень,нет,да
2018-10-31,10,717,7.2,49,2.2,18920,-2.8,1.51,0.0,0.0,осень,нет,да
2018-10-31,11,818,8.7,41,2.6,19070,-3.8,1.96,0.0,0.0,осень,нет,да
2018-10-31,12,907,10.0,39,2.0,20000,-3.3,2.2,0.0,0.0,осень,нет,да
2018-10-31,13,983,11.2,34,2.6,19400,-4.1,2.26,0.0,0.0,осень,нет,да
2018-10-31,14,963,11.9,34,2.4,18350,-3.4,2.12,0.0,0.0,осень,нет,да
2018-10-31,15,994,12.0,35,3.0,19080,-3.0,1.72,0.0,0.0,осень,нет,да
2018-10-31,16,1185,11.8,34,2.3,19790,-3.5,1.16,0.0,0.0,осень,нет,да
2018-10-31,17,1462,11.3,41,1.8,20000,-1.4,0.51,0.0,0.0,осень,нет,да
2018-10-31,18,2094,9.4,48,2.0,20000,-1.0,0.03,0.0,0.0,осень,нет,да
2018-10-31,19,1507,8.4,53,1.0,20000,-0.6,0.0,0.0,0.0,осень,нет,да
2018-10-31,20,1176,7.6,59,0.7,20000,0.0,0.0,0.0,0.0,осень,нет,да
2018-10-31,21,1069,7.6,59,3.0,19290,0.0,0.0,0.0,0.0,осень,нет,да
2018-10-31,22,1088,6.8,58,2.2,19360,-0.9,0.0,0.0,0.0,осень,нет,да
2018-10-31,23,798,6.4,60,1.8,19300,-0.8,0.0,0.0,0.0,осень,нет,да
2018-11-01,0,584,5.7,62,2.3,19090,-1.0,0.0,0.0,0.0,осень,нет,да
2018-11-01,1,524,5.1,65,1.6,19320,-0.9,0.0,0.0,0.0,осень,нет,да
2018-11-01,2,362,4.4,64,1.4,20000,-1.8,0.0,0.0,0.0,осень,нет,да
2018-11-01,3,242,4.2,65,0.7,19620,-1.8,0.0,0.0,0.0,осень,нет,да
2018-11-01,4,147,3.6,70,0.8,19340,-1.3,0.0,0.0,0.0,осень,нет,да
2018-11-01,5,154,3.3,72,0.0,19460,-1.2,0.0,0.0,0.0,осень,нет,да
2018-11-01,6,433,2.9,75,0.2,17610,-1.1,0.0,0.0,0.0,осень,нет,да
2018-11-01,7,1055,2.5,75,0.5,17630,-1.4,0.0,0.0,0.0,осень,нет,да
2018-11-01,8,1899,2.8,74,0.9,13660,-1.3,0.13,0.0,0.0,осень,нет,да
2018-11-01,9,1011,4.7,60,0.9,12190,-2.4,0.82,0.0,0.0,осень,нет,да
2018-11-01,10,696,8.1,51,0.7,11000,-1.4,1.38,0.0,0.0,осень,нет,да
2018-11-01,11,852,11.1,46,1.6,15180,-0.1,1.84,0.0,0.0,осень,нет,да
2018-11-01,12,926,12.6,36,2.6,17850,-2.1,2.14,0.0,0.0,осень,нет,да
2018-11-01,13,968,13.6,32,1.8,18140,-2.8,2.22,0.0,0.0,осень,нет,да
2018-11-01,14,1040,14.9,31,2.5,18720,-2.1,2.06,0.0,0.0,осень,нет,да
2018-11-01,15,1094,14.8,30,2.7,19900,-2.6,1.71,0.0,0.0,осень,нет,да
2018-11-01,16,1206,14.7,32,2.0,19340,-1.8,1.13,0.0,0.0,осень,нет,да
2018-11-01,17,1569,13.7,37,1.4,20000,-0.7,0.49,0.0,0.0,осень,нет,да
2018-11-01,18,2254,11.8,43,1.3,19950,-0.3,0.03,0.0,0.0,осень,нет,да
2018-11-01,19,1561,10.5,49,1.2,19650,0.2,0.0,0.0,0.0,осень,нет,да
2018-11-01,20,1269,9.9,53,1.7,18680,0.7,0.0,0.0,0.0,осень,нет,да
2018-11-01,21,1197,9.3,54,1.1,19750,0.4,0.0,0.0,0.0,осень,нет,да
2018-11-01,22,1115,8.3,61,0.2,18090,1.2,0.0,0.0,0.0,осень,нет,да
2018-11-01,23,806,7.8,63,0.4,15470,1.1,0.0,0.0,0.0,осень,нет,да
2018-11-02,0,642,7.2,64,1.0,16390,0.8,0.0,0.0,0.0,осень,нет,да
2018-11-02,1,560,6.6,69,0.0,15120,1.3,0.0,0.0,0.0,осень,нет,да
2018-11-02,2,369,6.1,68,0.5,15190,0.6,0.0,0.0,0.0,осень,нет,да
2018-11-02,3,251,5.7,72,0.8,13680,1.0,0.0,0.0,0.0,осень,нет,да
2018-11-02,4,166,5.2,74,1.3,13860,0.9,0.0,0.0,0.0,осень,нет,да
2018-11-02,5,153,4.8,75,0.7,14710,0.7,0.0,0.0,0.0,осень,нет,да
2018-11-02,6,403,4.5,77,1.0,14100,0.8,0.0,0.0,0.0,осень,нет,да
2018-11-02,7,1024,4.1,75,0.8,11430,0.0,0.0,0.0,0.0,осень,нет,да
2018-11-02,8,1906,4.7,72,1.0,13060,0.0,0.12,0.0,0.0,осень,нет,да
2018-11-02,9,1027,7.0,57,0.7,15530,-0.9,0.79,0.0,0.0,осень,нет,да
2018-11-02,10,751,10.0,49,1.2,14110,-0.2,1.4,0.0,0.0,осень,нет,да
2018-11-02,11,880,12.8,44,1.0,12690,0.8,1.84,0.0,0.0,осень,нет,да
2018-11-02,12,1023,14.9,40,1.1,12880,1.4,2.06,0.0,0.0,осень,нет,да
2018-11-02,13,1130,16.5,37,1.2,14000,1.7,2.12,0.0,0.0,осень,нет,да
2018-11-02,14,1160,18.0,31,1.2,15060,0.5,1.98,0.0,0.0,осень,нет,да
2018-11-02,15,1251,18.6,31,1.4,15750,1.1,1.63,0.0,0.0,осень,нет,да
2018-11-02,16,1424,18.8,32,1.4,17170,1.7,1.09,0.0,0.0,осень,нет,да
2018-11-02,17,1730,17.0,36,1.5,16720,1.8,0.47,0.0,0.0,осень,нет,да
2018-11-02,18,2314,14.6,42,1.4,14280,1.8,0.02,0.0,0.0,осень,нет,да
2018-11-02,19,1568,12.8,40,1.4,18700,-0.4,0.0,0.0,0.0,осень,нет,да
2018-11-02,20,1242,11.7,45,1.2,17480,0.1,0.0,0.0,0.0,осень,нет,да
2018-11-02,21,1146,10.8,57,2.0,12190,2.6,0.0,0.0,0.0,осень,нет,да
2018-11-02,22,1106,10.0,56,2.0,12900,1.6,0.0,0.0,0.0,осень,нет,да
2018-11-02,23,851,9.7,56,1.3,14230,1.3,0.0,0.0,0.0,осень,нет,да
2018-11-03,0,0,8.8,63,0.6,13140,2.1,0.0,0.0,0.0,осень,нет,нет
2018-11-03,1,0,8.5,61,0.2,12730,1.3,0.0,0.0,0.0,осень,нет,нет
2018-11-03,2,0,7.6,68,1.2,11700,2.0,0.0,0.0,0.0,осень,нет,нет
2018-11-03,3,0,7.1,67,0.6,12290,1.3,0.0,0.0,0.0,осень,нет,нет
2018-11-03,4,0,6.3,72,1.0,11040,1.6,0.0,0.0,0.0,осень,нет,нет
2018-11-03,5,0,6.1,75,1.0,10530,1.9,0.0,0.0,0.0,осень,нет,нет
2018-11-03,6,0,5.5,78,0.6,9830,1.9,0.0,0.0,0.0,осень,нет,нет
2018-11-03,7,0,5.2,79,1.3,8940,1.8,0.0,0.0,0.0,осень,нет,нет
2018-11-03,8,0,5.4,75,0.4,9050,1.3,0.11,0.0,0.0,осень,нет,нет
2018-11-03,9,0,7.9,58,1.3,10330,0.1,0.8,0.0,0.0,осень,нет,нет
2018-11-03,10,0,11.0,49,0.7,9570,0.6,1.4,0.0,0.0,осень,нет,нет
2018-11-03,11,0,14.5,42,1.6,8900,1.7,1.85,0.0,0.0,осень,нет,нет
2018-11-03,12,0,16.5,37,1.8,10600,1.7,2.14,0.0,0.0,осень,нет,нет
2018-11-03,13,0,17.8,29,2.0,13280,-0.4,2.17,0.0,0.0,осень,нет,нет
2018-11-03,14,0,18.1,24,2.4,15940,-2.8,1.97,0.0,0.0,осень,нет,нет
2018-11-03,15,0,18.5,25,1.6,17240,-1.9,1.63,0.0,0.0,осень,нет,нет
2018-11-03,16,0,18.7,25,2.1,16050,-1.7,1.07,0.0,0.0,осень,нет,нет
2018-11-03,17,0,16.7,45,2.2,7720,4.6,0.43,0.0,0.0,осень,нет,нет
2018-11-03,18,0,14.2,51,1.5,9900,4.1,0.02,0.0,0.0,осень,нет,нет
2018-11-03,19,0,13.4,62,1.6,7400,6.2,0.0,0.0,0.0,осень,нет,нет
2018-11-03,20,0,12.1,68,0.8,5920,6.3,0.0,0.0,0.0,осень,нет,нет
2018-11-03,21,0,11.1,69,0.9,6190,5.6,0.0,0.0,0.0,осень,нет,нет
2018-11-03,22,0,10.0,68,1.1,7910,4.3,0.0,0.0,0.0,осень,нет,нет
2018-11-03,23,0,9.2,65,1.2,10640,2.9,0.0,0.0,0.0,осень,нет,нет
2018-11-04,0,720,9.1,63,0.6,12920,2.4,0.0,0.0,0.0,осень,нет,да
2018-11-04,1,517,8.6,60,1.1,14160,1.2,0.0,0.0,0.0,осень,нет,да
2018-11-04,2,378,8.2,62,0.2,14150,1.3,0.0,0.0,0.0,осень,нет,да
2018-11-04,3,296,7.6,66,0.9,14320,1.6,0.0,0.0,0.0,осень,нет,да
2018-11-04,4,188,6.9,70,1.5,13140,1.7,0.0,0.0,0.0,осень,нет,да
2018-11-04,5,112,6.6,73,0.3,12190,2.0,0.0,0.0,0.0,осень,нет,да
2018-11-04,6,141,6.2,73,0.3,10180,1.7,0.0,0.0,0.0,осень,нет,да
2018-11-04,7,259,5.8,79,1.0,8620,2.4,0.0,0.0,0.0,осень,нет,да
2018-11-04,8,481,5.7,78,1.1,7140,2.1,0.09,0.0,0.0,осень,нет,да
2018-11-04,9,632,7.5,60,0.5,7250,0.2,0.79,0.0,0.0,осень,нет,да
2018-11-04,10,747,11.1,51,0.8,6790,1.3,1.38,0.0,0.0,осень,нет,да
2018-11-04,11,963,14.8,46,2.0,7680,3.2,1.83,0.0,0.0,осень,нет,да
2018-11-04,12,1145,16.3,33,2.9,15300,0.0,2.13,0.0,0.0,осень,нет,да
2018-11-04,13,1355,18.3,26,1.2,15030,-1.5,2.17,0.0,0.0,осень,нет,да
2018-11-04,14,1511,19.3,28,1.7,12080,0.3,1.93,0.0,0.0,осень,нет,да
2018-11-04,15,1579,19.0,25,2.1,17480,-1.5,1.6,0.0,0.0,осень,нет,да
2018-11-04,16,1690,18.4,25,3.2,19090,-2.0,1.05,0.0,0.0,осень,нет,да
2018-11-04,17,1596,16.9,33,2.2,19720,0.5,0.43,0.0,0.0,осень,нет,да
2018-11-04,18,1335,14.5,46,2.6,16180,3.0,0.01,0.0,0.0,осень,нет,да
2018-11-04,19,1180,12.9,56,2.5,13450,4.3,0.0,0.0,0.0,осень,нет,да
2018-11-04,20,1077,12.7,59,1.2,11770,4.8,0.0,0.0,0.0,осень,нет,да
2018-11-04,21,1001,11.8,62,0.7,10300,4.7,0.0,0.0,0.0,осень,нет,да
2018-11-04,22,912,11.2,67,1.3,9400,5.2,0.0,0.0,0.0,осень,нет,да
2018-11-04,23,656,10.6,73,1.3,9310,5.9,0.0,0.0,0.0,осень,нет,да
2018-11-05,0,520,10.1,75,0.0,9220,5.8,0.0,0.0,0.0,осень,нет,да
2018-11-05,1,346,9.3,78,0.1,8280,5.6,0.0,0.0,0.0,осень,нет,да
2018-11-05,2,206,8.8,81,0.0,7730,5.7,0.0,0.0,0.0,осень,нет,да
2018-11-05,3,161,8.3,81,1.1,6420,5.2,0.0,0.0,0.0,осень,нет,да
2018-11-05,4,107,8.0,81,0.4,6660,4.9,0.0,0.0,0.0,осень,нет,да
2018-11-05,5,166,8.0,84,0.7,5690,5.4,0.0,0.0,0.0,осень,нет,да
2018-11-05,6,448,7.2,83,0.8,6360,4.4,0.0,0.0,0.0,осень,нет,да
2018-11-05,7,1115,7.0,86,1.1,4550,4.8,0.0,0.0,0.0,осень,нет,да
2018-11-05,8,1975,7.2,80,0.8,5150,3.9,0.13,0.0,0.0,осень,нет,да
2018-11-05,9,1005,8.9,67,1.1,5780,3.0,0.69,0.0,0.0,осень,нет,да
2018-11-05,10,790,11.8,59,0.9,6160,4.0,1.23,0.0,0.0,осень,нет,да
2018-11-05,11,829,13.8,47,1.2,9940,2.6,1.71,0.0,0.0,осень,нет,да
2018-11-05,12,971,16.4,48,2.1,6530,5.3,1.68,0.0,0.0,осень,нет,да
2018-11-05,13,986,16.8,46,1.1,7600,5.0,1.71,0.0,0.0,осень,нет,да
2018-11-05,14,993,17.5,38,1.2,10900,3.0,1.74,0.0,0.0,осень,нет,да
2018-11-05,15,1100,18.0,39,1.0,12080,3.8,1.21,0.0,0.0,осень,нет,да
2018-11-05,16,1318,16.8,46,1.8,10410,5.0,0.72,0.0,0.0,осень,нет,да
2018-11-05,17,1664,15.7,49,2.0,12520,5.0,0.26,0.0,0.0,осень,нет,да
2018-11-05,18,2357,14.5,54,1.3,13430,5.2,0.01,0.0,0.0,осень,нет,да
2018-11-05,19,1618,13.2,66,1.7,7050,6.9,0.0,0.0,0.0,осень,нет,да
2018-11-05,20,1464,12.7,75,2.0,4330,8.3,0.0,0.0,0.0,осень,нет,да
2018-11-05,21,1289,12.2,79,1.8,3510,8.6,0.0,0.0,0.0,осень,нет,да
2018-11-05,22,1215,11.6,81,1.2,3360,8.4,0.0,0.0,0.0,осень,нет,да
2018-11-05,23,829,10.9,82,0.1,3460,7.9,0.0,0.0,0.0,осень,нет,да
2018-11-06,0,0,10.0,73,0.5,7000,5.3,0.0,0.0,0.0,осень,нет,нет
2018-11-06,1,0,9.8,75,0.5,6680,5.5,0.0,0.0,0.0,осень,нет,нет
2018-11-06,2,0,9.7,78,0.0,6190,6.0,0.0,0.0,0.0,осень,нет,нет
2018-11-06,3,0,9.4,81,0.3,5000,6.2,0.0,0.0,0.0,осень,нет,нет
2018-11-06,4,0,9.1,81,0.0,4930,6.0,0.0,0.0,0.0,осень,нет,нет
2018-11-06,5,0,8.8,84,0.6,4200,6.2,0.0,0.0,0.0,осень,нет,нет
2018-11-06,6,0,8.5,83,0.7,4090,5.7,0.0,0.0,0.0,осень,нет,нет
2018-11-06,7,0,8.3,84,0.9,4220,5.7,0.0,0.0,0.0,осень,нет,нет
2018-11-06,8,0,8.7,77,0.7,5290,4.8,0.11,0.0,0.0,осень,нет,нет
2018-11-06,9,0,10.1,68,0.2,5780,4.4,0.33,0.0,0.0,осень,нет,нет
2018-11-06,10,0,11.7,62,0.5,5210,4.6,0.77,0.0,0.0,осень,нет,нет
2018-11-06,11,0,13.0,55,1.0,4880,4.1,0.84,0.0,0.0,осень,нет,нет
2018-11-06,12,0,14.5,57,0.8,3730,6.0,1.08,0.0,0.0,осень,нет,нет
2018-11-06,13,0,16.1,56,1.7,3280,7.3,1.54,0.0,0.0,осень,нет,нет
2018-11-06,14,0,17.4,50,2.4,3360,6.8,1.52,0.0,0.0,осень,нет,нет
2018-11-06,15,0,16.3,54,1.6,3740,6.9,0.76,0.0,0.0,осень,нет,нет
2018-11-06,16,0,16.6,55,1.3,3340,7.5,0.66,0.0,0.0,осень,нет,нет
2018-11-06,17,0,15.3,63,1.2,2600,8.2,0.23,0.0,0.0,осень,нет,нет
2018-11-06,18,0,14.0,71,1.5,2010,8.8,0.01,0.0,0.0,осень,нет,нет
2018-11-06,19,0,13.3,72,1.1,2340,8.3,0.0,0.0,0.0,осень,нет,нет
2018-11-06,20,0,13.2,73,1.1,2460,8.4,0.0,0.0,0.0,осень,нет,нет
2018-11-06,21,0,13.0,76,0.9,2310,8.8,0.0,0.0,0.0,осень,нет,нет
2018-11-06,22,0,12.3,73,1.2,2770,7.5,0.0,0.0,0.0,осень,нет,нет
2018-11-06,23,0,12.2,74,1.1,2910,7.6,0.0,0.0,0.0,осень,нет,нет
2018-11-07,0,639,11.9,74,1.6,2870,7.4,0.0,0.0,0.0,осень,нет,да
2018-11-07,1,410,11.9,76,1.4,2860,7.7,0.0,0.0,0.0,осень,нет,да
2018-11-07,2,136,12.0,81,1.3,2950,8.8,0.0,0.0,0.0,осень,нет,да
2018-11-07,3,40,10.8,88,1.0,1450,8.8,0.0,0.5,0.0,осень,нет,да
2018-11-07,4,47,10.6,95,0.7,940,9.8,0.0,0.0,0.0,осень,нет,да
2018-11-07,5,71,11.1,95,0.2,1170,10.3,0.0,0.0,0.0,осень,нет,да
2018-11-07,6,194,11.0,91,1.0,1240,9.5,0.0,1.0,0.0,осень,нет,да
2018-11-07,7,526,10.8,91,1.3,2160,9.3,0.0,0.0,0.0,осень,нет,да
2018-11-07,8,1171,11.3,89,1.1,2790,9.5,0.01,0.0,0.0,осень,нет,да
2018-11-07,9,740,11.2,86,1.0,3720,8.9,0.09,0.5,0.0,осень,нет,да
2018-11-07,10,555,11.9,84,0.9,4820,9.2,0.2,0.0,0.0,осень,нет,да
2018-11-07,11,608,12.4,82,0.6,5070,9.4,0.34,0.0,0.0,осень,нет,да
2018-11-07,12,697,13.2,77,1.3,5890,9.2,0.5,0.0,0.0,осень,нет,да
2018-11-07,13,798,14.5,74,1.3,6100,9.9,0.75,0.0,0.0,осень,нет,да
2018-11-07,14,767,15.5,68,1.4,6930,9.6,1.15,0.0,0.0,осень,нет,да
2018-11-07,15,848,15.4,72,1.1,6080,10.3,0.57,0.0,0.0,осень,нет,да
2018-11-07,16,834,15.2,72,1.2,6250,10.1,0.4,0.0,0.0,осень,нет,да
2018-11-07,17,1115,14.9,73,0.9,8540,10.0,0.04,0.0,0.0,осень,нет,да
2018-11-07,18,1347,14.4,77,1.0,9120,10.4,0.0,0.0,0.0,осень,нет,да
2018-11-07,19,1176,13.8,81,1.5,7600,10.5,0.0,0.0,0.0,осень,нет,да
2018-11-07,20,1062,13.3,77,1.6,8330,9.3,0.0,0.0,0.0,осень,нет,да
2018-11-07,21,1062,13.5,75,0.8,12750,9.1,0.0,0.0,0.0,осень,нет,да
2018-11-07,22,1003,13.2,74,1.4,14070,8.6,0.0,0.0,0.0,осень,нет,да
2018-11-07,23,679,12.9,72,1.4,20000,7.9,0.0,0.0,0.0,осень,нет,да
2018-11-08,0,395,12.9,70,1.8,20000,7.5,0.0,0.0,0.0,осень,нет,да
2018-11-08,1,158,11.9,77,1.1,16340,7.9,0.0,0.0,0.0,осень,нет,да
2018-11-08,2,122,11.8,84,1.6,18740,9.1,0.0,0.0,0.0,осень,нет,да
2018-11-08,3,78,11.8,86,1.6,18190,9.5,0.0,0.5,0.0,осень,нет,да
2018-11-08,4,50,10.8,87,1.7,9560,8.7,0.0,0.0,0.0,осень,нет,да
2018-11-08,5,49,10.8,89,1.6,9570,9.0,0.0,0.0,0.0,осень,нет,да
2018-11-08,6,136,10.6,90,1.6,10650,9.0,0.0,1.5,0.0,осень,нет,да
2018-11-08,7,174,10.9,88,1.8,18660,8.9,0.0,0.0,0.0,осень,нет,да
2018-11-08,8,148,10.6,89,1.5,6890,8.8,0.02,0.0,0.0,осень,нет,да
2018-11-08,9,56,10.6,94,2.1,7390,9.6,0.06,2.0,0.0,осень,нет,да
2018-11-08,10,17,10.8,94,1.8,5780,9.8,0.15,0.0,0.0,осень,нет,да
2018-11-08,11,25,10.9,95,2.4,5190,10.1,0.12,0.0,0.0,осень,нет,да
2018-11-08,12,17,11.4,95,2.5,7920,10.6,0.44,5.5,0.0,осень,нет,да
2018-11-08,13,18,11.5,95,2.1,4570,10.7,0.32,0.0,0.0,осень,нет,да
2018-11-08,14,46,11.3,96,2.7,3020,10.6,0.11,0.0,0.0,осень,нет,да
2018-11-08,15,56,11.4,96,2.0,9100,10.7,0.07,9.5,0.0,осень,нет,да
2018-11-08,16,14,11.7,96,1.4,5870,11.0,0.02,0.0,0.0,осень,нет,да
2018-11-08,17,30,11.9,97,0.7,2690,11.4,0.0,0.0,0.0,осень,нет,да
2018-11-08,18,40,12.9,97,0.0,4060,12.4,0.0,9.0,0.0,осень,нет,да
2018-11-08,19,19,12.8,97,0.9,2450,12.3,0.0,0.0,0.0,осень,нет,да
2018-11-08,20,12,13.9,97,2.5,5940,13.4,0.0,0.0,0.0,осень,нет,да
2018-11-08,21,21,14.0,96,4.1,2920,13.3,0.0,18.0,0.0,осень,нет,да
2018-11-08,22,14,12.4,96,2.7,5450,11.7,0.0,0.0,0.0,осень,нет,да
2018-11-08,23,26,11.5,96,3.0,6910,10.8,0.0,0.0,0.0,осень,нет,да
2018-11-09,0,0,12.0,96,3.1,11850,11.3,0.0,18.0,0.0,осень,нет,нет
2018-11-09,1,0,11.4,89,2.6,13760,9.6,0.0,0.0,0.0,осень,нет,нет
2018-11-09,2,0,11.3,88,3.7,16800,9.3,0.0,0.0,0.0,осень,нет,нет
2018-11-09,3,0,10.8,82,2.8,17120,7.8,0.0,0.5,0.0,осень,нет,нет
2018-11-09,4,0,10.6,75,3.2,9130,6.3,0.0,0.0,0.0,осень,нет,нет
2018-11-09,5,0,10.9,68,3.1,10340,5.2,0.0,0.0,0.0,осень,нет,нет
2018-11-09,6,0,11.0,70,3.1,9000,5.7,0.0,0.0,0.0,осень,нет,нет
2018-11-09,7,0,10.4,81,3.0,17410,7.2,0.0,0.0,0.0,осень,нет,нет
2018-11-09,8,0,10.1,85,2.4,18090,7.6,0.05,0.0,0.0,осень,нет,нет
2018-11-09,9,0,10.8,78,2.6,19850,7.1,0.13,0.5,0.0,осень,нет,нет
2018-11-09,10,0,11.3,68,4.7,19840,5.5,0.44,0.0,0.0,осень,нет,нет
2018-11-09,11,0,13.3,59,4.1,19700,5.4,1.43,0.0,0.0,осень,нет,нет
2018-11-09,12,0,13.9,50,4.1,19640,3.6,2.14,0.0,0.0,осень,нет,нет
2018-11-09,13,0,14.0,46,5.3,9270,2.5,1.68,0.0,0.0,осень,нет,нет
2018-11-09,14,0,15.0,49,2.8,5180,4.3,1.53,0.0,0.0,осень,нет,нет
2018-11-09,15,0,15.1,52,3.4,6220,5.3,1.3,0.0,0.0,осень,нет,нет
2018-11-09,16,0,14.3,59,3.6,8580,6.3,0.72,0.0,0.0,осень,нет,нет
2018-11-09,17,0,12.9,66,3.6,6820,6.6,0.32,0.0,0.0,осень,нет,нет
2018-11-09,18,0,12.3,69,2.1,6230,6.7,0.01,0.0,0.0,осень,нет,нет
2018-11-09,19,0,11.9,71,2.7,5890,6.7,0.0,0.0,0.0,осень,нет,нет
2018-11-09,20,0,11.9,72,2.5,5260,7.0,0.0,0.0,0.0,осень,нет,нет
2018-11-09,21,0,11.4,74,1.9,4980,6.9,0.0,0.0,0.0,осень,нет,нет
2018-11-09,22,0,11.2,75,1.7,4780,6.9,0.0,0.0,0.0,осень,нет,нет
2018-11-09,23,0,10.9,76,1.2,4560,6.8,0.0,0.0,0.0,осень,нет,нет
2018-11-10,0,754,11.3,77,0.9,4330,7.4,0.0,0.0,0.0,осень,нет,да
2018-11-10,1,679,11.2,78,1.1,4670,7.4,0.0,0.0,0.0,осень,нет,да
2018-11-10,2,568,10.7,80,0.6,4090,7.3,0.0,0.0,0.0,осень,нет,да
2018-11-10,3,372,10.3,81,0.7,3610,7.1,0.0,0.0,0.0,осень,нет,да
2018-11-10,4,223,9.5,87,0.6,2660,7.4,0.0,0.0,0.0,осень,нет,да
2018-11-10,5,137,9.4,87,0.8,2790,7.3,0.0,0.0,0.0,осень,нет,да
2018-11-10,6,167,9.5,85,0.6,3040,7.0,0.0,0.0,0.0,осень,нет,да
2018-11-10,7,309,9.5,86,0.6,2930,7.2,0.0,0.0,0.0,осень,нет,да
2018-11-10,8,589,9.3,85,0.3,3130,6.9,0.07,0.0,0.0,осень,нет,да
2018-11-10,9,628,10.1,77,0.0,3500,6.2,0.45,0.0,0.0,осень,нет,да
2018-11-10,10,699,12.2,73,1.9,3740,7.4,0.92,0.0,0.0,осень,нет,да
2018-11-10,11,768,13.8,63,2.2,4160,6.8,1.32,0.0,0.0,осень,нет,да
2018-11-10,12,1034,15.1,54,2.2,4950,5.8,1.91,0.0,0.0,осень,нет,да
2018-11-10,13,1094,15.9,48,2.7,5380,4.8,1.87,0.0,0.0,осень,нет,да
2018-11-10,14,1113,17.1,39,2.0,7810,3.0,1.85,0.0,0.0,осень,нет,да
2018-11-10,15,1229,16.6,36,2.5,8080,1.4,1.45,0.0,0.0,осень,нет,да
2018-11-10,16,1263,16.0,37,1.9,9840,1.2,0.94,0.0,0.0,осень,нет,да
2018-11-10,17,1379,14.8,47,1.3,7870,3.5,0.35,0.0,0.0,осень,нет,да
2018-11-10,18,1226,13.2,57,2.2,6180,4.8,0.01,0.0,0.0,осень,нет,да
2018-11-10,19,957,12.1,67,1.5,4300,6.1,0.0,0.0,0.0,осень,нет,да
2018-11-10,20,877,11.3,74,1.2,3500,6.8,0.0,0.0,0.0,осень,нет,да
2018-11-10,21,847,10.8,78,1.0,3030,7.1,0.0,0.0,0.0,осень,нет,да
2018-11-10,22,885,10.6,81,1.2,2810,7.4,0.0,0.0,0.0,осень,нет,да
2018-11-10,23,676,10.3,84,1.3,2500,7.7,0.0,0.0,0.0,осень,нет,да
2018-11-11,0,655,9.4,85,0.6,2410,6.9,0.0,0.0,0.0,осень,нет,да
2018-11-11,1,518,8.8,89,0.7,2130,7.0,0.0,0.0,0.0,осень,нет,да
2018-11-11,2,370,7.9,85,1.1,2750,5.5,0.0,0.0,0.0,осень,нет,да
2018-11-11,3,314,7.1,85,0.7,3290,4.7,0.0,0.0,0.0,осень,нет,да
2018-11-11,4,189,6.9,82,0.5,3370,4.0,0.0,0.0,0.0,осень,нет,да
2018-11-11,5,111,6.8,83,0.6,3410,4.1,0.0,0.0,0.0,осень,нет,да
2018-11-11,6,117,6.6,84,1.2,3730,4.0,0.0,0.0,0.0,осень,нет,да
2018-11-11,7,228,6.4,84,1.3,3690,3.8,0.0,0.0,0.0,осень,нет,да
2018-11-11,8,395,6.3,81,0.8,3650,3.2,0.11,0.0,0.0,осень,нет,да
2018-11-11,9,574,7.8,72,1.2,3600,3.0,0.54,0.0,0.0,осень,нет,да
2018-11-11,10,563,10.2,68,0.7,3540,4.5,1.06,0.0,0.0,осень,нет,да
2018-11-11,11,578,10.7,68,0.4,3410,5.0,0.54,0.0,0.0,осень,нет,да
2018-11-11,12,769,10.6,72,2.0,3650,5.7,0.29,0.0,0.0,осень,нет,да
2018-11-11,13,758,9.8,70,1.7,3600,4.5,0.33,0.0,0.0,осень,нет,да
2018-11-11,14,810,10.1,58,0.9,6050,2.1,0.43,0.0,0.0,осень,нет,да
2018-11-11,15,832,10.2,58,2.0,5730,2.2,0.29,0.0,0.0,осень,нет,да
2018-11-11,16,616,9.9,59,1.3,5780,2.2,0.1,0.0,0.0,осень,нет,да
2018-11-11,17,660,8.9,57,3.0,11490,0.8,0.03,0.0,0.0,осень,нет,да
2018-11-11,18,752,8.9,55,2.0,13330,0.3,0.0,0.0,0.0,осень,нет,да
2018-11-11,19,685,8.7,52,0.8,15900,-0.6,0.0,0.0,0.0,осень,нет,да
2018-11-11,20,711,8.2,53,0.6,16210,-0.8,0.0,0.0,0.0,осень,нет,да
2018-11-11,21,689,8.0,51,0.5,19890,-1.5,0.0,0.0,0.0,осень,нет,да
2018-11-11,22,690,7.0,60,0.0,19480,-0.2,0.0,0.0,0.0,осень,нет,да
2018-11-11,23,554,6.3,62,0.0,19930,-0.4,0.0,0.0,0.0,осень,нет,да
2018-11-12,0,456,5.4,64,0.8,20000,-0.8,0.0,0.0,0.0,осень,нет,да
2018-11-12,1,344,5.0,67,1.3,20000,-0.6,0.0,0.0,0.0,осень,нет,да
2018-11-12,2,187,4.8,66,1.6,20000,-1.0,0.0,0.0,0.0,осень,нет,да
2018-11-12,3,122,4.6,65,0.1,20000,-1.4,0.0,0.0,0.0,осень,нет,да
2018-11-12,4,109,4.0,68,0.0,20000,-1.3,0.0,0.0,0.0,осень,нет,да
2018-11-12,5,158,4.0,71,0.0,20000,-0.7,0.0,0.0,0.0,осень,нет,да
2018-11-12,6,419,3.8,69,0.0,19950,-1.3,0.0,0.0,0.0,осень,нет,да
2018-11-12,7,1004,3.4,72,1.0,19890,-1.1,0.0,0.0,0.0,осень,нет,да
2018-11-12,8,1699,3.3,69,0.0,20000,-1.8,0.06,0.0,0.0,осень,нет,да
2018-11-12,9,931,5.2,55,1.4,17520,-3.1,0.67,0.0,0.0,осень,нет,да
2018-11-12,10,683,8.3,50,1.1,13640,-1.5,1.23,0.0,0.0,осень,нет,да
2018-11-12,11,785,10.3,40,0.7,16720,-2.7,1.66,0.0,0.0,осень,нет,да
2018-11-12,12,888,12.3,37,0.8,16900,-1.9,1.93,0.0,0.0,осень,нет,да
2018-11-12,13,889,13.3,36,2.1,12830,-1.4,1.99,0.0,0.0,осень,нет,да
2018-11-12,14,886,14.2,33,1.5,13740,-1.8,1.84,0.0,0.0,осень,нет,да
2018-11-12,15,1084,13.8,34,2.4,14380,-1.8,1.45,0.0,0.0,осень,нет,да
2018-11-12,16,1193,12.9,38,2.6,14760,-1.1,0.94,0.0,0.0,осень,нет,да
2018-11-12,17,1472,11.8,43,1.8,16850,-0.3,0.34,0.0,0.0,осень,нет,да
2018-11-12,18,2022,10.6,45,1.8,19360,-0.8,0.01,0.0,0.0,осень,нет,да
2018-11-12,19,1466,9.8,46,2.8,19450,-1.2,0.0,0.0,0.0,осень,нет,да
2018-11-12,20,1292,9.0,48,1.9,18790,-1.4,0.0,0.0,0.0,осень,нет,да
2018-11-12,21,1189,8.5,50,0.5,17070,-1.3,0.0,0.0,0.0,осень,нет,да
2018-11-12,22,1023,7.6,55,1.7,16940,-0.8,0.0,0.0,0.0,осень,нет,да
2018-11-12,23,702,6.9,60,0.8,16100,-0.3,0.0,0.0,0.0,осень,нет,да
2018-11-13,0,587,6.2,63,0.8,16110,-0.3,0.0,0.0,0.0,осень,нет,да
2018-11-13,1,487,5.6,68,0.5,15760,0.1,0.0,0.0,0.0,осень,нет,да
2018-11-13,2,330,5.6,64,0.1,15560,-0.6,0.0,0.0,0.0,осень,нет,да
2018-11-13,3,205,5.3,62,0.0,14850,-1.4,0.0,0.0,0.0,осень,нет,да
2018-11-13,4,133,4.9,63,0.0,13970,-1.5,0.0,0.0,0.0,осень,нет,да
2018-11-13,5,162,4.7,72,0.0,13100,0.0,0.0,0.0,0.0,осень,нет,да
2018-11-13,6,402,4.2,72,0.8,13260,-0.4,0.0,0.0,0.0,осень,нет,да
2018-11-13,7,1066,4.4,72,0.3,11890,-0.2,0.0,0.0,0.0,осень,нет,да
2018-11-13,8,1910,4.7,68,0.5,10320,-0.7,0.06,0.0,0.0,осень,нет,да
2018-11-13,9,990,6.0,59,1.0,7190,-1.4,0.6,0.0,0.0,осень,нет,да
2018-11-13,10,710,9.0,51,0.9,7060,-0.6,1.16,0.0,0.0,осень,нет,да
2018-11-13,11,789,11.4,46,0.8,8760,0.1,1.57,0.0,0.0,осень,нет,да
2018-11-13,12,890,12.8,45,1.8,11700,1.1,1.82,0.0,0.0,осень,нет,да
2018-11-13,13,912,13.5,43,2.2,16870,1.1,1.92,0.0,0.0,осень,нет,да
2018-11-13,14,928,15.0,37,1.6,17030,0.4,1.82,0.0,0.0,осень,нет,да
2018-11-13,15,980,15.3,37,1.8,17740,0.6,1.5,0.0,0.0,осень,нет,да
2018-11-13,16,1188,14.2,37,2.0,17830,-0.3,0.91,0.0,0.0,осень,нет,да
2018-11-13,17,1420,12.7,40,1.9,19670,-0.5,0.33,0.0,0.0,осень,нет,да
2018-11-13,18,2159,11.3,42,1.2,18460,-1.1,0.01,0.0,0.0,осень,нет,да
2018-11-13,19,1529,9.8,45,1.3,18820,-1.5,0.0,0.0,0.0,осень,нет,да
2018-11-13,20,1208,9.5,44,1.8,19910,-2.1,0.0,0.0,0.0,осень,нет,да
2018-11-13,21,1163,8.5,42,1.1,20000,-3.7,0.0,0.0,0.0,осень,нет,да
2018-11-13,22,1126,8.1,50,0.5,20000,-1.7,0.0,0.0,0.0,осень,нет,да
2018-11-13,23,718,7.6,49,0.6,19710,-2.4,0.0,0.0,0.0,осень,нет,да
2018-11-14,0,612,7.0,54,0.9,18620,-1.6,0.0,0.0,0.0,осень,нет,да
2018-11-14,1,517,6.5,60,0.5,17880,-0.7,0.0,0.0,0.0,осень,нет,да
2018-11-14,2,327,6.2,59,0.6,15840,-1.2,0.0,0.0,0.0,осень,нет,да
2018-11-14,3,210,6.1,66,0.5,13470,0.2,0.0,0.0,0.0,осень,нет,да
2018-11-14,4,164,5.6,70,0.6,13110,0.5,0.0,0.0,0.0,осень,нет,да
2018-11-14,5,135,5.3,72,0.2,12780,0.6,0.0,0.0,0.0,осень,нет,да
2018-11-14,6,362,5.1,76,1.1,11950,1.2,0.0,0.0,0.0,осень,нет,да
2018-11-14,7,1047,5.2,78,0.3,11820,1.6,0.0,0.0,0.0,осень,нет,да
2018-11-14,8,1916,5.0,77,1.5,11150,1.2,0.07,0.0,0.0,осень,нет,да
2018-11-14,9,1019,7.1,61,0.5,14930,0.0,0.57,0.0,0.0,осень,нет,да
2018-11-14,10,779,9.6,53,1.4,18180,0.4,1.16,0.0,0.0,осень,нет,да
2018-11-14,11,892,12.1,49,0.8,18270,1.6,1.61,0.0,0.0,осень,нет,да
2018-11-14,12,963,14.2,45,0.9,15310,2.4,1.86,0.0,0.0,осень,нет,да
2018-11-14,13,1028,15.7,41,2.3,13220,2.4,2.01,0.0,0.0,осень,нет,да
2018-11-14,14,1001,16.1,32,1.4,17030,-0.6,1.8,0.0,0.0,осень,нет,да
2018-11-14,15,1063,15.9,30,0.7,18230,-1.6,1.34,0.0,0.0,осень,нет,да
2018-11-14,16,1137,15.2,40,2.7,13710,1.6,0.87,0.0,0.0,осень,нет,да
2018-11-14,17,1532,13.6,46,1.8,13740,2.1,0.31,0.0,0.0,осень,нет,да
2018-11-14,18,2200,12.2,47,2.6,14270,1.2,0.01,0.0,0.0,осень,нет,да
2018-11-14,19,1464,11.5,52,2.4,13190,1.9,0.0,0.0,0.0,осень,нет,да
2018-11-14,20,1269,10.5,52,1.4,11530,1.0,0.0,0.0,0.0,осень,нет,да
2018-11-14,21,1239,9.8,52,0.5,12550,0.3,0.0,0.0,0.0,осень,нет,да
2018-11-14,22,1074,8.8,58,0.5,13580,0.9,0.0,0.0,0.0,осень,нет,да
2018-11-14,23,757,8.4,65,0.8,12160,2.1,0.0,0.0,0.0,осень,нет,да
2018-11-15,0,610,7.7,67,0.4,11020,1.9,0.0,0.0,0.0,осень,нет,да
2018-11-15,1,489,7.3,64,0.3,11500,0.9,0.0,0.0,0.0,осень,нет,да
2018-11-15,2,313,7.1,68,0.6,10820,1.5,0.0,0.0,0.0,осень,нет,да
2018-11-15,3,219,6.5,75,1.1,9700,2.3,0.0,0.0,0.0,осень,нет,да
2018-11-15,4,154,6.1,72,0.5,10520,1.4,0.0,0.0,0.0,осень,нет,да
2018-11-15,5,172,5.3,78,1.4,9520,1.7,0.0,0.0,0.0,осень,нет,да
2018-11-15,6,357,4.9,76,1.1,8000,1.0,0.0,0.0,0.0,осень,нет,да
2018-11-15,7,883,4.8,76,0.7,7620,0.9,0.0,0.0,0.0,осень,нет,да
2018-11-15,8,1686,5.3,75,1.0,8080,1.2,0.1,0.0,0.0,осень,нет,да
2018-11-15,9,1300,6.8,64,1.0,9490,0.4,0.5,0.0,0.0,осень,нет,да
2018-11-15,10,782,8.6,57,0.6,11020,0.5,0.77,0.0,0.0,осень,нет,да
2018-11-15,11,770,11.1,47,1.2,10470,0.1,1.48,0.0,0.0,осень,нет,да
2018-11-15,12,942,13.8,43,0.9,9870,1.4,1.61,0.0,0.0,осень,нет,да
2018-11-15,13,883,15.1,37,1.9,9900,0.4,1.74,0.0,0.0,осень,нет,да
2018-11-15,14,899,15.1,33,1.5,10450,-1.0,1.31,0.0,0.0,осень,нет,да
2018-11-15,15,971,16.1,30,1.0,11250,-1.5,1.06,0.0,0.0,осень,нет,да
2018-11-15,16,1123,15.4,34,1.4,10160,-0.4,0.68,0.0,0.0,осень,нет,да
2018-11-15,17,1416,13.7,38,1.4,8840,-0.3,0.29,0.0,0.0,осень,нет,да
2018-11-15,18,2034,12.1,46,1.4,7990,0.8,0.01,0.0,0.0,осень,нет,да
2018-11-15,19,1448,11.2,46,1.4,8690,0.0,0.0,0.0,0.0,осень,нет,да
2018-11-15,20,1146,9.5,49,1.3,9180,-0.7,0.0,0.0,0.0,осень,нет,да
2018-11-15,21,1123,9.6,52,1.3,9060,0.2,0.0,0.0,0.0,осень,нет,да
2018-11-15,22,1061,8.7,53,0.4,7640,-0.3,0.0,0.0,0.0,осень,нет,да
2018-11-15,23,721,8.1,57,0.7,7520,0.0,0.0,0.0,0.0,осень,нет,да
2018-11-16,0,683,7.8,57,0.3,7920,-0.2,0.0,0.0,0.0,осень,нет,да
2018-11-16,1,520,7.8,59,0.6,7680,0.2,0.0,0.0,0.0,осень,нет,да
2018-11-16,2,376,7.7,63,1.0,7040,1.0,0.0,0.0,0.0,осень,нет,да
2018-11-16,3,262,7.4,63,0.6,6990,0.8,0.0,0.0,0.0,осень,нет,да
2018-11-16,4,171,7.1,64,0.6,6630,0.7,0.0,0.0,0.0,осень,нет,да
2018-11-16,5,151,6.9,66,0.5,6980,0.9,0.0,0.0,0.0,осень,нет,да
2018-11-16,6,412,7.1,65,0.5,7130,0.9,0.0,0.0,0.0,осень,нет,да
2018-11-16,7,939,6.6,64,0.5,7010,0.2,0.0,0.0,0.0,осень,нет,да
2018-11-16,8,1692,7.0,64,0.8,6830,0.6,0.03,0.0,0.0,осень,нет,да
2018-11-16,9,991,8.2,61,0.6,5860,1.1,0.26,0.0,0.0,осень,нет,да
2018-11-16,10,699,9.4,55,0.1,5700,0.7,0.49,0.0,0.0,осень,нет,да
2018-11-16,11,834,11.9,44,2.1,7910,0.0,1.22,0.0,0.0,осень,нет,да
2018-11-16,12,886,13.4,48,2.3,9620,2.5,1.64,0.0,0.0,осень,нет,да
2018-11-16,13,920,14.4,49,3.5,8900,3.8,1.71,0.0,0.0,осень,нет,да
2018-11-16,14,915,13.3,53,2.6,7610,3.9,1.34,0.0,0.0,осень,нет,да
2018-11-16,15,995,13.2,61,3.9,7190,5.8,1.03,0.0,0.0,осень,нет,да
2018-11-16,16,1126,11.8,66,3.0,6870,5.6,0.44,0.0,0.0,осень,нет,да
2018-11-16,17,1346,11.0,70,2.9,6170,5.7,0.12,0.0,0.0,осень,нет,да
2018-11-16,18,1956,9.9,74,2.6,4920,5.4,0.0,0.0,0.0,осень,нет,да
2018-11-16,19,1303,8.7,78,2.5,4600,5.0,0.0,0.0,0.0,осень,нет,да
2018-11-16,20,995,7.6,76,3.9,6030,3.6,0.0,0.0,0.0,осень,нет,да
2018-11-16,21,907,6.8,73,2.3,7300,2.2,0.0,0.0,0.0,осень,нет,да
2018-11-16,22,894,6.2,72,1.4,8480,1.5,0.0,0.0,0.0,осень,нет,да
2018-11-16,23,687,5.0,75,1.1,8350,0.9,0.0,0.0,0.0,осень,нет,да
2018-11-17,0,626,4.2,76,2.1,8700,0.3,0.0,0.0,0.0,осень,нет,да
2018-11-17,1,597,3.4,76,0.5,9090,-0.4,0.0,0.0,0.0,осень,нет,да
2018-11-17,2,456,2.9,77,1.8,8530,-0.7,0.0,0.0,0.0,осень,нет,да
2018-11-17,3,288,2.5,77,2.3,9920,-1.1,0.0,0.0,0.0,осень,нет,да
2018-11-17,4,195,1.7,74,1.7,12260,-2.4,0.0,0.0,0.0,осень,нет,да
2018-11-17,5,129,1.1,75,0.6,12700,-2.8,0.0,0.0,0.0,осень,нет,да
2018-11-17,6,151,1.0,77,0.6,12590,-2.5,0.0,0.0,0.0,осень,нет,да
2018-11-17,7,315,0.8,77,0.9,13000,-2.7,0.0,0.0,0.0,осень,нет,да
2018-11-17,8,530,0.7,72,1.0,13970,-3.7,0.05,0.0,0.0,осень,нет,да
2018-11-17,9,644,2.2,53,0.5,15950,-6.4,0.62,0.0,0.0,осень,нет,да
2018-11-17,10,733,4.7,47,1.2,17880,-5.6,1.22,0.0,0.0,осень,нет,да
2018-11-17,11,830,7.8,38,0.8,13690,-5.6,1.65,0.0,0.0,осень,нет,да
2018-11-17,12,994,9.1,34,1.0,18020,-5.9,1.95,0.0,0.0,осень,нет,да
2018-11-17,13,1037,10.9,32,2.1,15810,-5.1,1.85,0.0,0.0,осень,нет,да
2018-11-17,14,969,9.7,34,1.9,17860,-5.4,0.8,0.0,0.0,осень,нет,да
2018-11-17,15,1018,8.9,34,2.9,17870,-6.1,0.52,0.0,0.0,осень,нет,да
2018-11-17,16,974,8.3,35,2.1,19870,-6.2,0.37,0.0,0.0,осень,нет,да
2018-11-17,17,1031,7.7,34,2.6,20000,-7.2,0.13,0.0,0.0,осень,нет,да
2018-11-17,18,877,7.1,40,0.6,19950,-5.6,0.01,0.0,0.0,осень,нет,да
2018-11-17,19,735,6.0,44,0.8,17580,-5.3,0.0,0.0,0.0,осень,нет,да
2018-11-17,20,644,5.4,43,2.7,19130,-6.2,0.0,0.0,0.0,осень,нет,да
2018-11-17,21,685,5.0,42,1.5,19270,-6.8,0.0,0.0,0.0,осень,нет,да
2018-11-17,22,655,4.4,43,1.1,20000,-7.1,0.0,0.0,0.0,осень,нет,да
2018-11-17,23,576,4.1,46,1.8,20000,-6.5,0.0,0.0,0.0,осень,нет,да
2018-11-18,0,592,3.6,49,0.8,19900,-6.1,0.0,0.0,0.0,осень,нет,да
2018-11-18,1,443,3.2,54,1.2,19680,-5.2,0.0,0.0,0.0,осень,нет,да
2018-11-18,2,335,2.9,49,2.0,19890,-6.7,0.0,0.0,0.0,осень,нет,да
2018-11-18,3,258,2.5,49,0.2,20000,-7.1,0.0,0.0,0.0,осень,нет,да
2018-11-18,4,165,2.5,49,0.4,19880,-7.1,0.0,0.0,0.0,осень,нет,да
2018-11-18,5,92,2.3,53,0.6,17630,-6.3,0.0,0.0,0.0,осень,нет,да
2018-11-18,6,114,1.9,53,0.4,18130,-6.6,0.0,0.0,0.0,осень,нет,да
2018-11-18,7,191,2.1,56,0.7,14770,-5.7,0.0,0.0,0.0,осень,нет,да
2018-11-18,8,371,2.6,53,0.7,15480,-6.0,0.03,0.0,0.0,осень,нет,да
2018-11-18,9,457,3.5,53,1.0,13380,-5.2,0.22,0.0,0.0,осень,нет,да
2018-11-18,10,583,4.8,40,1.1,16760,-7.6,0.59,0.0,0.0,осень,нет,да
2018-11-18,11,645,7.6,35,0.8,16950,-6.9,1.25,0.0,0.0,осень,нет,да
2018-11-18,12,776,9.2,47,2.5,19100,-1.5,1.37,0.0,0.0,осень,нет,да
2018-11-18,13,905,9.9,37,2.1,19000,-4.1,1.32,0.0,0.0,осень,нет,да
2018-11-18,14,1054,10.1,37,2.4,17230,-3.9,1.24,0.0,0.0,осень,нет,да
2018-11-18,15,1047,9.6,34,1.6,18060,-5.5,0.73,0.0,0.0,осень,нет,да
2018-11-18,16,1026,9.4,39,1.8,17040,-3.8,0.56,0.0,0.0,осень,нет,да
2018-11-18,17,1039,8.7,42,1.7,15760,-3.5,0.18,0.0,0.0,осень,нет,да
2018-11-18,18,902,8.4,46,2.4,18230,-2.5,0.0,0.0,0.0,осень,нет,да
2018-11-18,19,759,7.9,45,1.0,16020,-3.3,0.0,0.0,0.0,осень,нет,да
2018-11-18,20,719,7.4,50,0.7,14990,-2.3,0.0,0.0,0.0,осень,нет,да
2018-11-18,21,682,7.1,52,0.8,15160,-2.1,0.0,0.0,0.0,осень,нет,да
2018-11-18,22,632,6.8,53,0.4,14980,-2.1,0.0,0.0,0.0,осень,нет,да
2018-11-18,23,532,7.0,55,0.2,15010,-1.4,0.0,0.0,0.0,осень,нет,да
2018-11-19,0,457,6.8,56,0.7,15050,-1.3,0.0,0.0,0.0,осень,нет,да
2018-11-19,1,277,5.9,60,0.5,13320,-1.2,0.0,0.0,0.0,осень,нет,да
2018-11-19,2,190,5.4,65,0.7,12300,-0.6,0.0,0.0,0.0,осень,нет,да
2018-11-19,3,133,4.8,65,0.8,11790,-1.2,0.0,0.0,0.0,осень,нет,да
2018-11-19,4,88,4.5,67,0.9,11750,-1.1,0.0,0.0,0.0,осень,нет,да
2018-11-19,5,167,4.1,70,1.0,11000,-0.8,0.0,0.0,0.0,осень,нет,да
2018-11-19,6,418,3.8,71,0.7,10710,-0.9,0.0,0.0,0.0,осень,нет,да
2018-11-19,7,991,3.4,73,1.1,10120,-0.9,0.0,0.0,0.0,осень,нет,да
2018-11-19,8,1751,3.5,71,0.8,9580,-1.2,0.06,0.0,0.0,осень,нет,да
2018-11-19,9,889,4.6,60,0.8,9670,-2.5,0.46,0.0,0.0,осень,нет,да
2018-11-19,10,651,7.5,53,0.8,9090,-1.4,1.0,0.0,0.0,осень,нет,да
2018-11-19,11,745,9.8,51,0.5,7810,0.1,1.42,0.0,0.0,осень,нет,да
2018-11-19,12,785,10.3,38,1.2,11300,-3.4,1.08,0.0,0.0,осень,нет,да
2018-11-19,13,785,10.8,44,2.0,9350,-0.9,1.01,0.0,0.0,осень,нет,да
2018-11-19,14,793,10.6,34,2.8,9200,-4.6,1.07,0.0,0.0,осень,нет,да
2018-11-19,15,839,11.1,35,1.9,8610,-3.8,1.11,0.0,0.0,осень,нет,да
2018-11-19,16,968,9.7,43,2.7,10120,-2.2,0.37,0.0,0.0,осень,нет,да
2018-11-19,17,1233,8.7,48,1.7,9650,-1.7,0.25,0.0,0.0,осень,нет,да
2018-11-19,18,1904,7.5,48,2.4,10790,-2.8,0.0,0.0,0.0,осень,нет,да
2018-11-19,19,1304,6.8,52,0.8,9600,-2.3,0.0,0.0,0.0,осень,нет,да
2018-11-19,20,1030,6.0,50,1.5,9310,-3.6,0.0,0.0,0.0,осень,нет,да
2018-11-19,21,1019,5.8,44,2.2,12050,-5.5,0.0,0.0,0.0,осень,нет,да
2018-11-19,22,910,5.3,39,2.3,15120,-7.5,0.0,0.0,0.0,осень,нет,да
2018-11-19,23,629,4.2,42,2.2,13600,-7.6,0.0,0.0,0.0,осень,нет,да
2018-11-20,0,478,3.8,42,1.7,14580,-7.9,0.0,0.0,0.0,осень,нет,да
2018-11-20,1,422,2.9,43,1.0,17500,-8.4,0.0,0.0,0.0,осень,нет,да
2018-11-20,2,286,2.6,46,1.5,18110,-7.8,0.0,0.0,0.0,осень,нет,да
2018-11-20,3,202,1.6,43,1.1,19810,-9.6,0.0,0.0,0.0,осень,нет,да
2018-11-20,4,119,1.3,48,0.5,20000,-8.5,0.0,0.0,0.0,осень,нет,да
2018-11-20,5,141,0.7,49,0.4,19980,-8.8,0.0,0.0,0.0,осень,нет,да
2018-11-20,6,369,0.7,50,1.0,20000,-8.5,0.0,0.0,0.0,осень,нет,да
2018-11-20,7,934,0.5,53,1.1,20000,-7.9,0.0,0.0,0.0,осень,нет,да
2018-11-20,8,1818,0.3,53,0.9,19710,-8.1,0.05,0.0,0.0,осень,нет,да
2018-11-20,9,955,2.3,43,1.2,18920,-9.0,0.52,0.0,0.0,осень,нет,да
2018-11-20,10,659,5.1,33,1.4,18420,-9.8,1.1,0.0,0.0,осень,нет,да
2018-11-20,11,699,7.5,29,1.3,19260,-9.4,1.55,0.0,0.0,осень,нет,да
2018-11-20,12,788,10.1,23,1.8,17450,-10.1,1.82,0.0,0.0,осень,нет,да
2018-11-20,13,798,11.6,20,1.3,18210,-10.6,1.87,0.0,0.0,осень,нет,да
2018-11-20,14,790,12.3,16,2.5,17970,-12.8,1.69,0.0,0.0,осень,нет,да
2018-11-20,15,861,11.9,18,3.3,18480,-11.7,1.32,0.0,0.0,осень,нет,да
2018-11-20,16,967,11.3,21,2.8,19250,-10.2,0.82,0.0,0.0,осень,нет,да
2018-11-20,17,1269,9.8,28,2.4,19830,-7.8,0.29,0.0,0.0,осень,нет,да
2018-11-20,18,1857,9.1,31,2.0,19320,-7.1,0.0,0.0,0.0,осень,нет,да
2018-11-20,19,1317,8.7,34,2.2,18570,-6.3,0.0,0.0,0.0,осень,нет,да
2018-11-20,20,1078,8.5,32,2.6,17890,-7.2,0.0,0.0,0.0,осень,нет,да
2018-11-20,21,1020,8.8,37,3.8,17500,-5.1,0.0,0.0,0.0,осень,нет,да
2018-11-20,22,922,8.9,40,3.4,18100,-3.9,0.0,0.0,0.0,осень,нет,да
2018-11-20,23,378,9.3,43,3.5,18070,-2.6,0.0,0.0,0.0,осень,нет,да
2018-11-21,0,119,7.2,74,1.2,7720,2.8,0.0,0.2,0.0,осень,нет,да
2018-11-21,1,159,6.9,86,0.7,5330,4.7,0.0,0.0,0.0,осень,нет,да
2018-11-21,2,129,6.9,87,0.7,8220,4.8,0.0,0.0,0.0,осень,нет,да
2018-11-21,3,112,6.5,87,1.0,7100,4.4,0.0,1.0,0.0,осень,нет,да
2018-11-21,4,97,6.7,87,1.2,5800,4.6,0.0,0.0,0.0,осень,нет,да
2018-11-21,5,118,6.8,86,0.5,6920,4.6,0.0,0.0,0.0,осень,нет,да
2018-11-21,6,299,6.7,86,0.3,5930,4.5,0.0,0.0,0.0,осень,нет,да
2018-11-21,7,788,6.5,85,0.8,5360,4.1,0.0,0.0,0.0,осень,нет,да
2018-11-21,8,1622,6.4,86,0.9,4500,4.2,0.03,0.0,0.0,осень,нет,да
2018-11-21,9,867,6.4,53,0.7,14860,-2.5,0.21,0.0,0.0,осень,нет,да
2018-11-21,10,611,6.9,39,0.5,19770,-6.1,0.36,0.0,0.0,осень,нет,да
2018-11-21,11,649,7.4,30,1.4,20000,-9.0,0.44,0.0,0.0,осень,нет,да
2018-11-21,12,697,7.7,34,0.6,19690,-7.2,0.49,0.0,0.0,осень,нет,да
2018-11-21,13,623,8.0,35,1.3,18950,-6.5,0.5,0.0,0.0,осень,нет,да
2018-11-21,14,474,6.7,47,2.4,20000,-3.8,0.42,0.0,0.0,осень,нет,да
2018-11-21,15,550,5.7,53,2.0,20000,-3.1,0.22,0.0,0.0,осень,нет,да
2018-11-21,16,755,6.1,53,0.5,20000,-2.7,0.21,0.0,0.0,осень,нет,да
2018-11-21,17,1101,5.7,61,2.2,19870,-1.2,0.07,0.0,0.0,осень,нет,да
2018-11-21,18,1679,5.4,58,0.2,20000,-2.2,0.0,0.0,0.0,осень,нет,да
2018-11-21,19,1113,5.1,50,0.7,20000,-4.4,0.0,0.0,0.0,осень,нет,да
2018-11-21,20,936,5.1,43,0.7,19280,-6.4,0.0,0.0,0.0,осень,нет,да
2018-11-21,21,838,4.6,44,1.1,18590,-6.6,0.0,0.0,0.0,осень,нет,да
2018-11-21,22,825,4.6,48,2.2,17820,-5.4,0.0,0.0,0.0,осень,нет,да
2018-11-21,23,571,3.9,46,2.0,19040,-6.6,0.0,0.0,0.0,осень,нет,да
2018-11-22,0,443,3.1,42,3.4,19950,-8.5,0.0,0.0,0.0,осень,нет,да
2018-11-22,1,382,2.1,39,3.2,12990,-10.4,0.0,0.0,0.0,осень,нет,да
2018-11-22,2,271,1.3,44,1.9,20000,-9.6,0.0,0.0,0.0,осень,нет,да
2018-11-22,3,164,0.6,42,1.1,20000,-10.8,0.0,0.0,0.0,осень,нет,да
2018-11-22,4,121,0.5,39,1.6,20000,-11.8,0.0,0.0,0.0,осень,нет,да
2018-11-22,5,133,-0.4,39,0.8,20000,-12.6,0.0,0.0,0.0,осень,нет,да
2018-11-22,6,332,-1.0,41,0.7,20000,-12.6,0.0,0.0,0.0,осень,нет,да
2018-11-22,7,848,-1.0,43,1.8,20000,-12.0,0.0,0.0,0.0,осень,нет,да
2018-11-22,8,1671,-1.2,33,0.5,20000,-15.4,0.04,0.0,0.0,осень,нет,да
2018-11-22,9,883,0.2,28,1.9,19320,-16.2,0.57,0.0,0.0,осень,нет,да
2018-11-22,10,603,2.9,22,2.0,19890,-16.7,1.18,0.0,0.0,осень,нет,да
2018-11-22,11,644,5.1,21,3.2,19650,-15.4,1.63,0.0,0.0,осень,нет,да
2018-11-22,12,717,5.9,23,2.8,19850,-13.7,1.88,0.0,0.0,осень,нет,да
2018-11-22,13,678,6.5,26,2.4,19740,-11.6,1.84,0.0,0.0,осень,нет,да
2018-11-22,14,692,6.7,27,3.1,19760,-11.0,1.66,0.0,0.0,осень,нет,да
2018-11-22,15,716,6.9,31,2.9,19820,-9.1,1.21,0.0,0.0,осень,нет,да
2018-11-22,16,759,5.9,34,2.9,19850,-8.7,0.55,0.0,0.0,осень,нет,да
2018-11-22,17,1101,4.9,41,3.3,19850,-7.2,0.25,0.0,0.0,осень,нет,да
2018-11-22,18,1591,4.1,46,2.7,20000,-6.5,0.01,0.0,0.0,осень,нет,да
2018-11-22,19,1032,3.6,48,2.6,20000,-6.4,0.0,0.0,0.0,осень,нет,да
2018-11-22,20,777,3.1,42,2.4,20000,-8.5,0.0,0.0,0.0,осень,нет,да
2018-11-22,21,759,2.2,28,3.2,20000,-14.4,0.0,0.0,0.0,осень,нет,да
2018-11-22,22,691,1.1,33,2.5,20000,-13.4,0.0,0.0,0.0,осень,нет,да
2018-11-22,23,488,0.4,37,2.9,20000,-12.6,0.0,0.0,0.0,осень,нет,да
2018-11-23,0,470,-0.3,41,3.1,20000,-11.9,0.0,0.0,0.0,осень,нет,да
2018-11-23,1,401,-0.6,44,2.3,20000,-11.3,0.0,0.0,0.0,осень,нет,да
2018-11-23,2,279,-1.0,43,3.1,20000,-12.0,0.0,0.0,0.0,осень,нет,да
2018-11-23,3,191,-1.2,45,1.1,20000,-11.6,0.0,0.0,0.0,осень,нет,да
2018-11-23,4,109,-2.0,42,0.7,20000,-13.2,0.0,0.0,0.0,осень,нет,да
2018-11-23,5,129,-2.4,37,0.5,20000,-15.1,0.0,0.0,0.0,осень,нет,да
2018-11-23,6,339,-2.6,40,1.4,20000,-14.3,0.0,0.0,0.0,осень,нет,да
2018-11-23,7,727,-2.8,42,1.3,20000,-13.9,0.0,0.0,0.0,осень,нет,да
2018-11-23,8,1516,-3.0,43,1.1,20000,-13.8,0.03,0.0,0.0,осень,нет,да
2018-11-23,9,800,-1.5,33,0.9,19620,-15.7,0.57,0.0,0.0,осень,нет,да
2018-11-23,10,582,1.3,27,0.9,18560,-15.6,1.13,0.0,0.0,осень,нет,да
2018-11-23,11,635,4.3,25,2.0,19580,-14.0,1.56,0.0,0.0,осень,нет,да
2018-11-23,12,664,5.5,20,1.4,19920,-15.7,1.85,0.0,0.0,осень,нет,да
2018-11-23,13,731,6.5,18,2.2,19840,-16.1,1.94,0.0,0.0,осень,нет,да
2018-11-23,14,719,6.3,16,2.9,20000,-17.7,1.67,0.0,0.0,осень,нет,да
2018-11-23,15,752,6.4,16,2.0,20000,-17.6,1.01,0.0,0.0,осень,нет,да
2018-11-23,16,891,6.3,17,1.5,20000,-17.0,0.73,0.0,0.0,осень,нет,да
2018-11-23,17,1101,5.4,19,0.5,20000,-16.4,0.27,0.0,0.0,осень,нет,да
2018-11-23,18,1548,3.9,23,1.0,20000,-15.4,0.0,0.0,0.0,осень,нет,да
2018-11-23,19,1007,2.9,26,1.1,20000,-14.7,0.0,0.0,0.0,осень,нет,да
2018-11-23,20,767,2.7,27,1.2,20000,-14.4,0.0,0.0,0.0,осень,нет,да
2018-11-23,21,679,2.2,28,0.8,20000,-14.4,0.0,0.0,0.0,осень,нет,да
2018-11-23,22,729,2.0,30,1.3,19950,-13.8,0.0,0.0,0.0,осень,нет,да
2018-11-23,23,548,2.1,32,1.5,19980,-12.9,0.0,0.0,0.0,осень,нет,да
2018-11-24,0,499,2.4,32,1.7,20000,-12.6,0.0,0.0,0.0,осень,нет,да
2018-11-24,1,507,2.4,30,1.3,20000,-13.4,0.0,0.0,0.0,осень,нет,да
2018-11-24,2,335,2.5,29,1.8,20000,-13.7,0.0,0.0,0.0,осень,нет,да
2018-11-24,3,272,2.8,28,1.6,20000,-13.9,0.0,0.0,0.0,осень,нет,да
2018-11-24,4,151,3.0,26,1.6,20000,-14.6,0.0,0.0,0.0,осень,нет,да
2018-11-24,5,95,3.2,27,1.6,20000,-14.0,0.0,0.0,0.0,осень,нет,да
2018-11-24,6,79,3.7,25,2.3,20000,-14.5,0.0,0.0,0.0,осень,нет,да
2018-11-24,7,30,1.2,87,1.9,770,-0.7,0.0,0.0,1.3,осень,нет,да
2018-11-24,8,33,0.4,96,3.1,330,-0.1,0.0,0.0,4.0,осень,нет,да
2018-11-24,9,24,0.3,97,3.0,340,-0.1,0.0,9.1,7.1,осень,нет,да
2018-11-24,10,62,0.4,97,1.8,2070,0.0,0.0,0.0,8.8,осень,нет,да
2018-11-24,11,114,1.2,97,2.3,9750,0.7,0.07,0.0,8.8,осень,нет,да
2018-11-24,12,167,2.5,84,1.9,15380,0.0,0.4,1.8,7.0,осень,нет,да
2018-11-24,13,241,2.6,83,1.9,17740,0.0,0.84,0.0,6.0,осень,нет,да
2018-11-24,14,298,3.0,82,1.7,15890,0.2,0.55,0.0,5.0,осень,нет,да
2018-11-24,15,330,3.7,78,2.0,13140,0.2,0.81,0.0,4.1,осень,нет,да
2018-11-24,16,436,3.5,82,1.6,10920,0.7,0.51,0.0,3.6,осень,нет,да
2018-11-24,17,435,2.9,85,1.6,10000,0.6,0.2,0.0,3.5,осень,нет,да
2018-11-24,18,426,2.6,86,1.1,8340,0.4,0.0,0.0,3.5,осень,нет,да
2018-11-24,19,420,2.6,85,1.2,7970,0.3,0.0,0.0,3.3,осень,нет,да
2018-11-24,20,349,2.6,86,1.7,6760,0.4,0.0,0.0,3.3,осень,нет,да
2018-11-24,21,392,2.6,85,1.1,6740,0.3,0.0,0.0,3.2,осень,нет,да
2018-11-24,22,396,2.7,85,1.1,5800,0.4,0.0,0.0,3.2,осень,нет,да
2018-11-24,23,386,2.8,86,1.2,4760,0.6,0.0,0.0,3.0,осень,нет,да
2018-11-25,0,420,2.7,86,1.2,4220,0.5,0.0,0.0,3.0,осень,нет,да
2018-11-25,1,370,2.7,86,1.0,4600,0.5,0.0,0.0,2.9,осень,нет,да
2018-11-25,2,285,2.8,86,0.8,4020,0.6,0.0,0.0,2.9,осень,нет,да
2018-11-25,3,184,2.6,88,0.9,3190,0.8,0.0,0.0,2.8,осень,нет,да
2018-11-25,4,138,2.4,89,0.7,3210,0.7,0.0,0.0,2.6,осень,нет,да
2018-11-25,5,88,2.1,94,0.4,2480,1.2,0.0,0.0,2.5,осень,нет,да
2018-11-25,6,75,1.7,95,0.7,2200,0.9,0.0,0.0,2.5,осень,нет,да
2018-11-25,7,142,1.3,96,0.9,1980,0.7,0.0,0.0,2.5,осень,нет,да
2018-11-25,8,250,1.4,96,1.0,2120,0.8,0.04,0.0,2.5,осень,нет,да
2018-11-25,9,355,2.3,88,1.1,2860,0.5,0.41,0.0,2.5,осень,нет,да
2018-11-25,10,430,4.0,76,1.3,4040,0.1,0.93,0.0,2.4,осень,нет,да
2018-11-25,11,522,6.0,66,0.9,5730,0.1,1.37,0.0,2.3,осень,нет,да
2018-11-25,12,700,6.9,59,0.9,6690,-0.5,1.31,0.0,2.2,осень,нет,да
2018-11-25,13,675,8.8,53,1.5,7780,-0.2,1.43,0.0,1.8,осень,нет,да
2018-11-25,14,777,9.2,52,1.3,7650,-0.1,1.01,0.0,1.3,осень,нет,да
2018-11-25,15,846,9.5,54,1.3,6750,0.6,0.76,0.0,1.1,осень,нет,да
2018-11-25,16,872,9.5,56,1.1,6780,1.1,0.54,0.0,0.8,осень,нет,да
2018-11-25,17,813,9.0,59,0.7,6770,1.4,0.1,0.0,0.4,осень,нет,да
2018-11-25,18,663,7.3,72,0.7,5300,2.5,0.0,0.0,0.4,осень,нет,да
2018-11-25,19,616,6.3,73,1.1,5240,1.8,0.0,0.0,0.4,осень,нет,да
2018-11-25,20,570,5.5,77,0.7,4900,1.7,0.0,0.0,0.4,осень,нет,да
2018-11-25,21,546,4.7,81,1.0,4370,1.7,0.0,0.0,0.4,осень,нет,да
2018-11-25,22,496,4.2,82,0.9,4050,1.3,0.0,0.0,0.4,осень,нет,да
2018-11-25,23,379,3.8,83,1.1,3900,1.1,0.0,0.0,0.4,осень,нет,да
2018-11-26,0,387,3.3,85,1.1,3510,1.0,0.0,0.0,0.3,осень,нет,да
2018-11-26,1,214,3.1,84,1.0,3650,0.6,0.0,0.0,0.3,осень,нет,да
2018-11-26,2,175,2.8,87,1.1,3210,0.8,0.0,0.0,0.3,осень,нет,да
2018-11-26,3,119,2.4,90,1.0,2690,0.9,0.0,0.0,0.3,осень,нет,да
2018-11-26,4,99,2.2,93,1.1,2650,1.1,0.0,0.0,0.3,осень,нет,да
2018-11-26,5,115,2.1,88,1.4,3230,0.3,0.0,0.0,0.3,осень,нет,да
2018-11-26,6,339,1.8,88,1.1,3130,0.0,0.0,0.0,0.3,осень,нет,да
2018-11-26,7,819,1.7,89,1.3,2950,0.0,0.0,0.0,0.3,осень,нет,да
2018-11-26,8,1524,2.0,84,1.1,3960,-0.4,0.03,0.0,0.3,осень,нет,да
2018-11-26,9,795,3.1,77,0.9,4570,-0.5,0.4,0.0,0.2,осень,нет,да
2018-11-26,10,586,5.1,70,1.2,4980,0.0,0.93,0.0,0.0,осень,нет,да
2018-11-26,11,643,7.2,66,1.5,5420,1.2,1.41,0.0,0.0,осень,нет,да
2018-11-26,12,752,9.1,57,1.1,5620,1.0,1.69,0.0,0.0,осень,нет,да
2018-11-26,13,718,11.7,50,1.4,6090,1.6,1.74,0.0,0.0,осень,нет,да
2018-11-26,14,796,12.8,47,1.2,6480,1.7,1.59,0.0,0.0,осень,нет,да
2018-11-26,15,794,13.2,43,1.1,7140,0.8,1.26,0.0,0.0,осень,нет,да
2018-11-26,16,935,13.2,44,1.6,7100,1.1,0.76,0.0,0.0,осень,нет,да
2018-11-26,17,1156,11.4,48,0.4,7060,0.7,0.24,0.0,0.0,осень,нет,да
2018-11-26,18,1708,9.5,56,0.5,6280,1.1,0.0,0.0,0.0,осень,нет,да
2018-11-26,19,1181,8.4,61,0.3,5730,1.3,0.0,0.0,0.0,осень,нет,да
2018-11-26,20,943,7.3,66,0.5,5160,1.3,0.0,0.0,0.0,осень,нет,да
2018-11-26,21,955,6.7,71,0.9,4610,1.8,0.0,0.0,0.0,осень,нет,да
2018-11-26,22,846,6.2,70,0.4,4740,1.1,0.0,0.0,0.0,осень,нет,да
2018-11-26,23,563,5.4,78,1.5,4040,1.8,0.0,0.0,0.0,осень,нет,да
2018-11-27,0,496,4.9,79,0.5,3910,1.5,0.0,0.0,0.0,осень,нет,да
2018-11-27,1,408,4.5,82,0.4,3500,1.6,0.0,0.0,0.0,осень,нет,да
2018-11-27,2,299,3.9,85,0.8,2990,1.6,0.0,0.0,0.0,осень,нет,да
2018-11-27,3,183,3.5,86,1.4,2810,1.3,0.0,0.0,0.0,осень,нет,да
2018-11-27,4,95,3.1,88,1.0,2700,1.2,0.0,0.0,0.0,осень,нет,да
2018-11-27,5,140,3.6,84,0.6,3150,1.1,0.0,0.0,0.0,осень,нет,да
2018-11-27,6,317,3.8,83,0.7,3370,1.1,0.0,0.0,0.0,осень,нет,да
2018-11-27,7,815,3.6,83,0.9,3500,0.9,0.0,0.0,0.0,осень,нет,да
2018-11-27,8,1577,4.2,78,1.2,3620,0.6,0.02,0.0,0.0,осень,нет,да
2018-11-27,9,800,5.0,75,0.3,3900,0.9,0.12,0.0,0.0,осень,нет,да
2018-11-27,10,616,6.4,71,1.0,3850,1.5,0.37,0.0,0.0,осень,нет,да
2018-11-27,11,623,7.9,64,1.2,3830,1.4,0.87,0.0,0.0,осень,нет,да
2018-11-27,12,672,9.3,61,1.5,3900,2.1,0.85,0.0,0.0,осень,нет,да
2018-11-27,13,671,11.0,60,0.9,4110,3.5,0.85,0.0,0.0,осень,нет,да
2018-11-27,14,600,11.6,70,1.5,3880,6.3,0.45,0.0,0.0,осень,нет,да
2018-11-27,15,666,12.5,70,2.1,3600,7.1,0.68,0.0,0.0,осень,нет,да
2018-11-27,16,775,12.0,74,2.1,3160,7.5,0.29,0.0,0.0,осень,нет,да
2018-11-27,17,1033,11.1,72,2.3,2770,6.2,0.12,0.0,0.0,осень,нет,да
2018-11-27,18,1538,10.2,74,1.2,2890,5.7,0.0,0.0,0.0,осень,нет,да
2018-11-27,19,1023,9.3,52,2.7,4820,0.0,0.0,0.0,0.0,осень,нет,да
2018-11-27,20,825,8.3,39,1.6,5600,-4.8,0.0,0.0,0.0,осень,нет,да
2018-11-27,21,777,7.5,35,1.8,6560,-7.0,0.0,0.0,0.0,осень,нет,да
2018-11-27,22,740,6.6,33,2.1,7220,-8.5,0.0,0.0,0.0,осень,нет,да
2018-11-27,23,593,5.8,34,2.6,7630,-8.8,0.0,0.0,0.0,осень,нет,да
2018-11-28,0,450,5.1,36,2.2,7740,-8.7,0.0,0.0,0.0,осень,нет,да
2018-11-28,1,434,4.9,26,2.6,9920,-13.0,0.0,0.0,0.0,осень,нет,да
2018-11-28,2,275,4.1,34,1.3,9280,-10.3,0.0,0.0,0.0,осень,нет,да
2018-11-28,3,167,3.5,38,1.6,9070,-9.5,0.0,0.0,0.0,осень,нет,да
2018-11-28,4,128,3.9,26,2.4,10710,-13.9,0.0,0.0,0.0,осень,нет,да
2018-11-28,5,140,3.0,34,1.1,10320,-11.3,0.0,0.0,0.0,осень,нет,да
2018-11-28,6,287,2.6,33,1.5,11850,-12.0,0.0,0.0,0.0,осень,нет,да
2018-11-28,7,796,2.5,24,0.2,13060,-16.0,0.0,0.0,0.0,осень,нет,да
2018-11-28,8,1540,2.1,29,1.1,13370,-14.1,0.02,0.0,0.0,осень,нет,да
2018-11-28,9,798,3.0,30,1.3,12420,-12.9,0.3,0.0,0.0,осень,нет,да
2018-11-28,10,583,4.4,23,1.6,12010,-14.9,0.7,0.0,0.0,осень,нет,да
2018-11-28,11,608,5.7,15,1.1,14190,-19.0,0.98,0.0,0.0,осень,нет,да
2018-11-28,12,635,7.9,14,1.7,16880,-18.0,1.81,0.0,0.0,осень,нет,да
2018-11-28,13,681,9.2,13,1.6,17760,-17.8,1.86,0.0,0.0,осень,нет,да
2018-11-28,14,675,10.3,14,1.1,18800,-16.1,1.7,0.0,0.0,осень,нет,да
2018-11-28,15,798,10.5,16,2.7,15090,-14.3,1.29,0.0,0.0,осень,нет,да
2018-11-28,16,808,9.6,17,3.0,17060,-14.3,0.77,0.0,0.0,осень,нет,да
2018-11-28,17,1099,7.6,23,2.9,16780,-12.2,0.25,0.0,0.0,осень,нет,да
2018-11-28,18,1536,6.3,25,2.0,16530,-12.3,0.0,0.0,0.0,осень,нет,да
2018-11-28,19,1039,6.0,24,3.0,18610,-13.0,0.0,0.0,0.0,осень,нет,да
2018-11-28,20,842,4.8,29,0.6,17560,-11.7,0.0,0.0,0.0,осень,нет,да
2018-11-28,21,846,4.2,31,1.1,17410,-11.4,0.0,0.0,0.0,осень,нет,да
2018-11-28,22,804,3.2,34,1.3,17870,-11.1,0.0,0.0,0.0,осень,нет,да
2018-11-28,23,555,2.9,31,1.7,18690,-12.6,0.0,0.0,0.0,осень,нет,да
2018-11-29,0,517,2.2,30,0.7,18790,-13.6,0.0,0.0,0.0,осень,нет,да
2018-11-29,1,485,1.9,32,1.4,19990,-13.0,0.0,0.0,0.0,осень,нет,да
2018-11-29,2,319,2.1,28,0.4,19810,-14.5,0.0,0.0,0.0,осень,нет,да
2018-11-29,3,195,1.9,33,0.9,19940,-12.7,0.0,0.0,0.0,осень,нет,да
2018-11-29,4,107,2.1,33,0.5,19810,-12.5,0.0,0.0,0.0,осень,нет,да
2018-11-29,5,126,1.8,34,0.9,19900,-12.4,0.0,0.0,0.0,осень,нет,да
2018-11-29,6,328,1.1,39,1.3,18570,-11.3,0.0,0.0,0.0,осень,нет,да
2018-11-29,7,800,0.8,41,0.6,12980,-10.9,0.0,0.0,0.0,осень,нет,да
2018-11-29,8,1635,0.8,44,1.7,14390,-10.0,0.02,0.0,0.0,осень,нет,да
2018-11-29,9,825,1.8,37,0.9,13100,-11.3,0.31,0.0,0.0,осень,нет,да
2018-11-29,10,595,3.9,28,0.6,16270,-12.9,0.49,0.0,0.0,осень,нет,да
2018-11-29,11,623,5.2,26,0.5,14710,-12.7,0.64,0.0,0.0,осень,нет,да
2018-11-29,12,661,5.6,27,0.3,15220,-11.9,0.34,0.0,0.0,осень,нет,да
2018-11-29,13,645,5.3,26,2.1,16040,-12.7,0.21,0.0,0.0,осень,нет,да
2018-11-29,14,668,6.0,27,0.6,14520,-11.6,0.34,0.0,0.0,осень,нет,да
2018-11-29,15,652,6.5,32,2.6,13210,-9.0,0.35,0.0,0.0,осень,нет,да
2018-11-29,16,748,5.8,39,2.6,14890,-7.1,0.1,0.0,0.0,осень,нет,да
2018-11-29,17,996,5.8,38,1.3,16740,-7.4,0.01,0.0,0.0,осень,нет,да
2018-11-29,18,1577,0.0,46,0.9,15660,-4.8,0.0,0.0,0.0,осень,нет,да
2018-11-29,19,1026,5.2,48,1.9,15900,-4.9,0.0,0.0,0.0,осень,нет,да
2018-11-29,20,818,4.1,54,1.3,14340,-4.3,0.0,0.0,0.0,осень,нет,да
2018-11-29,21,792,3.8,55,2.1,12310,-4.4,0.0,0.0,0.0,осень,нет,да
2018-11-29,22,726,3.0,59,1.1,12180,-4.2,0.0,0.0,0.0,осень,нет,да
2018-11-29,23,559,2.6,56,1.9,13940,-5.3,0.0,0.0,0.0,осень,нет,да
2018-11-30,0,474,1.8,62,1.6,14110,-4.7,0.0,0.0,0.0,осень,нет,да
2018-11-30,1,456,1.3,63,2.0,13790,-4.9,0.0,0.0,0.0,осень,нет,да
2018-11-30,2,300,0.6,66,0.5,13680,-5.0,0.0,0.0,0.0,осень,нет,да
2018-11-30,3,213,-0.1,69,0.9,13380,-5.1,0.0,0.0,0.0,осень,нет,да
2018-11-30,4,116,-0.5,71,0.4,13450,-5.1,0.0,0.0,0.0,осень,нет,да
2018-11-30,5,149,-0.7,66,0.5,13360,-6.2,0.0,0.0,0.0,осень,нет,да
2018-11-30,6,293,-0.8,68,0.8,13220,-5.9,0.0,0.0,0.0,осень,нет,да
2018-11-30,7,750,-1.2,70,0.8,13510,-5.9,0.0,0.0,0.0,осень,нет,да
2018-11-30,8,1527,-1.5,68,1.1,12860,-6.6,0.02,0.0,0.0,осень,нет,да
2018-11-30,9,809,-0.4,57,0.6,12700,-7.8,0.45,0.0,0.0,осень,нет,да
2018-11-30,10,554,1.9,51,0.8,10290,-7.1,1.01,0.0,0.0,осень,нет,да
2018-11-30,11,642,5.3,43,1.8,11770,-6.2,1.38,0.0,0.0,осень,нет,да
2018-11-30,12,720,6.6,35,1.3,14090,-7.8,1.7,0.0,0.0,осень,нет,да
2018-11-30,13,740,7.1,24,2.8,18380,-12.1,1.83,0.0,0.0,осень,нет,да
2018-11-30,14,761,7.8,20,2.2,20000,-13.8,1.67,0.0,0.0,осень,нет,да
2018-11-30,15,768,7.0,20,3.3,19940,-14.4,1.21,0.0,0.0,осень,нет,да
2018-11-30,16,837,7.2,23,1.5,19450,-12.6,0.72,0.0,0.0,осень,нет,да
2018-11-30,17,1047,6.0,29,2.1,18770,-10.7,0.23,0.0,0.0,осень,нет,да
2018-11-30,18,1384,4.7,34,1.9,16610,-9.8,0.0,0.0,0.0,осень,нет,да
2018-11-30,19,1003,4.2,34,2.6,18940,-10.3,0.0,0.0,0.0,осень,нет,да
2018-11-30,20,764,3.4,37,2.3,20000,-9.9,0.0,0.0,0.0,осень,нет,да
2018-11-30,21,694,2.6,39,0.3,19680,-9.9,0.0,0.0,0.0,осень,нет,да
2018-11-30,22,712,2.1,41,1.0,18590,-9.8,0.0,0.0,0.0,осень,нет,да
2018-11-30,23,584,1.9,43,1.3,19090,-9.3,0.0,0.0,0.0,осень,нет,да
